test_year,match_id,date,stage,team_a,team_b,actual_score,lambda_a,lambda_b,predicted_result,actual_result,correct_result,team_a_win_prob,draw_prob,team_b_win_prob,actual_result_probability,result_log_loss,result_brier,goal_mae,goal_diff_abs_error,exact_score_probability,exact_score_log_loss,top_1_scoreline,top_1_probability,top_2_scoreline,top_2_probability,top_3_scoreline,top_3_probability,actual_is_top_1,actual_is_top_2,actual_is_top_3,actual_in_top_3
2014,ea39290a-6974-54eb-8abd-3905c9a67093,2014-06-12,group stage,Brazil,Croatia,3-1,2.6118737241745498,0.9709157962663576,team_a_win,team_a_win,1,0.6753902569667847,0.21254865739810672,0.11206108563510866,0.6753902569667847,0.39246459670951256,0.163106103947547,0.20860523977954631,0.3590420720918077,0.0752639051010317,2.5867546070281002,1-1,0.09571288900638038,2-0,0.08903776698755074,2-1,0.08644817443249624,False,False,False,False
2014,8766ca20-1927-56ba-9f69-e72e30bda84c,2014-06-13,group stage,Spain,Netherlands,1-5,1.490431986335154,1.0261740923101286,team_a_win,team_b_win,0,0.47604087192036815,0.2582536737393162,0.26570545434031567,0.26570545434031567,1.325366898236194,0.8324983515241198,2.2321289470125127,4.4642578940250255,0.0012093297840582312,6.7176889703038976,1-1,0.12298991814621975,1-0,0.11203852266584093,2-1,0.09334097718896464,False,False,False,False
2014,e0e2c365-da56-5cbd-bc7a-3135b3afff43,2014-06-13,group stage,Chile,Australia,3-1,2.316278554981754,1.0006276766856934,team_a_win,team_a_win,1,0.6021173096308192,0.23668192211920422,0.16120076824997656,0.6021173096308192,0.507302986160948,0.2403146552378411,0.34217456085196973,0.6843491217039395,0.06843764204312894,2.6818322834574317,1-1,0.10905776205052817,2-1,0.08863913439418088,2-0,0.08858353257604654,False,False,False,False
2014,1ab37b68-5b40-543b-a3b4-ba009ef4af93,2014-06-13,group stage,Mexico,Cameroon,1-0,1.7079568689449136,0.790769113820085,team_a_win,team_a_win,1,0.5874785199322148,0.23667622284972503,0.17584525721806024,0.5874785199322148,0.5319155954497293,0.2571111604658146,0.7493629913824993,0.08281224487517136,0.1323886413911035,2.0220134292568157,1-0,0.1323886413911035,2-0,0.12069221904504869,1-1,0.11146209027686685,True,False,False,True
2014,17e7174e-7e70-5e07-8ba5-386efdf1c0d0,2014-06-14,group stage,Uruguay,Costa Rica,1-3,1.7531802893980502,0.7360612632559487,team_a_win,team_b_win,0,0.5584692493391508,0.2967601417026313,0.14477060895821803,0.14477060895821803,1.9326047964409878,1.1313717954624976,1.5085595130710505,3.0171190261421015,0.00970231762135526,4.635390491975411,1-1,0.13888182689567427,1-0,0.12561570700957114,2-0,0.1170032134306095,False,False,False,False
2014,a5e09d37-e7aa-52d8-a5bb-ede119622a80,2014-06-14,group stage,England,Italy,1-2,1.4738916192439706,1.1289476283413735,team_a_win,team_b_win,0,0.4316817894892834,0.2800086768998857,0.288309533610831,0.288309533610831,1.2437206065153594,0.7712573464651274,0.6724719954512985,1.344943990902597,0.07157118736163406,2.6370626971549944,1-1,0.13366559478637657,1-0,0.09721236210246327,2-1,0.08890786849194793,False,False,False,False
2014,4ceab03b-b365-529c-819d-0a100ccf024f,2014-06-14,group stage,Colombia,Greece,3-0,1.4243235902745779,0.9747211950382395,team_a_win,team_a_win,1,0.43309191938252223,0.3162677824657821,0.2506402981516958,0.43309191938252223,0.8368052885608201,0.4842306411527869,1.2751988023818308,2.5503976047636616,0.040816451977449736,3.1986700441078857,1-1,0.149429028808589,1-0,0.11130395415306206,0-0,0.11072910572241089,False,False,False,False
2014,0b728e02-1e2c-5991-ab56-364283c4f77c,2014-06-14,group stage,Côte d'Ivoire,Japan,2-1,1.9072638935987185,1.252698546513253,team_a_win,team_a_win,1,0.482225698553986,0.26808815295003907,0.24968614849597492,0.482225698553986,0.7293430202669702,0.40230465774082536,0.17271732645726723,0.34543465291453446,0.0898647059786963,2.4094500065945827,1-1,0.12265749337668791,2-1,0.0898647059786963,2-0,0.07173689650141665,False,True,False,True
2014,ba3313cd-5030-5617-809a-44af6cf537d4,2014-06-15,group stage,France,Honduras,3-0,1.5445349127188925,0.8111028586817493,team_a_win,team_a_win,1,0.5321908646596024,0.26950860201031746,0.19830053333008021,0.5321908646596024,0.6307530858252518,0.3308033751844804,1.1332839729814284,2.2665679459628567,0.057682070714398036,2.8528088866082597,1-0,0.13566260678868794,1-1,0.1255362497508511,2-0,0.11203774723264466,False,False,False,False
2014,89e0bb8c-f20a-5bde-a61e-e3653c54060e,2014-06-15,group stage,Argentina,Bosnia and Herzegovina,2-1,2.0024416807893903,0.6015013164080276,team_a_win,team_a_win,1,0.6872049910046393,0.20399779366440582,0.10879721533095499,0.6872049910046393,0.3751226455261267,0.15129265153612348,0.20047018219068136,0.4009403643813627,0.08783639130999052,2.432279384601365,2-0,0.14602859364385298,1-0,0.138832190392938,3-0,0.09747124749983598,False,False,False,False
2014,fe1fb110-c66b-503a-8d8c-f6f047a58a8f,2014-06-15,group stage,Switzerland,Ecuador,2-1,1.181902781361357,1.037161726702303,team_a_win,team_a_win,1,0.3738196764694157,0.31626967201648404,0.3099106515141003,0.3738196764694157,0.9839817463160552,0.5881729149361757,0.427629472670473,0.855258945340946,0.07722703843131534,2.5610056445230716,1-1,0.14676503298352916,0-0,0.12173039395550393,1-0,0.11554556789938084,False,False,False,False
2014,cf1369b9-0764-5a3e-b1bd-5379f8beb6c8,2014-06-16,group stage,Ghana,United States,1-2,1.2762354079061478,1.4473446613796996,team_b_win,team_b_win,1,0.3283973608677123,0.2844123346185727,0.38719030451371506,0.38719030451371506,0.9488389638887916,0.5642709255900586,0.41444537326322406,0.8288907465264481,0.08458687991911307,2.4699761080951066,1-1,0.1353310844979855,1-2,0.08458687991911307,0-1,0.08223539534139838,False,True,False,True
2014,846e6695-a71c-5900-9832-2035a36e2125,2014-06-16,group stage,Germany,Portugal,4-0,1.9014264013985853,0.8491106084952431,team_a_win,team_a_win,1,0.606251328847121,0.22636350726262314,0.16738516389025587,0.606251328847121,0.5004606448200695,0.23429624654546155,1.473842103548329,2.947684207096658,0.03440772888235176,3.3694740630262885,2-0,0.11420318443668057,1-0,0.11196383254598243,1-1,0.10801995324933593,False,False,False,False
2014,2ccbc616-28d1-5197-892e-3935752476a0,2014-06-16,group stage,IR Iran,Nigeria,0-0,1.3601782465518637,1.043496895302816,team_a_win,draw,0,0.41767844663080633,0.3098087067960203,0.2725128465731733,0.3098087067960203,1.1718002468235387,0.7250825575419192,1.20183757092734,0.3166813512490476,0.10657748093458987,2.2388830378348388,1-1,0.14671263153470826,1-0,0.1094144683559674,0-0,0.10657748093458987,False,False,True,True
2014,78fac7b9-8497-5dfd-9a3d-114e23fad791,2014-06-17,group stage,Brazil,Mexico,0-0,2.751823569928093,1.193192065115842,team_a_win,draw,0,0.6184841564639006,0.24746968399454036,0.1340461595415589,0.24746968399454036,1.3964671933867194,0.9667929011919807,1.9725078175219677,1.558631504812251,0.035841316234851865,3.3286539662469785,1-1,0.10065760929758229,2-1,0.07773457887075123,2-2,0.0765057024847222,False,False,False,False
2014,f3f972a2-25c4-5b46-9dcb-e880cd81be40,2014-06-17,group stage,Belgium,Algeria,2-1,1.5661181441927918,0.9298247624104246,team_a_win,team_a_win,1,0.498936683111278,0.2797697936636272,0.2212935232250948,0.498936683111278,0.695276078834074,0.3783064083994919,0.2520285466983918,0.3637066182176327,0.09148559776176941,2.391573720600296,1-1,0.13279299032886654,1-0,0.11630195643258891,2-0,0.09839014990804008,False,False,False,False
2014,ada919ed-d3f6-52e6-a086-327b9e9252b5,2014-06-17,group stage,Russia,Korea Republic,1-1,1.3728021388908749,1.090643752055993,team_a_win,draw,0,0.37630962627300185,0.35942578433198114,0.264264589395017,0.35942578433198114,1.0232475644904793,0.6217800338125408,0.23172294547343397,0.2821583868348818,0.17095410300674002,1.7663601619754916,1-1,0.17095410300674002,0-0,0.11838515487632685,1-0,0.09497358466793772,True,False,False,True
2014,1f4e3626-a4b9-5a11-b971-a539e0694b2a,2014-06-18,group stage,Spain,Chile,0-2,1.7008766916383227,1.0077936414174875,team_a_win,team_b_win,0,0.5492233908831896,0.2164540095176915,0.23432259959911886,0.23432259959911886,1.4510564822978473,0.934760552814165,1.3465415251104176,2.693083050220835,0.03697177978569341,3.2976003658427895,1-0,0.10855221238430754,1-1,0.10330519224191498,2-1,0.10119515603209384,False,False,False,False
2014,9741df97-b609-5ecc-a4fd-e45d5858fdc0,2014-06-18,group stage,Cameroon,Croatia,0-4,1.1243058718974668,1.2145940714853785,team_b_win,team_b_win,1,0.32764173485388093,0.3062958380305315,0.3660624271155876,0.3660624271155876,1.0049513942358945,0.603043093127466,1.9548559002060442,3.9097118004120883,0.008620309930714774,4.753634240113594,1-1,0.14444398079816342,0-0,0.10863954462698965,0-1,0.10507721279386521,False,False,False,False
2014,833d5564-65e8-5ac9-aac5-c0437280bf09,2014-06-18,group stage,Australia,Netherlands,2-3,0.8678080237346161,2.320692067799916,team_b_win,team_b_win,1,0.13978351562099023,0.17769196170935012,0.6825245226696598,0.6825245226696598,0.3819568219169965,0.15190454320160812,0.9057499542327339,0.4528840440652999,0.031875519432431276,3.445916979716911,0-2,0.10943183471605526,1-2,0.09496582421859306,0-1,0.08776224143783966,False,False,False,False
2014,c3b5ee11-53a2-5502-ad2e-f9318746cf72,2014-06-19,group stage,Uruguay,England,2-1,1.487152191431319,1.3948371652972449,team_a_win,team_a_win,1,0.3813348736705548,0.2785486136263862,0.3401165127030589,0.3813348736705548,0.9640773563728012,0.5760151109027002,0.4538424869329629,0.9076849738659258,0.08510503789007284,2.463869045506709,1-1,0.13096477939369466,2-1,0.08510503789007284,1-2,0.07969996736990781,False,True,False,True
2014,3b9c72b7-a908-5f33-ac76-fe6c863f08b4,2014-06-19,group stage,Colombia,Côte d'Ivoire,2-1,1.5249227865276536,1.060465327119721,team_a_win,team_a_win,1,0.44143620918098403,0.3061808982277183,0.25238289259129776,0.44143620918098403,0.8177217559435994,0.4694373753263924,0.26777127029603376,0.5355425405920675,0.08724809025871672,2.4389996062913935,1-1,0.14611334070129348,1-0,0.09875064564934749,0-0,0.09448396695671253,False,False,False,False
2014,711cad08-9fbc-5372-9fcc-b7e4ed6014fe,2014-06-19,group stage,Japan,Greece,0-0,1.450026067531345,1.2695132767016066,team_a_win,draw,0,0.4108152811988613,0.2636342462273246,0.32555047257381403,0.2636342462273246,1.3331925673897227,0.8169868287887334,1.3597696721164758,0.18051279082973837,0.07240568307322534,2.625470487184538,1-1,0.12547155293960732,2-1,0.08949613093372354,1-0,0.08735942462853646,False,False,False,False
2014,7c946968-bd3a-5b2f-8939-66e6a3999f2c,2014-06-20,group stage,Honduras,Ecuador,1-2,1.2655225723471297,1.3820093891412062,team_b_win,team_b_win,1,0.32352171273639324,0.3104016213828773,0.36607666588072946,0.36607666588072946,1.004912497896989,0.6028742587099007,0.44175659160296177,0.8835131832059235,0.0810016527727887,2.51328571991554,1-1,0.14807489387255296,0-0,0.08936142049814387,0-1,0.08325030813983149,False,False,False,False
2014,d2fb32e5-1cc7-5b36-8002-dda815d01cb9,2014-06-20,group stage,Italy,Costa Rica,0-1,1.6243350684042763,1.024254774007264,team_a_win,team_b_win,0,0.5102189021261436,0.2466793843909034,0.24310171348295284,0.24310171348295284,1.4142753492153282,0.8940690629027244,0.8242949212057702,1.6000802943970123,0.06679180952964708,2.7061748177886127,1-1,0.11775541252421529,1-0,0.10676511981948263,2-1,0.09674134668683024,False,False,False,False
2014,f5dea035-97b5-5f99-8a1a-023dca4a27ae,2014-06-20,group stage,Switzerland,France,2-5,1.1579202491577214,1.4053445120482269,team_b_win,team_b_win,1,0.29501031484127577,0.30314151413585055,0.4018481710228738,0.4018481710228738,0.9116809457263919,0.536711473964006,2.218367619397026,2.7525757371094945,0.002277698555627054,6.084589751235264,1-1,0.14467908090488174,0-1,0.09484221016345018,0-0,0.09303984505702319,False,False,False,False
2014,a57034f7-475b-5b94-91ab-e47d51393693,2014-06-21,group stage,Argentina,IR Iran,1-0,1.8455811341835444,0.7934345247395846,team_a_win,team_a_win,1,0.5893737642058767,0.25659133760886754,0.15403489818525576,0.5893737642058767,0.5286947223840972,0.25817976991730085,0.8195078294615645,0.05214660944395977,0.11834957486037799,2.1341125352518495,1-1,0.12184610399263375,1-0,0.11834957486037799,2-0,0.11661391158157865,False,True,False,True
2014,20828bb3-f6d0-505c-b71d-eb61ebb69f1f,2014-06-21,group stage,Nigeria,Bosnia and Herzegovina,1-0,1.5982293724928955,1.0680645109111628,team_a_win,team_a_win,1,0.4685530012597197,0.28198810374877326,0.2494588949915071,0.4685530012597197,0.7581060540124376,0.42418294341626417,0.8331469417020292,0.4698351384182673,0.09771771483278414,2.3256724177126897,1-1,0.13459056653968013,1-0,0.09771771483278414,2-1,0.09119481513550445,False,True,False,True
2014,b1b947e1-bf68-55ff-ad0f-b7cb62155955,2014-06-21,group stage,Germany,Ghana,2-2,2.277381720050763,0.7726089605347025,team_a_win,draw,0,0.6906071457285207,0.19258456208239869,0.1168082921890807,0.19258456208239869,1.6472199381661394,1.1425020962430956,0.7523863797580304,1.5047727595160607,0.037411873380646485,3.285767154873849,2-0,0.11996149100926773,1-0,0.09883878858650887,2-1,0.0926833228728634,False,False,False,False
2014,11d2557a-3d92-57a8-a654-d734c6a7e95b,2014-06-22,group stage,Korea Republic,Algeria,2-4,1.5812676899910365,0.7963951574287973,team_a_win,team_b_win,0,0.49697583204370416,0.3310513539682257,0.17197281398807013,0.17197281398807013,1.7604188728700938,1.0422089973745627,1.811168576290083,2.784872532562239,0.0018704191799509384,6.281592712834259,1-1,0.1543355114790832,0-0,0.12490932715553893,1-0,0.12395972549108085,False,False,False,False
2014,334a2944-5664-5d51-a4b6-3571dd25c352,2014-06-22,group stage,Belgium,Russia,1-0,1.072396478390277,1.3927285749598814,team_b_win,team_a_win,0,0.2870221795215661,0.2834124541194532,0.4295653663589808,0.2870221795215661,1.2481957856455568,0.7731863956193145,0.7325625266750793,1.3203320965696044,0.0832097781693814,2.4863904119863265,1-1,0.13477762276915448,0-1,0.10753726163997612,0-0,0.09353847519494743,False,False,False,False
2014,a8f964f0-3ebd-5e8e-a8ae-f696d87114d5,2014-06-22,group stage,United States,Portugal,2-2,1.1392913574954608,1.4456705674956734,team_b_win,draw,0,0.3006907560741674,0.2792704260395182,0.4200388178863145,0.2792704260395182,1.2755746976397657,0.7862986581010445,0.7075190375044329,0.3063792100002125,0.0508241105977977,2.9793844189263465,1-1,0.1333059063557929,0-1,0.09650623460450396,1-2,0.08744482410624076,False,False,False,False
2014,5598d8c1-ad7a-5bfd-b6a1-c6c2f8f41003,2014-06-23,group stage,Cameroon,Brazil,1-4,0.683660363384281,2.698710401264042,team_b_win,team_b_win,1,0.0756541056566688,0.19857102546899164,0.7257748688743396,0.7257748688743396,0.32051541021688745,0.12035341839940296,0.8088146176758384,0.9849499621202389,0.04697759533242576,3.0580844859820577,0-2,0.11321893393940194,0-3,0.10184837154743018,1-1,0.09449251924227933,False,False,False,False
2014,cffd1e8d-c1e6-5a18-ad82-a1901764d01d,2014-06-23,group stage,Australia,Spain,0-3,0.862554354802304,2.4072398860505233,team_b_win,team_b_win,1,0.12770203638397631,0.15770577789128595,0.7145921857247377,0.7145921857247377,0.3360432686265078,0.12263654292629264,0.7276572343758904,1.4553144687517807,0.08907946045309237,2.4182264934917312,0-2,0.11101443728473856,1-2,0.0957559863258785,0-3,0.08907946045309237,False,False,True,True
2014,4c13f03c-2887-5e74-8bd3-88161b5e84e6,2014-06-23,group stage,Croatia,Mexico,1-3,1.1389522062899142,1.3798959292616142,team_b_win,team_b_win,1,0.2939746353448021,0.30491283157074683,0.40111253308445094,0.40111253308445094,0.9135132599118249,0.5380591191111229,0.87952813851415,1.7590562770283,0.038952351362882214,3.2454161397357097,1-1,0.1453899737767209,0-1,0.09794790156262491,0-0,0.09642584057426029,False,False,False,False
2014,ae2e85ef-e783-5edb-a475-6f840e61eb63,2014-06-23,group stage,Netherlands,Chile,2-0,1.5296251879216205,0.9722602685853803,team_a_win,team_a_win,1,0.5073387807096171,0.2389910239587244,0.25367019533165847,0.5073387807096171,0.6785762920136897,0.36418035452512804,0.7213175403318799,1.4426350806637598,0.09871531795020745,2.3155151475206144,1-0,0.11903198266550966,1-1,0.11361949547510851,2-0,0.09871531795020745,False,False,True,True
2014,0ea0812a-3589-5a72-9d06-94d2e0c70503,2014-06-24,group stage,Italy,Uruguay,0-1,1.7429130998206004,1.5485953367805005,team_a_win,team_b_win,0,0.39954322635523987,0.25462330703675995,0.3458334666080002,0.3458334666080002,1.061797930172937,0.6524016716227969,1.1457542183005505,1.1943177630400998,0.050978081313017495,2.976359516815049,1-1,0.11243764325342073,2-1,0.08360004982840129,1-2,0.07994338018072608,False,False,False,False
2014,dd0ca636-f357-595c-a58c-92e5285c64a3,2014-06-24,group stage,Greece,Côte d'Ivoire,2-1,1.1242599387318604,1.300046187346329,team_b_win,team_a_win,0,0.32708998496496117,0.2647970545524714,0.4081129604825675,0.32708998496496117,1.1175199625617989,0.6894815569479665,0.5878931243072343,1.1757862486144686,0.07664984046605289,2.568507754996514,1-1,0.12572381919449122,0-1,0.1081718623468109,1-0,0.09397708116460325,False,False,False,False
2014,3440d7e1-cbf7-5b9f-8c4c-4930661dbcad,2014-06-24,group stage,Japan,Colombia,1-4,1.1973762918931383,1.392493054645898,team_b_win,team_b_win,1,0.3208452366632507,0.2785244449027382,0.4006303184340112,0.4006303184340112,0.9147161760530135,0.5397615474783906,1.4024416186236202,2.8048832372472403,0.01394992492479001,4.2722811524647275,1-1,0.13295749628061151,0-1,0.09363594549842882,1-2,0.08633105356205277,False,False,False,False
2014,a967ff5d-2701-5eda-87c2-782e069ea1ff,2014-06-24,group stage,Costa Rica,England,0-0,0.9072588671403646,1.5358129623842638,team_b_win,draw,0,0.2298598166778801,0.2612671451674907,0.5088730381546291,0.2612671451674907,1.3422118504211311,0.8575135350929005,1.2215359147623142,0.6285540952438992,0.0912097792142945,2.3945931594234735,1-1,0.12349142756131305,0-1,0.12340557874418995,0-2,0.1021802594473547,False,False,False,False
2014,228f2acd-0093-5ac3-b4b3-d41a2761be6d,2014-06-25,group stage,Nigeria,Argentina,2-3,0.9507083663473759,1.900036990877622,team_b_win,team_b_win,1,0.19342775130433026,0.25117711876545173,0.555395129930218,0.555395129930218,0.5880754727286923,0.2981777304557314,1.074627321387501,0.050671375469753865,0.028223602258561156,3.567596691569938,1-1,0.11966943674471177,0-2,0.09860683194310216,0-1,0.09590036948957995,False,False,False,False
2014,4f6b2330-d974-5e41-8d9e-c9595fd3e568,2014-06-25,group stage,Bosnia and Herzegovina,IR Iran,3-1,0.9853089687753108,1.430087756997164,team_b_win,team_a_win,0,0.2690403777366084,0.27266689573188146,0.45829272653151015,0.2690403777366084,1.3128938075345742,0.8186814285991865,1.2223893941109265,2.444778788221853,0.021943632446091436,3.8192782751183803,1-1,0.12903077602239538,0-1,0.11648455579950934,0-0,0.09434584267405081,False,False,False,False
2014,19ff6e30-5221-5f12-ae8c-e34a9e9516c4,2014-06-25,group stage,Ecuador,France,0-0,1.1492176156984326,1.4579057640409696,team_b_win,draw,0,0.29401979475570145,0.29062742331125035,0.41535278193304825,0.29062742331125035,1.2357131644000094,0.7621750257257431,1.3035616898697011,0.308688148342537,0.08694732523950714,2.4424528007078283,1-1,0.1387346163690828,0-1,0.09383132839431264,0-0,0.08694732523950714,False,False,True,True
2014,5d0adb57-9de3-598c-b230-600724f69423,2014-06-25,group stage,Honduras,Switzerland,0-3,1.0004092689828854,1.395499779708364,team_b_win,team_b_win,1,0.2714931917408078,0.27824823387780634,0.4502585743813859,0.4502585743813859,0.7979332515063196,0.45334626785891574,1.3024547446372607,2.6049094892745215,0.04128347804533485,3.1872929063838837,1-1,0.13154498150187838,0-1,0.11701468168067423,0-0,0.0969895754461371,False,False,False,False
2014,b7d89515-876a-5079-804d-6dc94e31865f,2014-06-26,group stage,Korea Republic,Belgium,0-1,1.2924208861371098,1.016185047327451,team_a_win,team_b_win,0,0.37583261448123184,0.36166241894448387,0.26250496657428424,0.26250496657428424,1.3374852768464573,0.8159487837121712,0.6543029667322804,1.2762358388096589,0.08434391765729576,2.4728525809801862,1-1,0.16969034652789977,0-0,0.1322042032919514,1-0,0.10620761245559182,False,False,False,False
2014,365e9b48-e626-5722-94f9-5855209e5a39,2014-06-26,group stage,United States,Germany,0-1,1.2457653939075657,2.176659384857924,team_b_win,team_b_win,1,0.2212153837514837,0.1926957151109261,0.5860889011375902,0.5860889011375902,0.5342837924857622,0.25739028239191497,1.211212389382745,0.06910600904964159,0.06477520403741148,2.736832402598184,1-2,0.09754377946118198,1-1,0.08495730293151386,0-2,0.07830028024395386,False,False,False,False
2014,635e80ff-78f5-537a-9908-0f6204677a54,2014-06-26,group stage,Portugal,Ghana,2-1,1.6240161729724816,0.9580689967398353,team_a_win,team_a_win,1,0.5182913599281075,0.255840564047523,0.22586807602436965,0.5182913599281075,0.6572177239464384,0.3485139958990172,0.20895741514384158,0.3340528237673537,0.095172390355218,2.3520653965250826,1-1,0.12194185489065079,1-0,0.11295937927400107,2-0,0.09933772064337258,False,False,False,False
2014,6042f204-e8df-5fc9-b4e8-58a30a502c4a,2014-06-26,group stage,Algeria,Russia,1-1,0.8568641999721679,1.3623617950892712,team_b_win,draw,0,0.24985865772551183,0.25643839996989803,0.4937029423045901,0.25643839996989803,1.3608667992761736,0.8590557971199292,0.2527487975585517,0.5054975951171033,0.11789153082882282,2.1379903075319153,0-1,0.14298839169799737,1-1,0.11789153082882282,0-2,0.10456908116097144,False,True,False,True
2014,1ef3e05e-44e1-5524-8627-62051920a30f,2014-06-28,round of 16,Colombia,Uruguay,2-0,1.277105690592726,1.4569197625581782,team_b_win,team_a_win,0,0.3527402216472269,0.21712167567171126,0.43013810268106184,0.3527402216472269,1.0420234089814753,0.6511058300978365,1.089907035982726,2.179814071965452,0.05809877507379249,2.8456106984137772,1-1,0.10326215807244365,1-2,0.09375711223531163,0-1,0.09048291921793618,False,False,False,False
2014,d0d6d43e-ecdd-5567-9a17-e06bf3faf5cc,2014-06-28,round of 16,Brazil,Chile,1-1,2.6185854136818185,1.2031013177191485,team_a_win,draw,0,0.6913428046415427,0.15007696866191453,0.1585802266965429,0.15007696866191453,1.896606992076432,1.2254717210276815,0.9108433657004835,1.41548409596267,0.06228006091546855,2.776113953926443,2-1,0.0929852288253749,3-1,0.08116325462999764,2-0,0.07728794529263522,False,False,False,False
2014,d8d31133-15d6-5c7c-b247-059478803d82,2014-06-29,round of 16,Costa Rica,Greece,1-1,1.1880904496816849,1.0487882475803934,team_a_win,draw,0,0.4135153879260523,0.24231827638329487,0.3441663356906528,0.24231827638329487,1.4175032252659416,0.8635270369771458,0.11843934863103911,0.13930220210129152,0.11276892666395419,2.1824144507050756,1-0,0.12635734368111737,1-1,0.11276892666395419,0-1,0.11223439402431405,False,True,False,True
2014,e7f9d13d-5cc1-516a-85a4-fa1896055024,2014-06-29,round of 16,Netherlands,Mexico,2-1,1.641907575663144,1.1039273067370812,team_a_win,team_a_win,1,0.5710493855831049,0.13810712704798833,0.29084348736890675,0.5710493855831049,0.5602795834284781,0.28766214229498843,0.23100986553696856,0.4620197310739371,0.11139200063300429,2.194699761670436,1-0,0.11205726406105145,2-1,0.11139200063300429,2-0,0.10090519543560321,False,True,False,True
2014,4c4a2eb6-c214-510f-a696-590e87502f81,2014-06-30,round of 16,Germany,Algeria,2-1,2.897917137896086,0.6442743072551205,team_a_win,team_a_win,1,0.8413235675832585,0.08964376849415193,0.06903266392258958,0.8413235675832585,0.17277895152490333,0.03797972412258702,0.6268214153204829,1.253642830640966,0.07978659391851163,2.52839978464791,2-0,0.12383947802984116,3-0,0.11962551524359423,4-0,0.08666620768851525,False,False,False,False
2014,c25ff0d1-5ee5-5a8b-8cbc-900885abd60a,2014-06-30,round of 16,France,Nigeria,2-0,1.4729609800310854,1.1747444757679435,team_a_win,team_a_win,1,0.465415512429239,0.19874341207531582,0.3358410754954452,0.465415512429239,0.7648246972787086,0.43806874618456926,0.850891747868429,1.701783495736858,0.0830707941206726,2.488062093520264,1-0,0.1021939326591135,2-1,0.0975869564909163,1-1,0.09483527793161531,False,False,False,False
2014,fd92890c-4e9a-5c08-9f7f-3aef9d900dae,2014-07-01,round of 16,Belgium,United States,2-1,1.1923935675694228,1.5563448152545847,team_b_win,team_a_win,0,0.32953641495281555,0.17624859455527517,0.4942149904919093,0.32953641495281555,1.1100684153559632,0.724833442783951,0.6819756238425809,1.3639512476851618,0.08264188127354473,2.493238689745152,1-2,0.10199153982708428,0-1,0.09943273098057967,0-2,0.08553513085028129,False,False,False,False
2014,3016daff-a2a3-58d1-95ad-cbdd40dcdbdd,2014-07-01,round of 16,Argentina,Switzerland,1-0,1.7180925876267643,0.7349894556700065,team_a_win,team_a_win,1,0.6486548333931881,0.17478772005608997,0.17655744655072203,0.6486548333931881,0.43285454752723657,0.18516670511288558,0.7265410216483854,0.016896868043242197,0.1502303640243263,1.8955854027973391,1-0,0.1502303640243263,2-0,0.13711721394878945,2-1,0.10077970644320858,True,False,False,True
2014,9a50c773-7948-56fc-9a30-46ffb3cfc34c,2014-07-04,quarter-finals,France,Germany,0-1,1.1019524290981164,1.9882659331108234,team_b_win,team_b_win,1,0.2219801403163596,0.14148439766853704,0.6365354620151035,0.6365354620151035,0.4517151484516463,0.2013994878510737,1.04510918110447,0.11368649598729297,0.09191449477058745,2.3868965387649337,1-2,0.11042588140818363,0-2,0.10020929986838066,0-1,0.09191449477058745,False,False,True,True
2014,841ab232-b56d-5113-9a19-6cd335d82aa7,2014-07-04,quarter-finals,Brazil,Colombia,2-1,2.288536998914344,1.002754691423499,team_a_win,team_a_win,1,0.6747678590841895,0.16901755043028888,0.1562145904855216,0.6747678590841895,0.39338655972892983,0.15874587611869612,0.14564584516892143,0.28578230749084477,0.10056539522421247,2.296947064347262,2-1,0.10056539522421247,2-0,0.10028912961898087,1-0,0.08061385771329312,True,False,False,True
2014,2cc9c4b5-2092-5c87-964c-2654cdfcc148,2014-07-05,quarter-finals,Argentina,Belgium,1-0,1.7520634491190124,0.6493672542289155,team_a_win,team_a_win,1,0.691931920935846,0.15432961703293216,0.15373846203122185,0.691931920935846,0.36826770835462347,0.1423590867395348,0.7007153516739639,0.10269619489009685,0.16482714437734258,1.8028579640425735,1-0,0.16482714437734258,2-0,0.15230601040546687,2-1,0.09890253577955867,True,False,False,True
2014,4252ebb2-2f7c-57d9-997b-8cb11f262866,2014-07-05,quarter-finals,Netherlands,Costa Rica,0-0,1.7513676959974918,0.6892810931230247,team_a_win,draw,0,0.6817769327206095,0.15114412311238457,0.167078944167006,0.15114412311238457,1.889521439674424,1.2132914593005264,1.2203243945602582,1.062086602874467,0.05882765920286972,2.833143140071788,1-0,0.15832184290508663,2-0,0.14673099253155322,2-1,0.10113889892717537,False,False,False,False
2014,ff25d626-6c3f-5339-a120-dc0b5cf79692,2014-07-08,semi-finals,Brazil,Germany,1-7,1.9018192250928925,1.0306349371522723,team_a_win,team_b_win,0,0.592134902729422,0.18825884997613243,0.21960624729444553,0.21960624729444553,1.5159191212339014,0.9950795468865761,3.43559214397031,6.87118428794062,2.823895058486326e-05,10.474808306622366,2-1,0.10336018594048874,2-0,0.10028787324644871,1-0,0.09676951116814489,False,False,False,False
2014,9c649cfb-c85a-51cf-8b74-8cb8cad29a73,2014-07-09,semi-finals,Netherlands,Argentina,0-0,1.580439013536269,1.3776184108502358,team_a_win,draw,0,0.4440422412416759,0.18855149597645238,0.36740626278187166,0.18855149597645238,1.6683841211991828,0.9906095486203258,1.4790287121932524,0.20282060268603308,0.04392711037917051,3.1252236010051515,2-1,0.09581609742534643,1-2,0.08820041329146289,1-1,0.08796879283593102,False,False,False,False
2014,97a08a0f-016f-5a98-b4c0-6995e892b568,2014-07-12,third-place match,Brazil,Netherlands,0-3,2.0102569452323906,0.9562465147208439,team_a_win,team_b_win,0,0.6365519909848053,0.17556084031771935,0.18788716869747532,0.18788716869747532,1.6719136628269866,1.0955472966459863,2.027005215255773,4.054010430511546,0.008582291174092562,4.75805436452267,2-0,0.1084789576900057,2-1,0.10373262521161783,1-0,0.09966919692596327,False,False,False,False
2014,0c220966-ef59-5d7c-9b45-18e3ee4f7dd4,2014-07-13,final,Germany,Argentina,1-0,1.6515091262694286,1.2612548061929205,team_a_win,team_a_win,1,0.507355729751542,0.16170300884145905,0.33094126140699887,0.507355729751542,0.6785428848320175,0.3783683585786723,0.9563819662311746,0.6097456799234919,0.08967384698023141,2.4115761134080205,2-1,0.10387518393098384,1-0,0.08967384698023141,1-2,0.08329634367603521,False,True,False,True
2018,03a70d96-ad94-56e9-b9d4-a9d0e3e33c25,2018-06-14,group stage,Russia,Saudi Arabia,5-0,1.368920610811195,0.8858186118182778,team_a_win,team_a_win,1,0.47628302132635836,0.27225161406788495,0.2514653646057567,0.47628302132635836,0.7417430188265262,0.4116352447099223,2.2584490005035414,4.516898001007083,0.004251808290869856,5.460410906332175,1-0,0.1349958638853861,1-1,0.1260903007626862,0-0,0.10561975186266052,False,False,False,False
2018,13ea63f3-6ec2-5265-a7e6-1ff80bcf3533,2018-06-15,group stage,Portugal,Spain,3-3,1.0246353773639714,1.5349270219761662,team_b_win,draw,0,0.24946071244276252,0.2840494455845175,0.46648984197272,0.2840494455845175,1.258606951804467,0.7924286160840206,1.7202188003299312,0.5102916446121948,0.008616916363878728,4.754027988715822,1-1,0.13544531176075347,0-1,0.10562724287802507,1-2,0.09047874034898559,False,False,False,False
2018,f85a5bfa-30c8-524e-898f-41fde1198f28,2018-06-15,group stage,Egypt,Uruguay,0-1,1.1746597894005917,1.5959940467620544,team_b_win,team_b_win,1,0.27087760064551575,0.2751382820550235,0.45398411729946087,0.45398411729946087,0.7896930654746331,0.4472090929449101,0.885326918081323,0.5786657426385373,0.08899368937065781,2.419189817711608,1-1,0.13078376649616105,1-2,0.09207279803022793,0-1,0.08899368937065781,False,False,True,True
2018,adab9a34-e980-52ff-9664-6223a721f7c7,2018-06-15,group stage,Morocco,IR Iran,0-1,1.0532957624118824,1.0891006191975086,team_b_win,team_b_win,1,0.34274419017548013,0.297810378253119,0.3594454315714008,0.3594454315714008,1.0231929031297518,0.6164747564290604,0.5711981908046955,0.9641951432143738,0.12008856198033521,2.1195257918975594,1-1,0.13641243086674154,0-0,0.12021084384140385,0-1,0.12008856198033521,False,False,True,True
2018,35de1b70-7ba9-5909-81d2-8217b2d0abc7,2018-06-16,group stage,Argentina,Iceland,1-1,1.9933574639696867,0.6964552587468903,team_a_win,draw,0,0.6608153171958179,0.20951070544272873,0.1296739773614534,0.20951070544272873,1.562980440960211,1.0783655486550003,0.6484511026113982,1.2969022052227963,0.09898857386875871,2.312750850975508,2-0,0.13273169761474382,1-0,0.12575402533236216,1-1,0.09898857386875871,False,False,True,True
2018,7ec5155b-3629-54fd-9270-0cbe18140f94,2018-06-16,group stage,France,Australia,2-1,1.6766310530389341,0.8979386103823903,team_a_win,team_a_win,1,0.5749785785175252,0.22252014952854804,0.2025012719539268,0.5749785785175252,0.5534224936308922,0.2711651908081491,0.21271516828933779,0.2213075573434562,0.10082171250706716,2.2944015446846926,1-0,0.12431543671799457,2-0,0.1122812977873085,1-1,0.10587512791623073,False,False,False,False
2018,0e3b664e-f007-5fa0-9d45-db33b2ea4bb5,2018-06-16,group stage,Croatia,Nigeria,2-0,1.4531207134319175,0.9073672619537583,team_a_win,team_a_win,1,0.48720707781772715,0.27299560488925506,0.2397973172930178,0.48720707781772715,0.7190660351514826,0.39498593471001314,0.7271232742609204,1.4542465485218408,0.09939194833293409,2.3086841712872834,1-1,0.12815879312117018,1-0,0.12686784721925243,0-0,0.09949269370426869,False,False,False,False
2018,69aebb1c-780f-51e1-a60d-c027b48bc29c,2018-06-16,group stage,Peru,Denmark,0-1,1.36245503123569,1.1131621661525115,team_a_win,team_b_win,0,0.41355149953016973,0.2812026109817414,0.305245889488089,0.305245889488089,1.1866376321324776,0.7327830252597973,0.7378085986941008,1.2492928650831785,0.08609220464278307,2.4523364100586478,1-1,0.13385600821623314,1-0,0.10408128339130954,0-0,0.09163622740721086,False,False,False,False
2018,3174e8e7-5ba2-50c5-8772-922c3c39095f,2018-06-17,group stage,Germany,Mexico,0-1,1.7662854063071753,0.8395950443403547,team_a_win,team_b_win,0,0.5968862397207443,0.22185136943695652,0.18126239084229917,0.18126239084229917,1.7078096243161571,1.0758224859382908,0.9633451809834104,1.9266903619668208,0.05797471337385921,2.8477483398137946,1-0,0.12418290380571526,2-0,0.1175679851701997,1-1,0.10544978181916206,False,False,False,False
2018,97fe5f7d-f078-5bb0-a453-cda5ea9f83f1,2018-06-17,group stage,Costa Rica,Serbia,0-1,1.4533118740845743,0.8229651264371376,team_a_win,team_b_win,0,0.5060607745058021,0.2750171105938181,0.21892211490037977,0.21892211490037977,1.519039252144734,0.9418145812044804,0.8151733738237184,1.6303467476474367,0.08056673965820774,2.518669373964293,1-0,0.1382977522465785,1-1,0.12704162830720178,0-0,0.10776222969058172,False,False,False,False
2018,c7d5bfdf-2054-53e5-9e83-de73f5a4ebae,2018-06-17,group stage,Brazil,Switzerland,1-1,1.761357050205959,0.6295566739806302,team_a_win,draw,0,0.6388361604653197,0.22702155355545514,0.1341422859792253,0.22702155355545514,1.482710316424658,1.023601471473626,0.5659001881126644,1.1318003762253288,0.10320615726261706,2.2710267643170123,1-0,0.1530355645081588,2-0,0.14192302209969637,1-1,0.10320615726261706,False,False,True,True
2018,2780cb34-c75d-5960-8f8f-7543a929e494,2018-06-18,group stage,Tunisia,England,1-2,0.7473267755910539,1.4627203653103988,team_b_win,team_b_win,1,0.19991348446001056,0.24353095229497845,0.5565555632450111,0.5565555632450111,0.5859882691445888,0.29591569448359134,0.39497642954927364,0.28460641028065503,0.09164628512991452,2.389818838743072,0-1,0.15765206312829183,0-2,0.1226321444958697,1-1,0.11034065678772767,False,False,False,False
2018,e4904c79-6f8f-5a94-8cc1-511fb7c20e0f,2018-06-18,group stage,Belgium,Panama,3-0,1.8524555124440951,0.836260944505672,team_a_win,team_a_win,1,0.6056562528976026,0.21769988562086753,0.17664386148152988,0.6056562528976026,0.5014426932968797,0.23410328487720428,0.9919027160307885,1.983805432061577,0.07203478004547842,2.6306062204129623,1-0,0.1175237640853741,2-0,0.11665831577855881,1-1,0.10374259867354803,False,False,False,False
2018,4fdbf0c8-baf1-50b4-8ef8-41516bf8bff3,2018-06-18,group stage,Sweden,Korea Republic,1-0,1.2569832163981534,1.2857345762324865,team_b_win,team_a_win,0,0.35198210169600186,0.28288416188421794,0.36513373641978025,0.35198210169600186,1.0441749521313557,0.6332732910391369,0.77135889631532,1.0287513598343332,0.08936168051531826,2.4150633182731562,1-1,0.13499421179642881,0-1,0.09150135225447693,1-0,0.08936168051531826,False,False,True,True
2018,5abc423e-8ad7-5ed6-a569-02b01491dfa4,2018-06-19,group stage,Colombia,Japan,1-2,1.536101747515858,1.017010671846856,team_a_win,team_b_win,0,0.47439029485922046,0.285236722939374,0.24037298220140557,0.24037298220140557,1.4255634694863542,0.8834393461393975,0.7595455378345011,1.5190910756690021,0.06165386904317777,2.7862192931386005,1-1,0.1359761240636688,1-0,0.10778750100405832,2-1,0.09165136820691015,False,False,False,False
2018,4d776020-546b-5375-965b-5dd9ed450829,2018-06-19,group stage,Russia,Egypt,3-1,1.3066474551336813,0.9989764209593046,team_a_win,team_a_win,1,0.43276312315908905,0.2752426707103277,0.29199420613058324,0.43276312315908905,0.8375647603501675,0.4827768186418142,0.847188061953507,1.6923289658256233,0.03764603630814258,3.279527607618453,1-1,0.12902963191558844,1-0,0.1218498212589081,0-0,0.1010853428615488,False,False,False,False
2018,9692c0cd-0107-56ea-9b4f-7e06260921d6,2018-06-19,group stage,Poland,Senegal,1-2,1.361945004027648,1.1483507228562129,team_a_win,team_b_win,0,0.41728473146009665,0.25914344437194936,0.32357182416795405,0.32357182416795405,1.128334167526945,0.6988369489301519,0.6067971405857175,1.213594281171435,0.07730867359636208,2.559949122744781,1-1,0.1235427318855822,1-0,0.10307883881388646,2-1,0.08876151154256554,False,False,False,False
2018,67742f69-50e2-5fae-b8ef-d0d2e0f84dab,2018-06-20,group stage,Uruguay,Saudi Arabia,1-0,1.609766739125818,0.9447978366542857,team_a_win,team_a_win,1,0.5251242199526761,0.24784471281551546,0.2270310672318085,0.5251242199526761,0.6441204349444419,0.3384771136345736,0.7772822878900518,0.3350310975284678,0.11681259327647332,2.147184395252189,1-1,0.11799635201837776,1-0,0.11681259327647332,2-0,0.10170799302628404,False,True,False,True
2018,c3b311b0-df28-50d3-b920-318fe9eba8ed,2018-06-20,group stage,Portugal,Morocco,1-0,1.7951982775604067,0.7108544833423008,team_a_win,team_a_win,1,0.616722045203287,0.23671046495274894,0.14656748984396414,0.616722045203287,0.48333685057756987,0.22441586393045831,0.7530263804513537,0.084343794218106,0.13630654859918656,1.9928488959518709,1-0,0.13630654859918656,2-0,0.12972594203271234,1-1,0.11058899823285478,True,False,False,True
2018,bfd1703b-e05c-539b-97f6-8ee3e907f4e4,2018-06-20,group stage,IR Iran,Spain,0-1,0.9777216026570921,1.785212402361457,team_b_win,team_b_win,1,0.20681910068911413,0.2464038049938338,0.5467770943170521,0.5467770943170521,0.6037140654321335,0.30889997776098743,0.8814670025092746,0.192509200295635,0.10236808549648199,2.2791802800278003,1-1,0.11755195149159055,0-1,0.10236808549648199,0-2,0.09912795105071208,False,True,False,True
2018,9ea9e88d-3423-541b-ba53-8f4def2ea5f0,2018-06-21,group stage,France,Peru,1-0,1.435610629316775,0.8668023179703279,team_a_win,team_a_win,1,0.5048770952876945,0.2699270061281428,0.22519589858416264,0.5048770952876945,0.6834402549953728,0.3687204721471816,0.6512064736435514,0.43119168865355295,0.13658987432686778,1.9907724610434039,1-0,0.13658987432686778,1-1,0.1255887790116686,2-0,0.10535037356044571,True,False,False,True
2018,9e5a52aa-6a45-5e6d-a47f-58d5cc1cc0f7,2018-06-21,group stage,Argentina,Croatia,0-3,1.633211129883522,0.7644882661621204,team_a_win,team_b_win,0,0.565571135693978,0.2637525948593812,0.17067626944664094,0.17067626944664094,1.7679866779047155,1.0772139908841734,1.9343614318607008,3.8687228637214015,0.007026912116376725,4.958007913414006,1-0,0.1378147445545474,1-1,0.12278582422414352,2-0,0.11987151677605885,False,False,False,False
2018,20561103-d2d9-5968-b7fe-18ebb8930605,2018-06-21,group stage,Denmark,Australia,1-1,1.3233518082458609,1.0528192682351298,team_a_win,draw,0,0.43511655129100324,0.2684764479169119,0.2964070007920849,0.2684764479169119,1.3149920861360502,0.8123102305781936,0.18808553824049534,0.270532540010731,0.12689772837529875,2.0643738053258893,1-1,0.12689772837529875,1-0,0.1172577929718106,0-0,0.09373349247442415,True,False,False,True
2018,9bab9a51-5487-559e-a2b3-b4d9faad7347,2018-06-22,group stage,Brazil,Costa Rica,2-0,1.7252658916593542,0.6786828642130888,team_a_win,team_a_win,1,0.6114523291301044,0.24417510386886634,0.14437256700102935,0.6114523291301044,0.49191828416257577,0.2314342119902591,0.4767084862768673,0.9534169725537347,0.13317078911900987,2.016122845834143,1-0,0.14599527078203162,2-0,0.13317078911900987,1-1,0.11232318868375134,False,True,False,True
2018,adeb0c10-f29c-5bb9-94fe-1a1b77ef2837,2018-06-22,group stage,Serbia,Switzerland,1-2,1.1917558372663315,1.7399501700856232,team_b_win,team_b_win,1,0.267704699396922,0.23820974986936366,0.4940855507337144,0.4940855507337144,0.7050465971651707,0.3843591209884302,0.22590283359035412,0.45180566718070825,0.096293071808389,2.34035890660426,1-1,0.11200440608851907,1-2,0.096293071808389,0-1,0.08402066262076424,False,True,False,True
2018,0c68398a-2b81-5378-86bd-b9dcf212f279,2018-06-22,group stage,Nigeria,Iceland,2-0,1.1886822222117144,1.0857680646337342,team_a_win,team_a_win,1,0.37751414347164175,0.30268135867102847,0.31980449785732984,0.37751414347164175,0.9741472448448519,0.5813795633145624,0.9485429212110099,1.8970858424220198,0.07366961255558997,2.6081648774896524,1-1,0.14165597933425397,1-0,0.11318510916850325,0-0,0.11211985267411573,False,False,False,False
2018,bafa9aef-cba7-5779-8a5e-b81f1c00c93c,2018-06-23,group stage,Korea Republic,Mexico,1-2,0.9746146955891115,1.625597807839334,team_b_win,team_b_win,1,0.22895949771903898,0.2686926200042319,0.5023478822767291,0.5023478822767291,0.688462406715766,0.37227580591494946,0.19989374828577722,0.34901688774977746,0.09298877066205329,2.3752765386885337,1-1,0.12815506962967185,0-1,0.10823304615882078,0-2,0.0954108029387405,False,False,False,False
2018,53507609-ac05-558f-8334-7b548d78683f,2018-06-23,group stage,Belgium,Tunisia,5-2,1.8736597613974002,0.790992627578877,team_a_win,team_a_win,1,0.6290081203681358,0.20365713843331126,0.16733474119855296,0.6290081203681358,0.46361111239978964,0.2071121203996152,2.1676738055118614,1.9173328661814768,0.004240205113946894,5.463143634977477,2-0,0.12363773778678296,1-0,0.12362331416459228,2-1,0.09779653907987565,False,False,False,False
2018,c90f89d2-1583-5bf5-b06b-ef9dd86fa32f,2018-06-23,group stage,Germany,Sweden,2-1,2.2797315071122175,0.8777825332257067,team_a_win,team_a_win,1,0.6896510669018862,0.16942164232062876,0.14092729077748514,0.6896510669018862,0.37156950944246725,0.14488065444763845,0.20097448694325543,0.40194897388651096,0.09799798146522631,2.3228083978173015,2-0,0.11164266518849471,2-1,0.09799798146522631,1-0,0.09106583503139436,False,True,False,True
2018,bd1460af-d434-5313-ace3-4a556348b884,2018-06-24,group stage,Japan,Senegal,2-2,1.285638333486229,1.2143687444786377,team_a_win,draw,0,0.39318232170196354,0.25480286633530674,0.3520148119627298,0.25480286633530674,1.367265105993765,0.833825533962177,0.7499964610175667,0.07126958900759117,0.04389710372956747,3.125906935346943,1-1,0.12146473860312063,1-0,0.10075528646353088,0-1,0.09317824839535795,False,False,False,False
2018,50b91f2f-5c1d-53f3-8aae-95d3e792dd9e,2018-06-24,group stage,Poland,Colombia,0-3,1.0003968623969604,1.6204769422452303,team_b_win,team_b_win,1,0.23171650284924564,0.28537091995053926,0.48291257720021513,0.48291257720021513,0.7279196412974421,0.40250850246382497,1.189959960075865,2.37991992015173,0.048943242148941954,3.0170939757376423,1-1,0.13618895001105186,0-1,0.10288003737212403,1-2,0.09064491682337047,False,False,False,False
2018,b62f21b2-ce66-5be9-8c45-50db6ac8bd54,2018-06-24,group stage,England,Panama,6-1,1.5592109898568622,0.7603733391892915,team_a_win,team_a_win,1,0.575192455616463,0.23755234587022925,0.1872551985133078,0.575192455616463,0.5530505887662144,0.27195707616387804,2.340207835476923,4.20116234933243,0.0015475185618001094,6.471102558776257,1-0,0.14933490135367175,2-0,0.12396296007069726,1-1,0.10954860570864815,False,False,False,False
2018,a00eb9b8-a683-5b0c-9ea7-e12a57fbe6f8,2018-06-25,group stage,IR Iran,Portugal,1-1,1.0247086656953481,1.3461290368462508,team_b_win,draw,0,0.27080388199351985,0.31363175547282174,0.4155643625336585,0.31363175547282174,1.1595357345583919,0.7171298490060866,0.1854188512707995,0.3214203711509027,0.14807682501328143,1.910024051969978,1-1,0.14807682501328143,0-1,0.11138103334424203,0-0,0.11036633125945647,True,False,False,True
2018,8f401657-b567-58e2-b290-d563c52a701f,2018-06-25,group stage,Uruguay,Russia,3-0,1.486652967817218,1.0808359693130558,team_a_win,team_a_win,1,0.47000110426002306,0.24272306554504408,0.2872758301949329,0.47000110426002306,0.755020234791382,0.42234071864736666,1.297091500747919,2.594183001495838,0.04336501610382322,3.138102243490472,1-1,0.11581438239345411,1-0,0.10754639480505981,2-1,0.09458253586310006,False,False,False,False
2018,faf95b68-18be-589a-a4ab-6f76c6a2383b,2018-06-25,group stage,Saudi Arabia,Egypt,2-1,0.9817864284475477,1.0984582151525975,team_b_win,team_a_win,0,0.32274980947756643,0.2976692585101849,0.3795809320122487,0.32274980947756643,1.1308778395651908,0.6913564919719631,0.5583358933525249,1.1166717867050497,0.06908814552296487,2.6723721183098315,1-1,0.1344300765084986,0-1,0.1300530842458866,0-0,0.12537540613413814,False,False,False,False
2018,83c9d3de-d083-5937-90e7-46ebc613e500,2018-06-25,group stage,Spain,Morocco,2-2,2.0246696352827738,0.7330544389179532,team_a_win,draw,0,0.680614585171806,0.18372296555341183,0.13566244927478233,0.18372296555341183,1.6943262779532535,1.147948710656739,0.6458075981824103,1.2916151963648206,0.030004015645038684,3.5064240514431178,2-0,0.13236233452065269,1-0,0.12308183873560975,2-1,0.09702879686590749,False,False,False,False
2018,b480ae54-7c21-56ce-930b-568062aef3eb,2018-06-26,group stage,Denmark,France,0-0,0.9509822144095099,1.638098247564951,team_b_win,draw,0,0.23448388958282773,0.21582786480458366,0.5496882456125886,0.21582786480458366,1.5332741112102761,0.9720657994554754,1.2945402309872305,0.6871160331554411,0.06876773648494623,2.677020590472343,0-1,0.11886538006994143,0-2,0.10537323086884777,1-1,0.1028758430413412,False,False,False,False
2018,acaf598b-236c-569f-be4c-76759197a778,2018-06-26,group stage,Iceland,Croatia,1-2,1.0350291808952965,1.1641805085486954,team_b_win,team_b_win,1,0.3253093985794246,0.2898718643685456,0.3848187370520299,0.3848187370520299,0.9549828684133937,0.5682998888388628,0.43542433617330056,0.8708486723466011,0.07949481635188872,2.5320634625685634,1-1,0.1340928549439155,0-1,0.12102046820086382,0-0,0.11297354287386681,False,False,False,False
2018,b23491af-ad48-59f3-b458-33466c8a416d,2018-06-26,group stage,Nigeria,Argentina,1-2,0.8556662135353476,1.957495583342428,team_b_win,team_b_win,1,0.16829847711542825,0.2316187942301558,0.600082728654416,0.600082728654416,0.5106877521800212,0.24190546716050101,0.09341910156111227,0.10182936980708046,0.09465684387977659,2.357497096706018,0-2,0.11062356136358807,1-1,0.1105661782361982,0-1,0.10528862974724688,False,False,False,False
2018,1529b4ee-2282-514f-b907-e805ebd4b153,2018-06-26,group stage,Australia,Peru,0-2,0.9325346571954185,1.6228963302844202,team_b_win,team_b_win,1,0.2154602118954858,0.28276733017593986,0.5017724579285744,0.5017724579285744,0.6896085331074037,0.3746111496034108,0.6548191634554992,1.3096383269109984,0.09749839262239796,2.3279193870383534,1-1,0.1345838906317059,0-1,0.11118977907268673,0-2,0.09749839262239796,False,False,True,True
2018,b06a0e9e-42e6-50fa-868c-5d8c5ccdaa30,2018-06-27,group stage,Switzerland,Costa Rica,2-2,1.2353745094946993,1.1076584168445638,team_a_win,draw,0,0.3766737873106615,0.30739876334219185,0.3159274493471467,0.30739876334219185,1.179609470845422,0.7213897683178766,0.8284835368303685,0.1277160926501355,0.045928965314087355,3.0806593083511027,1-1,0.14499930502448516,0-0,0.10885620189803409,1-0,0.10694623964759366,False,False,False,False
2018,438f8857-fa18-5317-ae19-c354d174dfca,2018-06-27,group stage,Korea Republic,Germany,2-0,0.9247038029945305,2.080272965695483,team_b_win,team_a_win,0,0.16106770734793316,0.17234762168995602,0.6665846709621108,0.16106770734793316,1.825930459867155,1.1778462179183027,1.5777845813504763,3.1555691627009526,0.022693011803118054,3.7856982519732494,0-2,0.11293796585794398,1-2,0.10443416653130726,0-1,0.10054760529993699,False,False,False,False
2018,a11a795f-c6c9-5f74-abf3-9b54739cce2b,2018-06-27,group stage,Serbia,Brazil,0-2,0.6686478482105231,2.6113775543461397,team_b_win,team_b_win,1,0.08630417108337012,0.16477926685609634,0.7489165620605336,0.7489165620605336,0.2891277007883729,0.09764350953952211,0.6400127012783314,0.057270293864383426,0.12254933058443161,2.099241631410273,0-2,0.12254933058443161,0-3,0.10667419039610988,0-1,0.08883735919058366,True,False,False,True
2018,0c1f0461-42c6-571f-bb1e-bd32e864db5d,2018-06-27,group stage,Mexico,Sweden,0-3,1.430884271715023,0.9975359494956704,team_a_win,team_b_win,0,0.457946654546043,0.2751164506542719,0.2669368947996852,0.2669368947996852,1.320742997581579,0.8227857160364451,1.716674161109676,3.4333483222193526,0.01540053320259156,4.173353146617028,1-1,0.13035397909303031,1-0,0.11551414266049322,0-0,0.09421633650115137,False,False,False,False
2018,6952a8c7-f304-5398-b3f8-48d02006fce0,2018-06-28,group stage,Senegal,Colombia,0-1,0.9840546888485947,1.4008866926631427,team_b_win,team_b_win,1,0.2728373866094162,0.269317615923161,0.45784499746742285,0.45784499746742285,0.7812245856267284,0.4409042645494901,0.6924706907558686,0.583167996185452,0.11950131947661978,2.1244278660261764,1-1,0.12714571064724783,0-1,0.11950131947661978,0-0,0.09481777653250234,False,True,False,True
2018,a9d37f95-2e0c-586d-9873-0968641e5522,2018-06-28,group stage,Japan,Poland,0-1,1.286080976429285,1.3314251006668094,team_b_win,team_b_win,1,0.3378375717012977,0.30252457382661313,0.3596378544720892,0.3596378544720892,1.022657713648878,0.6157190200471125,0.8087530385480473,0.9546558757624757,0.08491974419681568,2.4660486544359372,1-1,0.14438582687041454,0-0,0.08877092265459177,0-1,0.08491974419681568,False,False,True,True
2018,9d87b40d-3857-5181-a12f-159b6593f980,2018-06-28,group stage,England,Belgium,0-1,1.3007681376068037,1.4100640955637613,team_b_win,team_b_win,1,0.3231744015414302,0.28589379456812153,0.3909318038904484,0.3909318038904484,0.9392221488112006,0.557141023096364,0.8554161165852825,0.8907040420430423,0.0848838495714465,2.466471432601078,1-1,0.13609564253887838,1-2,0.08688715816125085,0-1,0.0848838495714465,False,False,True,True
2018,bdbd60b2-f00d-5d70-9611-7d973351da52,2018-06-28,group stage,Panama,Tunisia,1-2,1.214243724893785,1.1047792277290733,team_a_win,team_b_win,0,0.3590282293720735,0.323069986842074,0.31790178378585254,0.31790178378585254,1.1460127999271352,0.698533462446706,0.5547322485823558,1.1094644971647116,0.07204809088088342,2.630421454030154,1-1,0.15201770617964397,0-0,0.1161880047269227,1-0,0.10411425180308838,False,False,False,False
2018,8c49bdcf-94b0-50b2-9319-dfe61385749f,2018-06-30,round of 16,France,Argentina,4-3,1.0481313141289281,1.2222345830339527,team_b_win,team_a_win,0,0.32798054699535295,0.2701175342378241,0.4019019187668229,0.32798054699535295,1.1148009802977759,0.6860987798278411,2.3648170514185596,1.1741032689050246,0.001705081163623348,6.374142566081507,1-1,0.126272414688473,0-1,0.11906216836279478,1-0,0.10536825802592656,False,False,False,False
2018,6d2088f0-35c0-58b1-b7ff-d2db48e3e03b,2018-06-30,round of 16,Uruguay,Portugal,2-1,1.1406539049013011,1.4852500622175808,team_b_win,team_a_win,0,0.3078287032394915,0.2040169734891368,0.4881543232713717,0.3078287032394915,1.1782118090353026,0.7590186728593219,0.6722980786581398,1.3445961573162797,0.07652247464116614,2.5701707951373156,0-1,0.10806375091970535,1-2,0.10073031552422455,1-1,0.0973840081507942,False,False,False,False
2018,a6be8b6f-c046-5615-be43-52c4589f0b51,2018-07-01,round of 16,Croatia,Denmark,1-1,1.179152857712687,1.207725226448643,team_b_win,draw,0,0.3712876512764621,0.2417509857567403,0.38696136296679756,0.2417509857567403,1.4198470670697032,0.8625351840203884,0.1934390420806651,0.028572368735956033,0.11452013169269151,2.1670046487992383,1-1,0.11452013169269151,0-1,0.10875240915191198,1-0,0.10572764466303083,True,False,False,True
2018,3ad776e2-6cd7-55ea-beac-17ba86fa8581,2018-07-01,round of 16,Spain,Russia,1-1,2.191147855821802,0.7309506124108986,team_a_win,draw,0,0.743640236132836,0.1239273890572512,0.13243237480991268,0.1239273890572512,2.088059457010355,1.3380423543375382,0.7300986217054516,1.4601972434109032,0.0591267419480012,2.828071970481398,2-0,0.13699053453122312,1-0,0.11772812955521984,2-1,0.10013331511009389,False,False,False,False
2018,b6f0367d-8a2c-5ce3-b889-7f373501b1ae,2018-07-02,round of 16,Belgium,Japan,3-2,1.7594947687469018,1.041502315129219,team_a_win,team_a_win,1,0.5623304025160216,0.19542685034170004,0.24224274714227834,0.5623304025160216,0.5756656970040104,0.28842787893930266,1.0995014580619396,0.2820075463823173,0.0315493470069796,3.4562023872937426,1-0,0.10334580440750508,2-1,0.10329835501918784,2-0,0.09918206951500788,False,False,False,False
2018,40644abe-5d6b-5060-9ae2-4207a1cd5cb6,2018-07-02,round of 16,Brazil,Mexico,2-0,1.5404713193224167,0.7877646403040571,team_a_win,team_a_win,1,0.5675892482209092,0.23514145211194015,0.19726929966715065,0.5675892482209092,0.5663572764040103,0.28118573734663843,0.6236466604908202,1.2472933209816404,0.12101972582162115,2.11180172335307,1-0,0.14721847727612652,2-0,0.12101972582162115,1-1,0.10891824610482057,False,True,False,True
2018,fc54db68-3853-5b43-84ab-447ccd3baec1,2018-07-03,round of 16,Colombia,England,1-1,1.2111858754775668,1.112487104556347,team_a_win,draw,0,0.39115075746462136,0.27512209059264325,0.33372715194273544,0.27512209059264325,1.290540314047788,0.7898207105557368,0.16183649001695688,0.09869877092121992,0.12952968575097437,2.043845190514294,1-1,0.12952968575097437,1-0,0.11331153445083648,0-1,0.10119584849393319,True,False,False,True
2018,4a9edc82-271f-5488-8ce8-48f109289ea0,2018-07-03,round of 16,Sweden,Switzerland,1-0,1.109218841796083,1.5795351539788258,team_b_win,team_a_win,0,0.2945500724741664,0.21463805115979315,0.4908118763660405,0.2945500724741664,1.2223062649639993,0.7846253912338312,0.8443769978874545,1.4703163121827427,0.07530494816214774,2.5862094336905463,1-1,0.10238619454445229,0-1,0.10155882247693396,1-2,0.0976316659590929,False,False,False,False
2018,e074aecd-9790-5895-8f83-5deaca33b749,2018-07-06,quarter-finals,Uruguay,France,0-2,1.0480140040383952,1.560707489481107,team_b_win,team_b_win,1,0.2725875562472566,0.19114842947038213,0.5362640142823613,0.5362640142823613,0.6231286752215126,0.325892762359355,0.7436532572786441,1.4873065145572881,0.09969371169198943,2.305652676300482,0-1,0.11704343040595554,1-2,0.10448040596777124,0-2,0.09969371169198943,False,False,True,True
2018,b233c212-d417-5646-925b-23021448eaed,2018-07-06,quarter-finals,Brazil,Belgium,1-2,1.6462664677457537,0.8416120604795172,team_a_win,team_b_win,0,0.6017028522751182,0.1764706359112872,0.22182651181359467,0.22182651181359467,1.5058596809403573,0.9987421854911444,0.9023272036331182,1.8046544072662365,0.05918129041178101,2.8271498273849875,1-0,0.13825052060204063,2-0,0.12201365092038523,2-1,0.10268816015773394,False,False,False,False
2018,05e8f1f5-9b45-5605-908f-c6e2b97868c1,2018-07-07,quarter-finals,Sweden,England,0-2,1.0910237846156017,1.4650426358574142,team_b_win,team_b_win,1,0.3159787985440889,0.20054017633755242,0.4834810251183588,0.4834810251183588,0.7267432097019919,0.406850814867644,0.8129905743790937,1.6259811487581874,0.0900174046344982,2.4077522425205498,0-1,0.1121612603821124,1-2,0.09821112948560423,1-1,0.09567424233749934,False,False,False,False
2018,b85a85e2-c207-52de-86f2-0422387228ef,2018-07-07,quarter-finals,Russia,Croatia,2-2,1.1668001998507451,1.2027836576111284,team_b_win,draw,0,0.3939199120602212,0.20800433951153027,0.39807574842824855,0.20800433951153027,1.570196336462246,0.94089432483681,0.8152080712690633,0.03598345776038325,0.031963475789426175,3.443161409634869,1-0,0.11379209329390151,0-1,0.1131020933308971,1-1,0.09839062805958478,False,False,False,False
2018,40e18275-09d7-51df-b82e-8158aae4c867,2018-07-10,semi-finals,France,Belgium,1-0,1.3844121928189377,1.1544633134708844,team_a_win,team_a_win,1,0.46333282355268196,0.18563788190549832,0.35102929454181964,0.46333282355268196,0.7693096417721247,0.4456946471008241,0.769437753144911,0.7700511206519467,0.11171399153068856,2.1918133208526145,1-0,0.11171399153068856,2-1,0.09835763877636444,0-1,0.0939482635251404,True,False,False,True
2018,bb204b94-1008-5fed-ab5c-318ced6d2974,2018-07-11,semi-finals,Croatia,England,2-1,0.9890831261374726,1.2619416816694276,team_b_win,team_a_win,0,0.299914020010035,0.2668575292986338,0.4332284506913312,0.299914020010035,1.2042594453701052,0.7490202108102921,0.6364292777659775,1.272858555531955,0.06967395575778199,2.66392869305644,0-1,0.12762990521052792,1-1,0.12422446654875911,0-0,0.10135520040240356,False,False,False,False
2018,3612ea5d-5d9b-5c3e-8792-9bc2f947da2a,2018-07-14,third-place match,Belgium,England,2-0,1.319600610321222,1.2034837561996752,team_a_win,team_a_win,1,0.4085451437870435,0.23051777798894976,0.3609370782240067,0.4085451437870435,0.8951528596813884,0.5332328673437345,0.9419415729392266,1.8838831458784533,0.07443141885385576,2.5978771298623373,1-1,0.10995555800258432,1-0,0.10194790460753281,0-1,0.09494322532269421,False,False,False,False
2018,b1a2d34f-a70a-5809-9b25-e8699bc0f60b,2018-07-15,final,France,Croatia,4-2,1.6293335810282539,0.7821629829206892,team_a_win,team_a_win,1,0.6020391040727358,0.20831499732327932,0.18964589860398498,0.6020391040727358,0.5074328788514714,0.23773357965434166,1.7942517180255284,1.1528294018924354,0.00856060761707285,4.760584108044779,1-0,0.14556559042269993,2-0,0.12650313810700298,2-1,0.09894607185060134,False,False,False,False
2022,95f6ea5d-e9c1-5ec0-9f73-3bcaa598f1e0,2022-11-20,group stage,Qatar,Ecuador,0-2,1.124618044248541,1.2873928198930151,team_b_win,team_b_win,1,0.3268307502699291,0.26817556837467643,0.40499368135539454,0.40499368135539454,0.9038838135889224,0.5327689940220913,0.9186126121777629,1.8372252243555258,0.07681310653569628,2.5663799953720545,1-1,0.1272279651553766,0-1,0.10859509701152276,1-0,0.09443811782009921,False,False,False,False
2022,2cd3ef6e-80e3-5df0-a799-42598f481f68,2022-11-21,group stage,Senegal,Netherlands,0-2,0.8225326521923275,1.6845836815183737,team_b_win,team_b_win,1,0.1942446174596961,0.21768084793108686,0.5880745346092171,0.5880745346092171,0.5309015795773369,0.2547985120054737,0.5689744853369769,1.1379489706739538,0.11939827477638151,2.1252905272370572,0-1,0.13242625775209318,0-2,0.11939827477638151,1-1,0.10282699103907957,False,True,False,True
2022,bc8da311-d38b-503f-bb6d-c2e69f6e625b,2022-11-21,group stage,England,IR Iran,6-2,1.7346926844201476,0.8552990895889718,team_a_win,team_a_win,1,0.5801198098238333,0.2274676729972326,0.19241251717893418,0.5801198098238333,0.5445206281122589,0.26506349312828353,2.7050041129954403,3.1206064051688243,0.0010508934030495254,6.858114616541749,1-0,0.1226847913979849,2-0,0.11422599631639242,1-1,0.10812304761308406,False,False,False,False
2022,171fb46e-09b7-50aa-9710-ecdf2a1ab181,2022-11-21,group stage,United States,Wales,1-1,1.4506872946727367,1.0850664199809623,team_a_win,draw,0,0.4655356864267214,0.24433386592342493,0.29013044764985374,0.24433386592342493,1.4092196859975197,0.8719304581805396,0.2678768573268495,0.3656208746917744,0.11651109938662269,2.149768736809717,1-1,0.11651109938662269,1-0,0.10978581649934303,2-1,0.09462001129182719,True,False,False,True
2022,238aaa82-523f-513d-bbcb-0c7f1a565194,2022-11-22,group stage,France,Australia,4-1,2.0648349355908975,0.8204324761573145,team_a_win,team_a_win,1,0.6736860839203256,0.17251330449948082,0.15380061158019354,0.6736860839203256,0.3949910274255022,0.15989624017902496,1.057366294125894,1.755597540566417,0.03569480310304227,3.332750172136434,2-0,0.1224539262120824,1-0,0.11082407606354301,2-1,0.10046517789736382,False,False,False,False
2022,a1defe65-7c5d-51e7-b716-c75ce38524c2,2022-11-22,group stage,Mexico,Poland,0-0,1.4903107181173048,1.163384897355892,team_a_win,draw,0,0.43353301793587995,0.2568206076106653,0.3096463744534547,0.2568206076106653,1.359377462680923,0.8361473641249418,1.3268478077365984,0.32692582076141274,0.07452022044204024,2.5966847750937014,1-1,0.1225426124490537,1-0,0.09428803606555325,2-1,0.09012669631588804,False,False,False,False
2022,3d7050e3-652c-5a89-bd8c-6332c8743256,2022-11-22,group stage,Argentina,Saudi Arabia,1-2,1.9166299494714285,0.5676155696538651,team_a_win,team_b_win,0,0.6923888625928114,0.19880695743609655,0.108804179971092,0.108804179971092,2.2182055264463316,1.3131565330045627,1.1745071899087818,2.3490143798175636,0.02987533122119837,3.510722181889884,2-0,0.1537516429580439,1-0,0.1531541306513472,3-0,0.0982283345579416,False,False,False,False
2022,0253e09f-774a-5109-b400-0b0f45f6247f,2022-11-22,group stage,Denmark,Tunisia,0-0,1.6612167418778598,0.7440313033678312,team_a_win,draw,0,0.6039362157002539,0.22195394202567442,0.17410984227407167,0.22195394202567442,1.5052853869872114,1.0004088581404333,1.2026240226228455,0.9171854385100286,0.08491214545462082,2.4661381398937685,1-0,0.14567394751928853,2-0,0.12865592296097084,1-1,0.10314801967930345,False,False,False,False
2022,35675581-e8d7-5940-bed3-c8f7f3aee127,2022-11-23,group stage,Morocco,Croatia,0-0,1.3151042282056635,1.5721942673909348,team_b_win,draw,0,0.32590551087782915,0.24999969565326638,0.42409479346890444,0.24999969565326638,1.3862955785075661,0.8485712523881646,1.4436492477982992,0.2570900391852713,0.06137346930065825,2.7907776332899368,1-1,0.1175960777257208,1-2,0.09036282938414936,2-1,0.0795562997719566,False,False,False,False
2022,78cfdb1a-dafe-530a-b926-0fc26f4d7fe7,2022-11-23,group stage,Spain,Costa Rica,7-0,1.9268639182610503,0.6478011311806462,team_a_win,team_a_win,1,0.6780792656326438,0.1908328833108649,0.1310878510564913,0.6780792656326438,0.3884910869126941,0.15723417326296496,2.860468606459798,5.720937212919596,0.0015075099856320488,6.49729600541668,2-0,0.14302287916040698,1-0,0.14075809634798356,2-1,0.09265038290482447,False,False,False,False
2022,2a2f1ae5-7aa4-5dc4-9310-daa3f597d6e1,2022-11-23,group stage,Belgium,Canada,1-0,1.960202453067494,0.8689070655296631,team_a_win,team_a_win,1,0.6564274996056215,0.17474502879650955,0.16882747159786887,0.6564274996056215,0.4209430260587129,0.17708060328246736,0.9145547592985785,0.09129538753783084,0.1138742028592832,2.1726609235645338,2-0,0.11994600004674744,1-0,0.1138742028592832,2-1,0.10422192692264017,False,True,False,True
2022,108861a5-bb5c-5832-a45d-e677a2ac69fa,2022-11-23,group stage,Germany,Japan,1-2,1.8237292401516259,1.1066855819824024,team_a_win,team_b_win,0,0.5521951120966988,0.19049874537535413,0.25730614252794703,0.25730614252794703,1.357488686959779,0.892803379739788,0.8585218290846117,1.7170436581692234,0.06953657493517926,2.6659024067764676,2-1,0.10179398319941244,2-0,0.09198094278690175,1-0,0.09194064807995121,False,False,False,False
2022,06968cef-b9dc-55e8-95c8-dbe19558e848,2022-11-24,group stage,Uruguay,Korea Republic,0-0,1.0940869480324746,1.0427424431096814,team_a_win,draw,0,0.3525137554351331,0.316785466071375,0.33070077849349205,0.316785466071375,1.1495304973942144,0.7004110520384909,1.068414695571078,0.05134450492279319,0.1283643834087826,2.05288231398745,1-1,0.14493248343381293,0-0,0.1283643834087826,1-0,0.11781439752029227,False,True,False,True
2022,6306c95b-6516-53d0-882d-2519a29e5e33,2022-11-24,group stage,Brazil,Serbia,2-0,2.5944059755474758,0.698661101237261,team_a_win,team_a_win,1,0.7523306498950156,0.15208796860431067,0.09558138150067379,0.7523306498950156,0.2845793576600527,0.09360665766518846,0.6465335383923684,0.10425512568978523,0.1213181523577885,2.109338825771722,2-0,0.1213181523577885,3-0,0.10491617980647515,1-0,0.08829561103636423,True,False,False,True
2022,3b34c130-c0bb-5056-a8a5-127a897f0ad2,2022-11-24,group stage,Switzerland,Cameroon,1-0,1.6576453993112414,0.7488687512159866,team_a_win,team_a_win,1,0.5985483521426411,0.22603136565001794,0.17542028220734102,0.5985483521426411,0.5132479683707614,0.24302587923470415,0.703257075263614,0.09122335190474518,0.1443572659224101,1.9354640386885757,1-0,0.1443572659224101,2-0,0.12727134129011738,1-1,0.10512158421128988,True,False,False,True
2022,9317d181-4ef9-5442-81e6-98b7a69157be,2022-11-24,group stage,Portugal,Ghana,3-2,1.707419818417486,0.6986438846174052,team_a_win,team_a_win,1,0.6132167656021529,0.22824549700792654,0.15853773738992052,0.6132167656021529,0.48903679119360793,0.22683149149237075,1.2969681484825544,0.008775933800080793,0.018417354639436133,3.9944618719626197,1-0,0.14663513373760972,2-0,0.13259478983391423,1-1,0.10538249352273932,False,False,False,False
2022,e95c3c3d-b87f-55fc-9627-2a1a4d4c3b13,2022-11-25,group stage,Netherlands,Ecuador,1-1,1.6644466600390566,1.0556152186777052,team_a_win,draw,0,0.5092984166130009,0.2446572770912864,0.24604430629571283,0.2446572770912864,1.4078969167832385,0.8904653068761981,0.36003093935838093,0.6088314413613514,0.11669560075991228,2.148186437401785,1-1,0.11669560075991228,1-0,0.10089685321845998,2-1,0.09681456815300578,True,False,False,True
2022,da49e370-71d6-5844-a8bb-c2a3ad743c12,2022-11-25,group stage,Wales,IR Iran,0-2,0.9251790730981498,1.8781026678039625,team_b_win,team_b_win,1,0.19357040644458412,0.2133285922573193,0.5931010012980966,0.5931010012980966,0.5223905718939029,0.24854538567022263,0.5235382026470936,1.0470764052941872,0.10764019593044734,2.228961132886819,0-2,0.10764019593044734,0-1,0.10614252469069871,1-1,0.10178489801022074,True,False,False,True
2022,5b72ba66-f20f-555e-a3f9-8e15dd35030b,2022-11-25,group stage,England,United States,0-0,2.0674534649446357,1.1728291552622174,team_a_win,draw,0,0.5378740189075687,0.25364094114647234,0.20848503994595902,0.25364094114647234,1.3718356295970564,0.8898263168297712,1.6201413101034265,0.8946243096824182,0.052715306348885334,2.9428494225523862,1-1,0.11562010551969171,2-1,0.09227813203888785,2-0,0.07867994381351869,False,False,False,False
2022,1f2f2b78-eb02-5b56-912e-ef3eaaf9584e,2022-11-25,group stage,Qatar,Senegal,1-3,1.2607753907030703,1.1953245249626312,team_a_win,team_b_win,0,0.38481776200717505,0.25153595286046065,0.3636462851323644,0.3636462851323644,1.0115736279366825,0.6163010959634707,1.0327254328702196,2.065450865740439,0.03315537851121422,3.40655032781223,1-1,0.11968842631125937,1-0,0.10197935038917745,0-1,0.09929381439919821,False,False,False,False
2022,2a6bdb8b-1c3e-5964-adb1-e632de560094,2022-11-26,group stage,Poland,Saudi Arabia,2-0,1.3419881992975744,1.2052683469660759,team_a_win,team_a_win,1,0.3957716530318786,0.2547285519876405,0.349499794980481,0.3957716530318786,0.9269178678027233,0.5521286371689468,0.9316400738342507,1.8632801476685015,0.07173219250428477,2.6348156432397603,1-1,0.12156012629276503,1-0,0.09659648162554538,0-1,0.09075288423539918,False,False,False,False
2022,e0a4c871-8983-528f-867d-af86a9c00845,2022-11-26,group stage,France,Denmark,2-1,1.784320680089296,1.0808041552392378,team_a_win,team_a_win,1,0.5516828458373103,0.20321445411119626,0.2451027000514935,0.5516828458373103,0.5947819524673641,0.30235971864877675,0.14824173757497094,0.2964834751499419,0.10209739291861021,2.2818280887250895,2-1,0.10209739291861021,1-0,0.09672756204754422,1-1,0.09636778475704341,True,False,False,True
2022,845dc6f2-b454-5d1b-886e-efe46976c8a7,2022-11-26,group stage,Argentina,Mexico,2-0,1.689068570029903,0.6363249485539771,team_a_win,team_a_win,1,0.6082174941683535,0.24831549983692497,0.1434670059947216,0.6082174941683535,0.4972227403111211,0.2357369011440755,0.47362818926203704,0.9472563785240742,0.13667387665944028,1.9901576532987595,1-0,0.15359513421580576,2-0,0.13667387665944028,1-1,0.11204789323334395,False,True,False,True
2022,235fb742-37da-5fd5-9715-99f4b268ba3f,2022-11-26,group stage,Tunisia,Australia,0-1,0.869011563952586,1.2599846395646868,team_b_win,team_b_win,1,0.26667090297862656,0.284012150615246,0.4493169464061275,0.4493169464061275,0.8000267462655848,0.4550280977080051,0.5644981017586364,0.6090269243878993,0.14117296568485632,1.9577694334094307,0-1,0.14117296568485632,1-1,0.1287328288452037,0-0,0.11839737459112756,True,False,False,True
2022,26d8483c-e63b-5c62-9521-785d7b594558,2022-11-27,group stage,Belgium,Morocco,0-2,1.9152228787056291,1.0148736135988736,team_a_win,team_b_win,0,0.6020524351732273,0.1794060384888504,0.21854152633792237,0.21854152633792237,1.5207792306142598,1.00533100740254,1.4501746325533778,2.9003492651067555,0.03197544893419801,3.442786891453228,2-1,0.10395677573418699,2-0,0.10243322354745511,1-0,0.0982827456116515,False,False,False,False
2022,6cb0bd77-d423-5c3a-ae48-80153e40dd74,2022-11-27,group stage,Japan,Costa Rica,0-1,2.053324546066789,0.783237304360979,team_a_win,team_b_win,0,0.6460423211434233,0.209046913858567,0.14491076499800964,0.14491076499800964,1.9316371398131982,1.1922488927184622,1.135043620852905,2.27008724170581,0.04455784388347283,3.110967071349928,2-0,0.12065140983949178,1-0,0.1101545444974293,1-1,0.09974798843715235,False,False,False,False
2022,70fb13e8-081f-5f2a-8b6d-06801cadb53d,2022-11-27,group stage,Croatia,Canada,4-1,1.3663702293149949,1.1868912537736165,team_a_win,team_a_win,1,0.4076069944055777,0.2703929285852198,0.32200007700920263,0.4076069944055777,0.897451817806368,0.5277258585000174,1.4102605122293108,2.8205210244586216,0.013687366975495113,4.291281990137933,1-1,0.1290418160717743,1-0,0.09819446299490225,2-1,0.08797603310999892,False,False,False,False
2022,10e8b664-d714-5ad6-919e-18465f7ebc22,2022-11-27,group stage,Spain,Germany,1-1,1.4399751793849547,1.3585823950567903,team_a_win,draw,0,0.38916560091216257,0.23896602660542415,0.3718683724824132,0.23896602660542415,1.431433885249084,0.8689086600467795,0.3992787872208725,0.08139278432816432,0.11316323773814979,2.1789239209207083,1-1,0.11316323773814979,2-1,0.08724747077472772,1-2,0.08705637663864897,True,False,False,True
2022,44301c2b-3655-5e31-93ef-b8e83c2b5ff7,2022-11-28,group stage,Brazil,Switzerland,1-0,1.8069115810322174,0.8050365099767172,team_a_win,team_a_win,1,0.6061624041027317,0.2261713974324407,0.16766619846482766,0.6061624041027317,0.5006073352478203,0.23437350706633003,0.8059740455044673,0.0018750710555002215,0.12470741474788083,2.0817849673751634,1-0,0.12470741474788083,2-0,0.12042324466252201,1-1,0.10734279023970683,True,False,False,True
2022,edc52d99-2594-5741-9601-4e245c3b2511,2022-11-28,group stage,Korea Republic,Ghana,2-3,1.484292815986918,0.7551535433346048,team_a_win,team_b_win,0,0.5248416464152825,0.2763981181343984,0.19876023545031915,0.19876023545031915,1.6156560276526273,0.9938398338157692,1.3802768203392386,1.7291392726523132,0.009258391917655517,4.682224904405003,1-0,0.1453865794227565,1-1,0.12596215037632805,2-0,0.11483560905538756,False,False,False,False
2022,7f0ed410-0615-521a-bcf3-160f1494d007,2022-11-28,group stage,Cameroon,Serbia,3-3,1.1291433305371226,1.353207003443719,team_b_win,draw,0,0.3249777534748355,0.2481377420814282,0.4268845044437363,0.2481377420814282,1.393771275382438,0.8531377752701383,1.7588248330095793,0.22406367290659635,0.007095673407844807,4.94827005985861,1-1,0.11816619558091053,0-1,0.10742222779790546,1-0,0.09058425062346884,False,False,False,False
2022,4a461703-480d-5281-9e6f-f0e1be08b1a7,2022-11-28,group stage,Portugal,Uruguay,2-0,1.444816719031659,1.2103056831079835,team_a_win,team_a_win,1,0.41628008906593833,0.2738309472975827,0.309888963636479,0.41628008906593833,0.8763969542556974,0.5117434919024514,0.8827444820381622,1.7654889640763245,0.07355990933763348,2.6096551117422426,1-1,0.13062975278109423,1-0,0.09196669772279678,2-1,0.08902997632024583,False,False,False,False
2022,f53d98ff-57b5-5bdb-aecd-c16a9a946c0e,2022-11-29,group stage,IR Iran,United States,0-1,1.1591861151971787,1.3537126619170945,team_b_win,team_b_win,1,0.3171203010458098,0.3039886904993598,0.37889100845483037,0.37889100845483037,0.9705066918941323,0.5787507886651582,0.7564493885571366,0.8054734532800842,0.09376297737169659,2.3669851984134174,1-1,0.14494088222479629,0-0,0.09626025895630728,0-1,0.09376297737169659,False,False,True,True
2022,d6dca5ac-8844-5fb9-81cc-7b0af026ecd3,2022-11-29,group stage,Netherlands,Qatar,2-0,2.2446287687671913,0.8719633328913995,team_a_win,team_a_win,1,0.6968498643195866,0.15938959182587187,0.14376054385454162,0.6968498643195866,0.36118529412197337,0.13797214071482466,0.5582960508292953,0.6273345641242081,0.1147985208452575,2.164576679802871,2-0,0.1147985208452575,2-1,0.10010010084723352,1-0,0.09515204853774638,True,False,False,True
2022,e9bd9746-e806-5e59-8a9e-fd273be68344,2022-11-29,group stage,Wales,England,0-3,0.5792512244031154,2.1369744110613462,team_b_win,team_b_win,1,0.09599174703813612,0.16585311417495077,0.7381551387869132,0.7381551387869132,0.30360126131535603,0.10528440232466346,0.7211384066708846,1.4422768133417692,0.10887666430351538,2.2175395575564743,0-2,0.15284693687479517,0-1,0.13642090807809065,0-3,0.10887666430351538,False,False,True,True
2022,2035e8d6-71bc-54ea-9942-4202f06895f9,2022-11-29,group stage,Ecuador,Senegal,1-2,1.2693213489294841,0.9824522549570035,team_a_win,team_b_win,0,0.3949517362717229,0.3388290554444773,0.26621920828379986,0.26621920828379986,1.3234352182847477,0.8092262530890987,0.6434345469862404,1.2868690939724807,0.0620441478801564,2.7799090847501566,1-1,0.15770393838260588,0-0,0.12877607069592573,1-0,0.11598817979417281,False,False,False,False
2022,c0fdaf0b-50a5-5cf8-844e-481bc80dc3cd,2022-11-30,group stage,Poland,Argentina,0-2,0.6105523074125683,2.1882217128565395,team_b_win,team_b_win,1,0.10481236318826707,0.1701458005730897,0.7250418362386434,0.7250418362386434,0.3215259206355913,0.11553721674878381,0.3993870101345539,0.4223305945560287,0.1446862889287191,1.9331874049916877,0-2,0.1446862889287191,0-1,0.12578177459409043,0-3,0.10553522632881931,True,False,False,True
2022,5022444d-f097-5919-861f-3840f63862f1,2022-11-30,group stage,Tunisia,France,1-0,0.7018368140735064,1.8519855803363958,team_b_win,team_a_win,0,0.15123534592344834,0.1668580356663816,0.6819066184101702,0.15123534592344834,1.888918073221522,1.2132396783077253,1.0750743831314447,2.1501487662628893,0.05546656969261708,2.891974787594888,0-1,0.14483908136088902,0-2,0.1420983323433282,1-2,0.09972984085699974,False,False,False,False
2022,50162908-36d4-5ac6-a785-19feae267df1,2022-11-30,group stage,Saudi Arabia,Mexico,1-2,0.8403349586408385,1.5152343183651582,team_b_win,team_b_win,1,0.2258766424708066,0.2440743139215854,0.530049043607608,0.530049043607608,0.6347857416083843,0.33144642974430116,0.32221536149700164,0.3251006402756803,0.0928923063008444,2.376314453590307,0-1,0.13609857355590527,1-1,0.1139896109570269,0-2,0.11054199917029375,False,False,False,False
2022,b051eee3-159c-51aa-a38e-54991d7730de,2022-11-30,group stage,Australia,Denmark,1-0,1.0071495757561444,1.5954718176020284,team_b_win,team_a_win,0,0.253340542209232,0.22801652953018753,0.5186429282605804,0.253340542209232,1.3730206786856631,0.8784823706821041,0.8013106966790864,1.588322241845884,0.07184086071715723,2.633301874030493,0-1,0.11248469967620384,1-1,0.10879729638773103,1-2,0.09829441160058998,False,False,False,False
2022,632a1024-b5fe-5df0-a1b1-2aebd178f4e4,2022-12-01,group stage,Croatia,Belgium,0-0,0.9582304550082227,1.648668540104397,team_b_win,draw,0,0.2312450551448689,0.20527658495766657,0.5634783598974645,0.20527658495766657,1.583397014273911,1.002567444018239,1.3034494975563098,0.6904380850961743,0.06463054386238755,2.7390681647282324,0-1,0.12019920495613155,0-2,0.1073105855780171,1-2,0.10282827124562216,False,False,False,False
2022,997a12c6-cfee-5615-8365-0d1bd3cc1062,2022-12-01,group stage,Japan,Spain,2-1,1.0426628618645326,1.7844189037826133,team_b_win,team_a_win,0,0.24026510309584695,0.19444551874073435,0.5652893781634187,0.24026510309584695,1.4260123690249893,0.934558254396702,0.8708780209590403,1.7417560419180806,0.06532230918504331,2.7284216596210356,1-2,0.10308021980188792,0-1,0.1015636478340586,0-2,0.09886246415025815,False,False,False,False
2022,83ae8c6b-c7c7-5ec4-896c-669339c558da,2022-12-01,group stage,Canada,Morocco,1-2,1.122971233013386,1.2125409685452695,team_b_win,team_b_win,1,0.33031040824065616,0.2935660629966862,0.3761235287626577,0.3761235287626577,0.9778376556044628,0.5845078504990417,0.4552151322340583,0.9104302644681166,0.08097077725167545,2.51366696407521,1-1,0.1383929916043274,0-1,0.10824605927037297,0-0,0.10435906094362354,False,False,False,False
2022,79c20c8a-2cde-5b28-8545-1958d8634524,2022-12-01,group stage,Costa Rica,Germany,2-4,0.89242379725364,1.9086545897867815,team_b_win,team_b_win,1,0.17816385743217872,0.1802307059964845,0.6416054365713367,0.6416054365713367,0.4437817490066659,0.19267213057432708,1.5994608064797893,0.9837692074668585,0.014210243707470767,4.253792186600014,0-2,0.11754815059497475,0-1,0.11437997197181697,1-2,0.10490276691411009,False,False,False,False
2022,4d0adb30-305b-57ae-a8af-efff128560b0,2022-12-02,group stage,Korea Republic,Portugal,2-1,1.0682239521852916,1.8085612843049081,team_b_win,team_a_win,0,0.2264817762026382,0.26501888475620966,0.508499339041152,0.2264817762026382,1.4850907955624864,0.927137029629339,0.8701686660598082,1.7403373321196165,0.06156015231366791,2.787740495783397,1-1,0.12565551371409775,1-2,0.09292372130195606,0-1,0.08797610750901343,False,False,False,False
2022,60799425-edb9-528b-9f6d-12f35be49fb4,2022-12-02,group stage,Ghana,Uruguay,0-2,0.7964859549402135,1.491972012349638,team_b_win,team_b_win,1,0.19880970520996513,0.2844592221663627,0.5167310726236721,0.5167310726236721,0.6602327088149758,0.3539912041286318,0.6522569712952877,1.3045139425905754,0.11061298058992809,2.2017178315914343,0-1,0.13882947521101607,1-1,0.13123951502431017,0-0,0.11198056838460538,False,False,False,False
2022,b25393cb-d0d2-5605-a453-1e60986627ac,2022-12-02,group stage,Serbia,Switzerland,2-3,1.09610143024639,1.8093795809511586,team_b_win,team_b_win,1,0.24136350474995566,0.22507973323258518,0.5335567620174593,0.5335567620174593,0.6281898183658007,0.32648652199687067,1.0472594944012257,0.2867218492952315,0.032549624667517055,3.4249894413458977,1-1,0.10643121915332293,1-2,0.09847291770470927,0-1,0.09059614228935375,False,False,False,False
2022,fb9a84f5-4400-5e36-8777-446b450c1334,2022-12-02,group stage,Cameroon,Brazil,1-0,0.757283631458017,2.177069029115709,team_b_win,team_a_win,0,0.1293525897496592,0.18642698161860077,0.6842204286317402,0.1293525897496592,2.045213349293009,1.2609395274080495,1.2098926988288459,2.4197853976576917,0.03932714258160752,3.2358403475650306,0-2,0.12451978235887376,0-1,0.10746194756033108,1-2,0.09429679297308988,False,False,False,False
2022,6b4c338a-0f2c-5dca-937a-90ff3e98c7db,2022-12-03,round of 16,Netherlands,United States,3-1,1.6040868832182689,1.2580930884911092,team_a_win,team_a_win,1,0.4577403123735507,0.24515885836427945,0.29710082926216996,0.4577403123735507,0.7814532592264535,0.4424173374074804,0.8270031026364202,1.6540062052728404,0.05083030941675056,2.9792624602557907,1-1,0.11568850816120385,2-1,0.095064007969637,1-0,0.08472965224037601,False,False,False,False
2022,1417452a-dc98-59c2-8e3f-46f1f1c5d175,2022-12-03,round of 16,Argentina,Australia,2-1,2.071519943388047,0.6151809386264813,team_a_win,team_a_win,1,0.7083194216985352,0.17885875429512088,0.11282182400634391,0.7083194216985352,0.34486012643960506,0.1297967777183978,0.22816950238078293,0.45633900476156586,0.0899540050980773,2.4084567937505224,2-0,0.14622365461927067,1-0,0.13422736735427238,3-0,0.10096840557963496,False,False,False,False
2022,36cb71f7-ffd7-5591-9408-521db32241cc,2022-12-04,round of 16,England,Senegal,3-0,2.058830313833654,0.7681082317356528,team_a_win,team_a_win,1,0.6944488325193447,0.16769509529905535,0.13785607218159987,0.6944488325193447,0.36463679478001654,0.14048745757348918,0.8546389589509993,1.7092779179019986,0.08968613080188949,2.411439139465124,2-0,0.13068507423745243,1-0,0.1191498404801715,2-1,0.10038028128677211,False,False,False,False
2022,91bd493c-f56a-5e35-82b9-09cdcccd6c7d,2022-12-04,round of 16,France,Poland,3-1,2.200029249661821,0.813816950603994,team_a_win,team_a_win,1,0.7124243594586923,0.1495527594592834,0.13802288108202435,0.7124243594586923,0.33908153463817164,0.12411609259681232,0.49307689986709263,0.613787700942173,0.0739778116605522,2.6039900731646655,2-0,0.12395599871824717,1-0,0.10534932597390165,2-1,0.1008774928859565,False,False,False,False
2022,f48de4b6-64e6-548c-a745-f95e71fc65fa,2022-12-05,round of 16,Japan,Croatia,1-1,1.3711941144291102,1.404194849881272,team_a_win,draw,0,0.3948430117797549,0.21361600571139394,0.39154098250885117,0.21361600571139394,1.5435752415976653,0.9276051314086066,0.3876944821551911,0.033000735452161756,0.1013153306960354,2.2895175396319205,1-1,0.1013153306960354,2-1,0.09128649023923951,1-2,0.08894621008714274,True,False,False,True
2022,68d6b325-1d50-5d79-b8c4-b71cc62f4956,2022-12-05,round of 16,Brazil,Korea Republic,4-1,1.932069190926343,0.7479278680106742,team_a_win,team_a_win,1,0.656807402161422,0.1882487042600086,0.15494389357856952,0.656807402161422,0.4203644508687192,0.17722634402405119,1.1600014705314914,1.8158586770843312,0.030294438539592974,3.4967911298616294,2-0,0.1302084256990621,1-0,0.12672165723211823,2-1,0.09738651023012582,False,False,False,False
2022,0152a883-b8f6-5656-b596-16bd5050b7ec,2022-12-06,round of 16,Portugal,Switzerland,6-1,1.3409609630090793,1.2806446284820627,team_a_win,team_a_win,1,0.3866001606388477,0.2596779664664167,0.35372187289473556,0.3866001606388477,0.9503642966910562,0.5688111725605803,2.4698418327364915,4.939683665472984,0.0007794390322010484,7.156936086507294,1-1,0.12393044475122994,1-0,0.09071168411280375,2-1,0.08678009281004491,False,False,False,False
2022,c2b900b1-b5f0-5d17-8293-7ffae27d39dd,2022-12-06,round of 16,Morocco,Spain,0-0,0.9559676644365982,1.6833519669509156,team_b_win,draw,0,0.2368125887613696,0.19223416219553885,0.5709532490430915,0.19223416219553885,1.6490410552874963,1.0345534635126672,1.319659815693757,0.7273843025143174,0.05957286744991907,2.8205550526947762,0-1,0.11835922344289208,0-2,0.10786971235322879,1-2,0.10311995698176377,False,False,False,False
2022,5dce998c-d59e-559f-a770-aa5bbbd57b3b,2022-12-09,quarter-finals,Croatia,Brazil,1-1,0.6464455265191401,2.124326603367674,team_b_win,draw,0,0.11859159102240005,0.17272437841748764,0.7086840305601124,0.17272437841748764,1.7560581432967026,1.2006819746968826,0.7389405384242669,1.4778810768485338,0.08150771648190148,2.507057582457733,0-2,0.1410467552063523,0-1,0.1259245461405614,0-3,0.09987645813451407,False,False,False,False
2022,02035e62-390d-517e-98ca-5e52feb17737,2022-12-09,quarter-finals,Netherlands,Argentina,2-2,0.7330590925002127,1.7943989074097182,team_b_win,draw,0,0.17010284971137485,0.20746227821031096,0.6224348720783143,0.20746227821031096,1.572805747595046,1.0444761899186685,0.7362710000450345,1.0613398149095055,0.029645781084194075,3.5184354542463416,0-1,0.13565697801109192,0-2,0.12929376411377838,1-1,0.09736181539112734,False,False,False,False
2022,889faae7-9a32-56c0-8d17-3895d954a13d,2022-12-10,quarter-finals,England,France,1-2,1.3074963783314635,1.6807582743409064,team_b_win,team_b_win,1,0.31554776784833694,0.2187270825055345,0.4657251496461286,0.4657251496461286,0.7641596264877657,0.4328615461361026,0.31336905199527854,0.6267381039905571,0.09555495169223399,2.348053786590648,1-1,0.10187659556712216,1-2,0.09555495169223399,2-1,0.07878366641668365,False,True,False,True
2022,0bb0d35e-8394-52d7-8bcd-6a0338e259ef,2022-12-10,quarter-finals,Morocco,Portugal,1-0,1.034741364082494,1.6087853081128387,team_b_win,team_a_win,0,0.26569930515781387,0.22066642327991237,0.5136342715622738,0.26569930515781387,1.3253900413578623,0.8517113457321744,0.8217633360976664,1.5740439440303446,0.07266664664634723,2.621872780370179,0-1,0.10827526801969761,1-1,0.10533793255154375,1-2,0.09825515173741588,False,False,False,False
2022,f4265fb1-3b3d-585f-8b2f-b66948961e31,2022-12-13,semi-finals,Argentina,Croatia,3-0,2.0056879150948657,0.5690769844732549,team_a_win,team_a_win,1,0.711707921284573,0.1837915187351825,0.10450055998024448,0.711707921284573,0.340087674649525,0.12781201204523154,0.7816945346891946,1.5633890693783892,0.10308978773110607,2.2721549449398295,2-0,0.15419615427990965,1-0,0.1467588198270116,3-0,0.10308978773110607,False,False,True,True
2022,05f0c30c-6970-5c63-b0a6-e75b2454ddfb,2022-12-14,semi-finals,France,Morocco,2-0,1.977514571209246,0.9154967657974905,team_a_win,team_a_win,1,0.6497848548048084,0.16113440908336463,0.18908073611182707,0.6497848548048084,0.431113963490585,0.1843664704833246,0.4689910972941223,0.9379821945882445,0.11478887171635521,2.1646607360639774,2-0,0.11478887171635521,1-0,0.10759138364966252,2-1,0.10508884080586624,True,False,False,True
2022,7c19d83e-44b2-5eeb-b20c-c82ccc8bd6eb,2022-12-17,third-place match,Croatia,Morocco,2-1,1.3154752342904632,1.374663985976094,team_b_win,team_a_win,0,0.37618864212645187,0.22975168784137345,0.39405967003217474,0.37618864212645187,0.9776645536223965,0.5972094718238663,0.5295943758428154,1.0591887516856309,0.08746134805342667,2.4365583197451586,1-1,0.10945567139252015,1-2,0.08875537824563642,0-1,0.08783203922865626,False,False,False,False
2022,f9033dbf-2547-5e34-a258-0b384fb2926e,2022-12-18,final,Argentina,France,3-3,1.1493451727069925,1.122435994291608,team_a_win,draw,0,0.37321847134753905,0.2611836370662805,0.3655978915861805,0.2611836370662805,1.3425315287707904,0.8188034638258639,1.8641094165006997,0.026909178415384538,0.00523195871878805,5.252969554998265,1-1,0.12222680015854114,1-0,0.11401363550518147,0-1,0.11309203900103743,False,False,False,False
