league,season,date,round,home_team,score,away_team,venue,game_id
INT-World Cup,2026,2026-06-11,Group stage,Korea Republic,2–1,Czechia,Estadio Akron (Neutral Site),beebb792
INT-World Cup,2026,2026-06-11,Group stage,Mexico,2–0,South Africa,Estadio Banorte (Neutral Site),3c1e3816
INT-World Cup,2026,2026-06-12,Group stage,Canada,1–1,Bosnia–Herz,BMO Field (Neutral Site),f6d2bd84
INT-World Cup,2026,2026-06-12,Group stage,United States,4–1,Paraguay,SoFi Stadium (Neutral Site),f6c0596c
INT-World Cup,2026,2026-06-13,Group stage,Australia,2–0,Türkiye,BC Place Stadium (Neutral Site),4ff2342a
INT-World Cup,2026,2026-06-13,Group stage,Brazil,1–1,Morocco,MetLife Stadium (Neutral Site),72d993fd
INT-World Cup,2026,2026-06-13,Group stage,Haiti,0–1,Scotland,Gillette Stadium (Neutral Site),58c3106f
INT-World Cup,2026,2026-06-13,Group stage,Qatar,1–1,Switzerland,Levi's Stadium (Neutral Site),58580af9
INT-World Cup,2026,2026-06-14,Group stage,Côte d'Ivoire,1–0,Ecuador,Lincoln Financial Field (Neutral Site),f8ee7eef
INT-World Cup,2026,2026-06-14,Group stage,Germany,7–1,Curaçao,Reliant Stadium (Neutral Site),a2c54ed9
INT-World Cup,2026,2026-06-14,Group stage,Netherlands,2–2,Japan,AT&T Stadium (Neutral Site),faa0cb98
INT-World Cup,2026,2026-06-14,Group stage,Sweden,5–1,Tunisia,Estadio BBVA (Neutral Site),6df52cfd
INT-World Cup,2026,2026-06-15,Group stage,Belgium,1–1,Egypt,Lumen Field (Neutral Site),5f18a385
INT-World Cup,2026,2026-06-15,Group stage,IR Iran,2–2,New Zealand,SoFi Stadium (Neutral Site),a039dc32
INT-World Cup,2026,2026-06-15,Group stage,Saudi Arabia,1–1,Uruguay,Hard Rock Stadium (Neutral Site),82de5964
INT-World Cup,2026,2026-06-15,Group stage,Spain,0–0,Cabo Verde,Mercedes-Benz Stadium (Neutral Site),c100284d
INT-World Cup,2026,2026-06-16,Group stage,Argentina,3–0,Algeria,GEHA Field at Arrowhead Stadium (Neutral Site),881ab666
INT-World Cup,2026,2026-06-16,Group stage,Austria,3–1,Jordan,Levi's Stadium (Neutral Site),140e19d9
INT-World Cup,2026,2026-06-16,Group stage,France,3–1,Senegal,MetLife Stadium (Neutral Site),2712fac7
INT-World Cup,2026,2026-06-16,Group stage,Iraq,1–4,Norway,Gillette Stadium (Neutral Site),17eda16a
INT-World Cup,2026,2026-06-17,Group stage,England,4–2,Croatia,AT&T Stadium (Neutral Site),c42ce3be
INT-World Cup,2026,2026-06-17,Group stage,Ghana,1–0,Panama,BMO Field (Neutral Site),9f71086a
INT-World Cup,2026,2026-06-17,Group stage,Portugal,1–1,Congo DR,Reliant Stadium (Neutral Site),c95830e9
INT-World Cup,2026,2026-06-17,Group stage,Uzbekistan,1–3,Colombia,Estadio Banorte (Neutral Site),3329959e
INT-World Cup,2026,2026-06-18,Group stage,Canada,6–0,Qatar,BC Place Stadium (Neutral Site),60dedabb
INT-World Cup,2026,2026-06-18,Group stage,Czechia,1–1,South Africa,Mercedes-Benz Stadium (Neutral Site),02f675d6
INT-World Cup,2026,2026-06-18,Group stage,Mexico,1–0,Korea Republic,Estadio Akron (Neutral Site),50a429da
INT-World Cup,2026,2026-06-18,Group stage,Switzerland,4–1,Bosnia–Herz,SoFi Stadium (Neutral Site),5134daab
INT-World Cup,2026,2026-06-19,Group stage,Brazil,3–0,Haiti,Lincoln Financial Field (Neutral Site),48cce92a
INT-World Cup,2026,2026-06-19,Group stage,Scotland,0–1,Morocco,Gillette Stadium (Neutral Site),2a469714
INT-World Cup,2026,2026-06-19,Group stage,Türkiye,0–1,Paraguay,Levi's Stadium (Neutral Site),82209c60
INT-World Cup,2026,2026-06-19,Group stage,United States,2–0,Australia,Lumen Field (Neutral Site),580cb771
INT-World Cup,2026,2026-06-20,Group stage,Ecuador,0–0,Curaçao,GEHA Field at Arrowhead Stadium (Neutral Site),ca7eecdb
INT-World Cup,2026,2026-06-20,Group stage,Germany,2–1,Côte d'Ivoire,BMO Field (Neutral Site),43fec9f3
INT-World Cup,2026,2026-06-20,Group stage,Netherlands,5–1,Sweden,Reliant Stadium (Neutral Site),816f4180
INT-World Cup,2026,2026-06-20,Group stage,Tunisia,0–4,Japan,Estadio BBVA (Neutral Site),27695f4a
INT-World Cup,2026,2026-06-21,Group stage,Belgium,0–0,IR Iran,SoFi Stadium (Neutral Site),c96f559b
INT-World Cup,2026,2026-06-21,Group stage,New Zealand,1–3,Egypt,BC Place Stadium (Neutral Site),d5699a16
INT-World Cup,2026,2026-06-21,Group stage,Spain,4–0,Saudi Arabia,Mercedes-Benz Stadium (Neutral Site),0fcac1d8
INT-World Cup,2026,2026-06-21,Group stage,Uruguay,2–2,Cabo Verde,Hard Rock Stadium (Neutral Site),bc0e570b
INT-World Cup,2026,2026-06-22,Group stage,Argentina,2–0,Austria,AT&T Stadium (Neutral Site),e7d8a062
INT-World Cup,2026,2026-06-22,Group stage,France,3–0,Iraq,Lincoln Financial Field (Neutral Site),31f1f241
INT-World Cup,2026,2026-06-22,Group stage,Jordan,1–2,Algeria,Levi's Stadium (Neutral Site),eb19002c
INT-World Cup,2026,2026-06-22,Group stage,Norway,3–2,Senegal,MetLife Stadium (Neutral Site),7382111b
INT-World Cup,2026,2026-06-23,Group stage,Colombia,1–0,Congo DR,Estadio Akron (Neutral Site),f2e8741b
INT-World Cup,2026,2026-06-23,Group stage,England,0–0,Ghana,Gillette Stadium (Neutral Site),3dac8725
INT-World Cup,2026,2026-06-23,Group stage,Panama,0–1,Croatia,BMO Field (Neutral Site),28a6d770
INT-World Cup,2026,2026-06-23,Group stage,Portugal,5–0,Uzbekistan,Reliant Stadium (Neutral Site),904bbbdc
INT-World Cup,2026,2026-06-24,Group stage,Bosnia–Herz,3–1,Qatar,Lumen Field (Neutral Site),a59cb59d
INT-World Cup,2026,2026-06-24,Group stage,Czechia,0–3,Mexico,Estadio Banorte (Neutral Site),f26b468c
INT-World Cup,2026,2026-06-24,Group stage,Morocco,4–2,Haiti,Mercedes-Benz Stadium (Neutral Site),2307866a
INT-World Cup,2026,2026-06-24,Group stage,Scotland,0–3,Brazil,Hard Rock Stadium (Neutral Site),0ef71ab6
INT-World Cup,2026,2026-06-24,Group stage,South Africa,1–0,Korea Republic,Estadio BBVA (Neutral Site),311661a5
INT-World Cup,2026,2026-06-24,Group stage,Switzerland,2–1,Canada,BC Place Stadium (Neutral Site),199a57aa
INT-World Cup,2026,2026-06-25,Group stage,Curaçao,0–2,Côte d'Ivoire,Lincoln Financial Field (Neutral Site),89835aff
INT-World Cup,2026,2026-06-25,Group stage,Ecuador,2–1,Germany,MetLife Stadium (Neutral Site),cc4ebc5b
INT-World Cup,2026,2026-06-25,Group stage,Japan,1–1,Sweden,AT&T Stadium (Neutral Site),994aa701
INT-World Cup,2026,2026-06-25,Group stage,Paraguay,0–0,Australia,Levi's Stadium (Neutral Site),c8fa19f5
INT-World Cup,2026,2026-06-25,Group stage,Tunisia,1–3,Netherlands,GEHA Field at Arrowhead Stadium (Neutral Site),63b14e23
INT-World Cup,2026,2026-06-25,Group stage,Türkiye,3–2,United States,SoFi Stadium (Neutral Site),358fd0fc
INT-World Cup,2026,2026-06-26,Group stage,Cabo Verde,0–0,Saudi Arabia,Reliant Stadium (Neutral Site),8d6d70b6
INT-World Cup,2026,2026-06-26,Group stage,Egypt,1–1,IR Iran,Lumen Field (Neutral Site),acc93b55
INT-World Cup,2026,2026-06-26,Group stage,New Zealand,1–5,Belgium,BC Place Stadium (Neutral Site),f527457d
INT-World Cup,2026,2026-06-26,Group stage,Norway,1–4,France,Gillette Stadium (Neutral Site),1bcdcfc8
INT-World Cup,2026,2026-06-26,Group stage,Senegal,5–0,Iraq,BMO Field (Neutral Site),583c1910
INT-World Cup,2026,2026-06-26,Group stage,Uruguay,0–1,Spain,Estadio Akron (Neutral Site),48dd64d5
INT-World Cup,2026,2026-06-27,Group stage,Algeria,3–3,Austria,GEHA Field at Arrowhead Stadium (Neutral Site),79a8f8c8
INT-World Cup,2026,2026-06-27,Group stage,Colombia,0–0,Portugal,Hard Rock Stadium (Neutral Site),ded93e98
INT-World Cup,2026,2026-06-27,Group stage,Congo DR,3–1,Uzbekistan,Mercedes-Benz Stadium (Neutral Site),6287f9c7
INT-World Cup,2026,2026-06-27,Group stage,Croatia,2–1,Ghana,Lincoln Financial Field (Neutral Site),a051b2ea
INT-World Cup,2026,2026-06-27,Group stage,Jordan,1–3,Argentina,AT&T Stadium (Neutral Site),5ec98037
INT-World Cup,2026,2026-06-27,Group stage,Panama,0–2,England,MetLife Stadium (Neutral Site),d7e30dec
INT-World Cup,2026,2026-06-28,Round of 32,South Africa,0–1,Canada,SoFi Stadium (Neutral Site),c4104726
INT-World Cup,2026,2026-06-29,Round of 32,Brazil,2–1,Japan,Reliant Stadium (Neutral Site),58289f35
INT-World Cup,2026,2026-06-29,Round of 32,Germany,(3) 1–1 (4),Paraguay,Gillette Stadium (Neutral Site),89da405b
INT-World Cup,2026,2026-06-29,Round of 32,Netherlands,(2) 1–1 (3),Morocco,Estadio BBVA (Neutral Site),bebca560
INT-World Cup,2026,2026-06-30,Round of 32,Côte d'Ivoire,1–2,Norway,AT&T Stadium (Neutral Site),d280258e
INT-World Cup,2026,2026-06-30,Round of 32,France,3–0,Sweden,MetLife Stadium (Neutral Site),da47849b
INT-World Cup,2026,2026-06-30,Round of 32,Mexico,2–0,Ecuador,Estadio Banorte (Neutral Site),5eca3d3a
INT-World Cup,2026,2026-07-01,Round of 32,Belgium,3–2,Senegal,Lumen Field (Neutral Site),cf968279
INT-World Cup,2026,2026-07-01,Round of 32,England,2–1,Congo DR,Mercedes-Benz Stadium (Neutral Site),520a5665
INT-World Cup,2026,2026-07-01,Round of 32,United States,2–0,Bosnia–Herz,Levi's Stadium (Neutral Site),89aea7f3
INT-World Cup,2026,2026-07-02,Round of 32,Portugal,2–1,Croatia,BMO Field (Neutral Site),87717b95
INT-World Cup,2026,2026-07-02,Round of 32,Spain,3–0,Austria,SoFi Stadium (Neutral Site),288fba4d
INT-World Cup,2026,2026-07-02,Round of 32,Switzerland,2–0,Algeria,BC Place Stadium (Neutral Site),b2f307a9
INT-World Cup,2026,2026-07-03,Round of 32,Argentina,3–2,Cabo Verde,Hard Rock Stadium (Neutral Site),675b328b
INT-World Cup,2026,2026-07-03,Round of 32,Australia,(2) 1–1 (4),Egypt,AT&T Stadium (Neutral Site),3ccca695
INT-World Cup,2026,2026-07-03,Round of 32,Colombia,1–0,Ghana,GEHA Field at Arrowhead Stadium (Neutral Site),d4ac0040
INT-World Cup,2026,2026-07-04,Round of 16,Canada,0–3,Morocco,Reliant Stadium (Neutral Site),b709bfa1
INT-World Cup,2026,2026-07-04,Round of 16,Paraguay,0–1,France,Lincoln Financial Field (Neutral Site),8ad9833e
INT-World Cup,2026,2026-07-05,Round of 16,Brazil,1–2,Norway,MetLife Stadium (Neutral Site),dabafdc1
INT-World Cup,2026,2026-07-05,Round of 16,Mexico,2–3,England,Estadio Banorte (Neutral Site),3ed2ad56
INT-World Cup,2026,2026-07-06,Round of 16,Portugal,0–1,Spain,AT&T Stadium (Neutral Site),fe9daeb3
INT-World Cup,2026,2026-07-06,Round of 16,United States,1–4,Belgium,Lumen Field (Neutral Site),ac3ca9ea
INT-World Cup,2026,2026-07-07,Round of 16,Argentina,3–2,Egypt,Mercedes-Benz Stadium (Neutral Site),99ef3f64
INT-World Cup,2026,2026-07-07,Round of 16,Switzerland,(4) 0–0 (3),Colombia,BC Place Stadium (Neutral Site),fb7171eb
INT-World Cup,2026,2026-07-09,Quarter-finals,France,,Morocco,Gillette Stadium (Neutral Site),
INT-World Cup,2026,2026-07-10,Quarter-finals,Spain,,Belgium,SoFi Stadium (Neutral Site),
INT-World Cup,2026,2026-07-11,Quarter-finals,Argentina,,Switzerland,GEHA Field at Arrowhead Stadium (Neutral Site),
INT-World Cup,2026,2026-07-11,Quarter-finals,Norway,,England,Hard Rock Stadium (Neutral Site),
