match_id,match_slug,match_url,title,home_team,away_team,kickoff,round,venue,referee,status,home_score,away_score,category,player,saves,goals_conceded,xgot_faced,goals_prevented,acted_as_sweeper,high_claim,accurate_long_balls,accurate_passes
4667751,south-africa-vs-mexico,https://www.fotmob.com/matches/south-africa-vs-mexico/1einvt#4667751,Mexico vs South Africa (2026-06-11T19:00:00.000Z),Mexico,South Africa,2026-06-11T19:00:00.000Z,FIFA World Cup Round 1,Mexico City Stadium,Wilton Sampaio,Full time,2,0,Goalkeeping,Ronwen Williams,2,2,1.28,-0.72,1,2,8/19 (42%),28/40 (70%)
4667751,south-africa-vs-mexico,https://www.fotmob.com/matches/south-africa-vs-mexico/1einvt#4667751,Mexico vs South Africa (2026-06-11T19:00:00.000Z),Mexico,South Africa,2026-06-11T19:00:00.000Z,FIFA World Cup Round 1,Mexico City Stadium,Wilton Sampaio,Full time,2,0,Goalkeeping,Raúl Rangel,2,0,0.13,0.13,0,0,9/13 (69%),26/30 (87%)
4667752,south-korea-vs-czechia,https://www.fotmob.com/matches/south-korea-vs-czechia/273opa#4667752,South Korea vs Czechia (2026-06-12T02:00:00.000Z),South Korea,Czechia,2026-06-12T02:00:00.000Z,FIFA World Cup Round 1,Guadalajara Stadium,Amin Omar,Full time,2,1,Goalkeeping,Matej Kovár,4,2,2.06,0.06,2,0,8/25 (32%),9/26 (35%)
4667752,south-korea-vs-czechia,https://www.fotmob.com/matches/south-korea-vs-czechia/273opa#4667752,South Korea vs Czechia (2026-06-12T02:00:00.000Z),South Korea,Czechia,2026-06-12T02:00:00.000Z,FIFA World Cup Round 1,Guadalajara Stadium,Amin Omar,Full time,2,1,Goalkeeping,Seung-Gyu Kim,3,1,2.07,1.07,1,0,8/23 (35%),19/34 (56%)
4667758,qatar-vs-switzerland,https://www.fotmob.com/matches/qatar-vs-switzerland/1beswv#4667758,Qatar vs Switzerland (2026-06-13T19:00:00.000Z),Qatar,Switzerland,2026-06-13T19:00:00.000Z,FIFA World Cup Round 1,San Francisco Bay Area Stadium,Héctor Saíd Martínez Sorto,Full time,1,1,Goalkeeping,Mahmud Abunada,5,1,1.78,0.78,0,2,2/13 (15%),20/31 (65%)
4667758,qatar-vs-switzerland,https://www.fotmob.com/matches/qatar-vs-switzerland/1beswv#4667758,Qatar vs Switzerland (2026-06-13T19:00:00.000Z),Qatar,Switzerland,2026-06-13T19:00:00.000Z,FIFA World Cup Round 1,San Francisco Bay Area Stadium,Héctor Saíd Martínez Sorto,Full time,1,1,Goalkeeping,Gregor Kobel,3,1,0.46,0.46,2,0,2/4 (50%),16/18 (89%)
4667757,canada-vs-bosnia-herzegovina,https://www.fotmob.com/matches/canada-vs-bosnia-herzegovina/23f1qo#4667757,Canada vs Bosnia and Herzegovina (2026-06-12T19:00:00.000Z),Canada,Bosnia and Herzegovina,2026-06-12T19:00:00.000Z,FIFA World Cup Round 1,Toronto Stadium,Facundo Tello,Full time,1,1,Goalkeeping,Maxime Crépeau,2,1,1.0,0.0,1,0,2/9 (22%),17/24 (71%)
4667757,canada-vs-bosnia-herzegovina,https://www.fotmob.com/matches/canada-vs-bosnia-herzegovina/23f1qo#4667757,Canada vs Bosnia and Herzegovina (2026-06-12T19:00:00.000Z),Canada,Bosnia and Herzegovina,2026-06-12T19:00:00.000Z,FIFA World Cup Round 1,Toronto Stadium,Facundo Tello,Full time,1,1,Goalkeeping,Nikola Vasilj,1,1,0.75,-0.25,0,3,5/24 (21%),11/30 (37%)
4667765,haiti-vs-scotland,https://www.fotmob.com/matches/haiti-vs-scotland/1q0g2q#4667765,Haiti vs Scotland (2026-06-14T01:00:00.000Z),Haiti,Scotland,2026-06-14T01:00:00.000Z,FIFA World Cup Round 1,Boston Stadium,Mustapha Ghorbal,Full time,0,1,Goalkeeping,Angus Gunn,2,0,0.22,0.22,0,1,11/23 (48%),25/37 (68%)
4667765,haiti-vs-scotland,https://www.fotmob.com/matches/haiti-vs-scotland/1q0g2q#4667765,Haiti vs Scotland (2026-06-14T01:00:00.000Z),Haiti,Scotland,2026-06-14T01:00:00.000Z,FIFA World Cup Round 1,Boston Stadium,Mustapha Ghorbal,Full time,0,1,Goalkeeping,Johny Placide,1,1,1.18,0.18,0,0,6/17 (35%),20/31 (65%)
4667764,morocco-vs-brazil,https://www.fotmob.com/matches/morocco-vs-brazil/1qr4gd#4667764,Brazil vs Morocco (2026-06-13T22:00:00.000Z),Brazil,Morocco,2026-06-13T22:00:00.000Z,FIFA World Cup Round 1,New York New Jersey Stadium,Slavko Vinčić,Full time,1,1,Goalkeeping,Yassine Bounou,4,1,1.38,0.38,1,0,0/18 (0%),17/35 (49%)
4667764,morocco-vs-brazil,https://www.fotmob.com/matches/morocco-vs-brazil/1qr4gd#4667764,Brazil vs Morocco (2026-06-13T22:00:00.000Z),Brazil,Morocco,2026-06-13T22:00:00.000Z,FIFA World Cup Round 1,New York New Jersey Stadium,Slavko Vinčić,Full time,1,1,Goalkeeping,Alisson Becker,2,1,0.74,-0.26,0,0,3/8 (38%),22/27 (81%)
4667771,usa-vs-paraguay,https://www.fotmob.com/matches/usa-vs-paraguay/1hr85j#4667771,USA vs Paraguay (2026-06-13T01:00:00.000Z),USA,Paraguay,2026-06-13T01:00:00.000Z,FIFA World Cup Round 1,Los Angeles Stadium,Danny Makkelie,Full time,4,1,Goalkeeping,Orlando Gill,3,4,2.54,-0.46,1,0,7/16 (44%),15/25 (60%)
4667771,usa-vs-paraguay,https://www.fotmob.com/matches/usa-vs-paraguay/1hr85j#4667771,USA vs Paraguay (2026-06-13T01:00:00.000Z),USA,Paraguay,2026-06-13T01:00:00.000Z,FIFA World Cup Round 1,Los Angeles Stadium,Danny Makkelie,Full time,4,1,Goalkeeping,Matt Freese,0,1,0.42,-0.58,0,1,2/10 (20%),12/20 (60%)
4667772,turkiye-vs-australia,https://www.fotmob.com/matches/turkiye-vs-australia/1gr3uk#4667772,Australia vs Turkiye (2026-06-14T04:00:00.000Z),Australia,Turkiye,2026-06-14T04:00:00.000Z,FIFA World Cup Round 1,,,Full time,2,0,Goalkeeping,Patrick Beach,8,0,1.46,1.46,1,1,4/25 (16%),14/35 (40%)
4667772,turkiye-vs-australia,https://www.fotmob.com/matches/turkiye-vs-australia/1gr3uk#4667772,Australia vs Turkiye (2026-06-14T04:00:00.000Z),Australia,Turkiye,2026-06-14T04:00:00.000Z,FIFA World Cup Round 1,,,Full time,2,0,Goalkeeping,Ugurcan Çakir,2,2,1.08,-0.92,2,1,3/4 (75%),19/20 (95%)
4667777,germany-vs-curacao,https://www.fotmob.com/matches/germany-vs-curacao/k77fsyu#4667777,Germany vs Curacao (2026-06-14T17:00:00.000Z),Germany,Curacao,2026-06-14T17:00:00.000Z,FIFA World Cup Round 1,Houston Stadium,Jalal Jayed,Full time,7,1,Goalkeeping,Eloy Room,4,7,5.24,-1.76,0,1,4/18 (22%),14/28 (50%)
4667777,germany-vs-curacao,https://www.fotmob.com/matches/germany-vs-curacao/k77fsyu#4667777,Germany vs Curacao (2026-06-14T17:00:00.000Z),Germany,Curacao,2026-06-14T17:00:00.000Z,FIFA World Cup Round 1,Houston Stadium,Jalal Jayed,Full time,7,1,Goalkeeping,Manuel Neuer,1,1,0.5,-0.5,2,0,4/7 (57%),19/22 (86%)
4667778,ecuador-vs-ivory-coast,https://www.fotmob.com/matches/ecuador-vs-ivory-coast/1hl6kp#4667778,Ivory Coast vs Ecuador (2026-06-14T23:00:00.000Z),Ivory Coast,Ecuador,2026-06-14T23:00:00.000Z,FIFA World Cup Round 1,Philadelphia Stadium,François Letexier,Full time,1,0,Goalkeeping,Hernán Galindez,3,1,1.22,0.22,0,0,3/16 (19%),19/32 (59%)
4667778,ecuador-vs-ivory-coast,https://www.fotmob.com/matches/ecuador-vs-ivory-coast/1hl6kp#4667778,Ivory Coast vs Ecuador (2026-06-14T23:00:00.000Z),Ivory Coast,Ecuador,2026-06-14T23:00:00.000Z,FIFA World Cup Round 1,Philadelphia Stadium,François Letexier,Full time,1,0,Goalkeeping,Yahia Fofana,1,0,0.03,0.03,0,1,3/16 (19%),12/25 (48%)
4667784,tunisia-vs-sweden,https://www.fotmob.com/matches/tunisia-vs-sweden/1x5290#4667784,Sweden vs Tunisia (2026-06-15T02:00:00.000Z),Sweden,Tunisia,2026-06-15T02:00:00.000Z,FIFA World Cup Round 1,Monterrey Stadium,Yael Falcón Pérez,Full time,5,1,Goalkeeping,Abdelmouhib Chamakh,1,5,2.12,-2.88,0,1,3/11 (27%),11/19 (58%)
4667784,tunisia-vs-sweden,https://www.fotmob.com/matches/tunisia-vs-sweden/1x5290#4667784,Sweden vs Tunisia (2026-06-15T02:00:00.000Z),Sweden,Tunisia,2026-06-15T02:00:00.000Z,FIFA World Cup Round 1,Monterrey Stadium,Yael Falcón Pérez,Full time,5,1,Goalkeeping,Kristoffer Nordfeldt,1,1,0.35,-0.65,0,1,8/17 (47%),19/28 (68%)
4667783,netherlands-vs-japan,https://www.fotmob.com/matches/netherlands-vs-japan/1hn72b#4667783,Netherlands vs Japan (2026-06-14T20:00:00.000Z),Netherlands,Japan,2026-06-14T20:00:00.000Z,FIFA World Cup Round 1,Dallas Stadium,Ismail Elfath,Full time,2,2,Goalkeeping,Zion Suzuki,4,2,2.16,0.16,0,0,1/11 (9%),10/20 (50%)
4667783,netherlands-vs-japan,https://www.fotmob.com/matches/netherlands-vs-japan/1hn72b#4667783,Netherlands vs Japan (2026-06-14T20:00:00.000Z),Netherlands,Japan,2026-06-14T20:00:00.000Z,FIFA World Cup Round 1,Dallas Stadium,Ismail Elfath,Full time,2,2,Goalkeeping,Bart Verbruggen,1,2,1.32,-0.68,1,0,4/14 (29%),20/30 (67%)
4667791,new-zealand-vs-iran,https://www.fotmob.com/matches/new-zealand-vs-iran/1ar30l#4667791,Iran vs New Zealand (2026-06-16T01:00:00.000Z),Iran,New Zealand,2026-06-16T01:00:00.000Z,FIFA World Cup Round 1,Los Angeles Stadium,Cesar Ramos,Full time,2,2,Goalkeeping,Alireza Beiranvand,6,2,1.0,-1.0,0,0,0/2 (0%),14/16 (88%)
4667791,new-zealand-vs-iran,https://www.fotmob.com/matches/new-zealand-vs-iran/1ar30l#4667791,Iran vs New Zealand (2026-06-16T01:00:00.000Z),Iran,New Zealand,2026-06-16T01:00:00.000Z,FIFA World Cup Round 1,Los Angeles Stadium,Cesar Ramos,Full time,2,2,Goalkeeping,Max Crocombe,2,2,1.72,-0.28,0,0,8/17 (47%),29/38 (76%)
4667790,belgium-vs-egypt,https://www.fotmob.com/matches/belgium-vs-egypt/2u3bhg#4667790,Belgium vs Egypt (2026-06-15T19:00:00.000Z),Belgium,Egypt,2026-06-15T19:00:00.000Z,FIFA World Cup Round 1,Seattle Stadium,Ramon Abatti,Full time,1,1,Goalkeeping,Mostafa Ahmed Shobeir,3,1,0.64,0.64,0,1,7/16 (44%),21/30 (70%)
4667790,belgium-vs-egypt,https://www.fotmob.com/matches/belgium-vs-egypt/2u3bhg#4667790,Belgium vs Egypt (2026-06-15T19:00:00.000Z),Belgium,Egypt,2026-06-15T19:00:00.000Z,FIFA World Cup Round 1,Seattle Stadium,Ramon Abatti,Full time,1,1,Goalkeeping,Thibaut Courtois,2,1,0.61,-0.39,3,1,2/4 (50%),9/11 (82%)
4667799,uruguay-vs-saudi-arabia,https://www.fotmob.com/matches/uruguay-vs-saudi-arabia/1izuvb#4667799,Saudi Arabia vs Uruguay (2026-06-15T22:00:00.000Z),Saudi Arabia,Uruguay,2026-06-15T22:00:00.000Z,FIFA World Cup Round 1,Miami Stadium,Maurizio Mariani,Full time,1,1,Goalkeeping,Mohammed Al Owais,9,1,1.68,0.68,0,0,5/24 (21%),10/29 (34%)
4667799,uruguay-vs-saudi-arabia,https://www.fotmob.com/matches/uruguay-vs-saudi-arabia/1izuvb#4667799,Saudi Arabia vs Uruguay (2026-06-15T22:00:00.000Z),Saudi Arabia,Uruguay,2026-06-15T22:00:00.000Z,FIFA World Cup Round 1,Miami Stadium,Maurizio Mariani,Full time,1,1,Goalkeeping,Fernando Muslera,2,1,0.65,-0.35,1,0,4/5 (80%),29/30 (97%)
4667798,cape-verde-vs-spain,https://www.fotmob.com/matches/cape-verde-vs-spain/1bbtuo#4667798,Spain vs Cape Verde (2026-06-15T16:00:00.000Z),Spain,Cape Verde,2026-06-15T16:00:00.000Z,FIFA World Cup Round 1,Atlanta Stadium,Adham Makhadmeh,Full time,0,0,Goalkeeping,Vozinha,7,0,1.45,1.45,0,3,10/23 (43%),29/42 (69%)
4667798,cape-verde-vs-spain,https://www.fotmob.com/matches/cape-verde-vs-spain/1bbtuo#4667798,Spain vs Cape Verde (2026-06-15T16:00:00.000Z),Spain,Cape Verde,2026-06-15T16:00:00.000Z,FIFA World Cup Round 1,Atlanta Stadium,Adham Makhadmeh,Full time,0,0,Goalkeeping,Unai Simón,1,0,0.13,0.13,1,0,1/1 (100%),17/17 (100%)
4667805,iraq-vs-norway,https://www.fotmob.com/matches/iraq-vs-norway/1oz68o#4667805,Iraq vs Norway (2026-06-16T22:00:00.000Z),Iraq,Norway,2026-06-16T22:00:00.000Z,FIFA World Cup Round 1,Boston Stadium,Pierre Ghislain Atcho,Full time,1,4,Goalkeeping,Jalal Hassan,2,4,2.65,-0.35,2,1,5/12 (42%),23/30 (77%)
4667805,iraq-vs-norway,https://www.fotmob.com/matches/iraq-vs-norway/1oz68o#4667805,Iraq vs Norway (2026-06-16T22:00:00.000Z),Iraq,Norway,2026-06-16T22:00:00.000Z,FIFA World Cup Round 1,Boston Stadium,Pierre Ghislain Atcho,Full time,1,4,Goalkeeping,Ørjan Håskjold Nyland,0,1,0.6,-0.4,1,0,8/14 (57%),25/31 (81%)
4667804,senegal-vs-france,https://www.fotmob.com/matches/senegal-vs-france/1f8fvo#4667804,France vs Senegal (2026-06-16T19:00:00.000Z),France,Senegal,2026-06-16T19:00:00.000Z,FIFA World Cup Round 1,New York New Jersey Stadium,Alireza Faghani,Full time,3,1,Goalkeeping,Édouard Mendy,5,3,2.06,-0.94,0,1,5/10 (50%),31/36 (86%)
4667804,senegal-vs-france,https://www.fotmob.com/matches/senegal-vs-france/1f8fvo#4667804,France vs Senegal (2026-06-16T19:00:00.000Z),France,Senegal,2026-06-16T19:00:00.000Z,FIFA World Cup Round 1,New York New Jersey Stadium,Alireza Faghani,Full time,3,1,Goalkeeping,Mike Maignan,2,1,0.17,-0.83,1,0,6/16 (38%),28/39 (72%)
4667812,algeria-vs-argentina,https://www.fotmob.com/matches/algeria-vs-argentina/1ehtqa#4667812,Argentina vs Algeria (2026-06-17T01:00:00.000Z),Argentina,Algeria,2026-06-17T01:00:00.000Z,FIFA World Cup Round 1,Kansas City Stadium,Szymon Marciniak,Full time,3,0,Goalkeeping,Luca Zidane,3,3,2.22,-0.78,1,0,2/2 (100%),37/37 (100%)
4667812,algeria-vs-argentina,https://www.fotmob.com/matches/algeria-vs-argentina/1ehtqa#4667812,Argentina vs Algeria (2026-06-17T01:00:00.000Z),Argentina,Algeria,2026-06-17T01:00:00.000Z,FIFA World Cup Round 1,Kansas City Stadium,Szymon Marciniak,Full time,3,0,Goalkeeping,Emiliano Martínez,0,0,0.0,0.0,0,0,8/18 (44%),31/41 (76%)
4667813,jordan-vs-austria,https://www.fotmob.com/matches/jordan-vs-austria/1my603#4667813,Austria vs Jordan (2026-06-17T04:00:00.000Z),Austria,Jordan,2026-06-17T04:00:00.000Z,FIFA World Cup Round 1,San Francisco Bay Area Stadium,Dahane Beida,Full time,3,1,Goalkeeping,Alexander Schlager,3,1,1.18,0.18,2,0,0/9 (0%),23/32 (72%)
4667813,jordan-vs-austria,https://www.fotmob.com/matches/jordan-vs-austria/1my603#4667813,Austria vs Jordan (2026-06-17T04:00:00.000Z),Austria,Jordan,2026-06-17T04:00:00.000Z,FIFA World Cup Round 1,San Francisco Bay Area Stadium,Dahane Beida,Full time,3,1,Goalkeeping,Yazeed Yazeed Abulaila,1,3,1.29,-0.71,0,0,4/15 (27%),15/26 (58%)
4667820,colombia-vs-uzbekistan,https://www.fotmob.com/matches/colombia-vs-uzbekistan/2dm7x9#4667820,Uzbekistan vs Colombia (2026-06-18T02:00:00.000Z),Uzbekistan,Colombia,2026-06-18T02:00:00.000Z,FIFA World Cup Round 1,Mexico City Stadium,Anthony Taylor,Full time,1,3,Goalkeeping,Utkir Yusupov,1,3,1.36,-1.64,0,2,4/15 (27%),12/23 (52%)
4667820,colombia-vs-uzbekistan,https://www.fotmob.com/matches/colombia-vs-uzbekistan/2dm7x9#4667820,Uzbekistan vs Colombia (2026-06-18T02:00:00.000Z),Uzbekistan,Colombia,2026-06-18T02:00:00.000Z,FIFA World Cup Round 1,Mexico City Stadium,Anthony Taylor,Full time,1,3,Goalkeeping,Camilo Vargas,1,1,1.19,0.19,0,0,4/16 (25%),25/37 (68%)
4667819,dr-congo-vs-portugal,https://www.fotmob.com/matches/dr-congo-vs-portugal/1s6g4o#4667819,Portugal vs DR Congo (2026-06-17T17:00:00.000Z),Portugal,DR Congo,2026-06-17T17:00:00.000Z,FIFA World Cup Round 1,Houston Stadium,Abdulrahman Ibrahim Al Jassim,Full time,1,1,Goalkeeping,Diogo Costa,1,1,0.97,-0.03,1,2,7/12 (58%),24/29 (83%)
4667819,dr-congo-vs-portugal,https://www.fotmob.com/matches/dr-congo-vs-portugal/1s6g4o#4667819,Portugal vs DR Congo (2026-06-17T17:00:00.000Z),Portugal,DR Congo,2026-06-17T17:00:00.000Z,FIFA World Cup Round 1,Houston Stadium,Abdulrahman Ibrahim Al Jassim,Full time,1,1,Goalkeeping,Lionel Mpasi-Nzau,0,1,0.53,-0.47,1,3,2/18 (11%),9/25 (36%)
4667825,england-vs-croatia,https://www.fotmob.com/matches/england-vs-croatia/2viayw#4667825,England vs Croatia (2026-06-17T20:00:00.000Z),England,Croatia,2026-06-17T20:00:00.000Z,FIFA World Cup Round 1,Dallas Stadium,Clément Turpin,Full time,4,2,Goalkeeping,Dominik Livakovic,7,4,3.33,-0.67,0,0,9/20 (45%),24/35 (69%)
4667825,england-vs-croatia,https://www.fotmob.com/matches/england-vs-croatia/2viayw#4667825,England vs Croatia (2026-06-17T20:00:00.000Z),England,Croatia,2026-06-17T20:00:00.000Z,FIFA World Cup Round 1,Dallas Stadium,Clément Turpin,Full time,4,2,Goalkeeping,Jordan Pickford,3,2,0.51,-1.49,2,2,7/19 (37%),43/55 (78%)
4667826,panama-vs-ghana,https://www.fotmob.com/matches/panama-vs-ghana/1bjek0#4667826,Ghana vs Panama (2026-06-17T23:00:00.000Z),Ghana,Panama,2026-06-17T23:00:00.000Z,FIFA World Cup Round 1,Toronto Stadium,Glenn Nyberg,Full time,1,0,Goalkeeping,Benjamin Asare,3,0,0.7,0.7,1,1,6/10 (60%),6/10 (60%)
4667826,panama-vs-ghana,https://www.fotmob.com/matches/panama-vs-ghana/1bjek0#4667826,Ghana vs Panama (2026-06-17T23:00:00.000Z),Ghana,Panama,2026-06-17T23:00:00.000Z,FIFA World Cup Round 1,Toronto Stadium,Glenn Nyberg,Full time,1,0,Goalkeeping,Orlando Mosquera,2,1,1.04,0.04,0,0,4/9 (44%),25/30 (83%)
4667826,panama-vs-ghana,https://www.fotmob.com/matches/panama-vs-ghana/1bjek0#4667826,Ghana vs Panama (2026-06-17T23:00:00.000Z),Ghana,Panama,2026-06-17T23:00:00.000Z,FIFA World Cup Round 1,Toronto Stadium,Glenn Nyberg,Full time,1,0,Goalkeeping,Lawrence Ati-Zigi,1,0,0.66,0.66,0,1,4/7 (57%),7/10 (70%)
4667754,mexico-vs-south-korea,https://www.fotmob.com/matches/mexico-vs-south-korea/1qpvav#4667754,Mexico vs South Korea (2026-06-19T01:00:00.000Z),Mexico,South Korea,2026-06-19T01:00:00.000Z,,Guadalajara Stadium,Gustavo Adrian Tejera Capo,Full time,1,0,Goalkeeping,Seung-Gyu Kim,3,1,0.9,-0.1,2,0,4/18 (22%),23/37 (62%)
4667754,mexico-vs-south-korea,https://www.fotmob.com/matches/mexico-vs-south-korea/1qpvav#4667754,Mexico vs South Korea (2026-06-19T01:00:00.000Z),Mexico,South Korea,2026-06-19T01:00:00.000Z,,Guadalajara Stadium,Gustavo Adrian Tejera Capo,Full time,1,0,Goalkeeping,Raúl Rangel,2,0,0.76,0.76,2,0,9/21 (43%),19/31 (61%)
4667753,south-africa-vs-czechia,https://www.fotmob.com/matches/south-africa-vs-czechia/1tbjja#4667753,Czechia vs South Africa (2026-06-18T16:00:00.000Z),Czechia,South Africa,2026-06-18T16:00:00.000Z,,Atlanta Stadium,Mary Victoria Penso,Full time,1,1,Goalkeeping,Matej Kovár,3,1,1.12,0.12,1,0,3/11 (27%),16/24 (67%)
4667753,south-africa-vs-czechia,https://www.fotmob.com/matches/south-africa-vs-czechia/1tbjja#4667753,Czechia vs South Africa (2026-06-18T16:00:00.000Z),Czechia,South Africa,2026-06-18T16:00:00.000Z,,Atlanta Stadium,Mary Victoria Penso,Full time,1,1,Goalkeeping,Ronwen Williams,2,1,0.53,-0.47,0,0,7/23 (30%),48/64 (75%)
4667760,canada-vs-qatar,https://www.fotmob.com/matches/canada-vs-qatar/14u9ym#4667760,Canada vs Qatar (2026-06-18T22:00:00.000Z),Canada,Qatar,2026-06-18T22:00:00.000Z,,,,Full time,6,0,Goalkeeping,Mahmud Abunada,4,6,4.85,-0.15,0,3,6/25 (24%),11/30 (37%)
4667760,canada-vs-qatar,https://www.fotmob.com/matches/canada-vs-qatar/14u9ym#4667760,Canada vs Qatar (2026-06-18T22:00:00.000Z),Canada,Qatar,2026-06-18T22:00:00.000Z,,,,Full time,6,0,Goalkeeping,Maxime Crépeau,0,0,0.0,0.0,0,0,0/1 (0%),14/15 (93%)
4667759,switzerland-vs-bosnia-herzegovina,https://www.fotmob.com/matches/switzerland-vs-bosnia-herzegovina/2c9awx#4667759,Switzerland vs Bosnia and Herzegovina (2026-06-18T19:00:00.000Z),Switzerland,Bosnia and Herzegovina,2026-06-18T19:00:00.000Z,,Los Angeles Stadium,João Pedro Silva Pinheiro,Full time,4,1,Goalkeeping,Nikola Vasilj,3,4,2.46,-1.54,1,0,5/23 (22%),21/39 (54%)
4667759,switzerland-vs-bosnia-herzegovina,https://www.fotmob.com/matches/switzerland-vs-bosnia-herzegovina/2c9awx#4667759,Switzerland vs Bosnia and Herzegovina (2026-06-18T19:00:00.000Z),Switzerland,Bosnia and Herzegovina,2026-06-18T19:00:00.000Z,,Los Angeles Stadium,João Pedro Silva Pinheiro,Full time,4,1,Goalkeeping,Gregor Kobel,2,1,0.27,-0.73,0,1,2/14 (14%),24/36 (67%)
4667767,haiti-vs-brazil,https://www.fotmob.com/matches/haiti-vs-brazil/1ny7ix#4667767,Brazil vs Haiti (2026-06-20T00:30:00.000Z),Brazil,Haiti,2026-06-20T00:30:00.000Z,,Philadelphia Stadium,Alejandro José Hernández Hernández,Full time,3,0,Goalkeeping,Alisson Becker,3,0,0.43,0.43,0,0,2/8 (25%),23/29 (79%)
4667767,haiti-vs-brazil,https://www.fotmob.com/matches/haiti-vs-brazil/1ny7ix#4667767,Brazil vs Haiti (2026-06-20T00:30:00.000Z),Brazil,Haiti,2026-06-20T00:30:00.000Z,,Philadelphia Stadium,Alejandro José Hernández Hernández,Full time,3,0,Goalkeeping,Johny Placide,2,3,2.33,-0.67,0,0,7/18 (39%),21/32 (66%)
4667766,morocco-vs-scotland,https://www.fotmob.com/matches/morocco-vs-scotland/1sv292#4667766,Scotland vs Morocco (2026-06-19T22:00:00.000Z),Scotland,Morocco,2026-06-19T22:00:00.000Z,,Boston Stadium,Ilgiz Tantashev,Full time,0,1,Goalkeeping,Angus Gunn,1,1,0.49,-0.51,2,1,3/9 (33%),22/28 (79%)
4667766,morocco-vs-scotland,https://www.fotmob.com/matches/morocco-vs-scotland/1sv292#4667766,Scotland vs Morocco (2026-06-19T22:00:00.000Z),Scotland,Morocco,2026-06-19T22:00:00.000Z,,Boston Stadium,Ilgiz Tantashev,Full time,0,1,Goalkeeping,Yassine Bounou,0,0,0.0,0.0,0,0,2/15 (13%),24/37 (65%)
4667774,usa-vs-australia,https://www.fotmob.com/matches/usa-vs-australia/1hox83#4667774,USA vs Australia (2026-06-19T19:00:00.000Z),USA,Australia,2026-06-19T19:00:00.000Z,,Seattle Stadium,Felix Zwayer,Full time,2,0,Goalkeeping,Matt Freese,2,0,0.09,0.09,2,0,5/17 (29%),12/25 (48%)
4667774,usa-vs-australia,https://www.fotmob.com/matches/usa-vs-australia/1hox83#4667774,USA vs Australia (2026-06-19T19:00:00.000Z),USA,Australia,2026-06-19T19:00:00.000Z,,Seattle Stadium,Felix Zwayer,Full time,2,0,Goalkeeping,Patrick Beach,1,2,1.31,0.31,0,0,5/10 (50%),10/15 (67%)
4667773,turkiye-vs-paraguay,https://www.fotmob.com/matches/turkiye-vs-paraguay/1gte1s#4667773,Turkiye vs Paraguay (2026-06-20T03:00:00.000Z),Turkiye,Paraguay,2026-06-20T03:00:00.000Z,,San Francisco Bay Area Stadium,Iván Arcides Barton Cisneros,Full time,0,1,Goalkeeping,Orlando Gill,5,0,0.67,0.67,1,0,12/34 (35%),12/35 (34%)
4667773,turkiye-vs-paraguay,https://www.fotmob.com/matches/turkiye-vs-paraguay/1gte1s#4667773,Turkiye vs Paraguay (2026-06-20T03:00:00.000Z),Turkiye,Paraguay,2026-06-20T03:00:00.000Z,,San Francisco Bay Area Stadium,Iván Arcides Barton Cisneros,Full time,0,1,Goalkeeping,Ugurcan Çakir,1,1,0.21,-0.79,3,0,2/4 (50%),27/29 (93%)
4667780,ivory-coast-vs-germany,https://www.fotmob.com/matches/ivory-coast-vs-germany/1xi59e#4667780,Germany vs Ivory Coast (2026-06-20T20:00:00.000Z),Germany,Ivory Coast,2026-06-20T20:00:00.000Z,,Toronto Stadium,Juan Gabriel Benítez Mareco,Full time,2,1,Goalkeeping,Yahia Fofana,5,2,2.36,0.36,0,2,11/26 (42%),22/37 (59%)
4667780,ivory-coast-vs-germany,https://www.fotmob.com/matches/ivory-coast-vs-germany/1xi59e#4667780,Germany vs Ivory Coast (2026-06-20T20:00:00.000Z),Germany,Ivory Coast,2026-06-20T20:00:00.000Z,,Toronto Stadium,Juan Gabriel Benítez Mareco,Full time,2,1,Goalkeeping,Manuel Neuer,1,1,1.11,0.11,1,0,5/5 (100%),19/19 (100%)
4667779,ecuador-vs-curacao,https://www.fotmob.com/matches/ecuador-vs-curacao/jy3jhs3#4667779,Ecuador vs Curacao (2026-06-21T00:00:00.000Z),Ecuador,Curacao,2026-06-21T00:00:00.000Z,,Kansas City Stadium,Ning Ma,Full time,0,0,Goalkeeping,Eloy Room,15,0,2.27,2.27,1,0,8/26 (31%),12/30 (40%)
4667779,ecuador-vs-curacao,https://www.fotmob.com/matches/ecuador-vs-curacao/jy3jhs3#4667779,Ecuador vs Curacao (2026-06-21T00:00:00.000Z),Ecuador,Curacao,2026-06-21T00:00:00.000Z,,Kansas City Stadium,Ning Ma,Full time,0,0,Goalkeeping,Hernán Galindez,3,0,0.88,0.88,0,0,1/4 (25%),12/15 (80%)
4667786,netherlands-vs-sweden,https://www.fotmob.com/matches/netherlands-vs-sweden/1x1gy6#4667786,Netherlands vs Sweden (2026-06-20T17:00:00.000Z),Netherlands,Sweden,2026-06-20T17:00:00.000Z,,Houston Stadium,Michael Oliver,Full time,5,1,Goalkeeping,Bart Verbruggen,7,1,1.71,0.71,0,0,7/17 (41%),24/34 (71%)
4667786,netherlands-vs-sweden,https://www.fotmob.com/matches/netherlands-vs-sweden/1x1gy6#4667786,Netherlands vs Sweden (2026-06-20T17:00:00.000Z),Netherlands,Sweden,2026-06-20T17:00:00.000Z,,Houston Stadium,Michael Oliver,Full time,5,1,Goalkeeping,Kristoffer Nordfeldt,2,5,4.2,-0.8,0,0,3/14 (21%),22/34 (65%)
4667785,japan-vs-tunisia,https://www.fotmob.com/matches/japan-vs-tunisia/1hqd1q#4667785,Tunisia vs Japan (2026-06-21T04:00:00.000Z),Tunisia,Japan,2026-06-21T04:00:00.000Z,,Monterrey Stadium,István Kovács,Full time,0,4,Goalkeeping,Aymen Dahmen,1,4,2.73,-1.27,0,0,3/16 (19%),10/23 (43%)
4667785,japan-vs-tunisia,https://www.fotmob.com/matches/japan-vs-tunisia/1hqd1q#4667785,Tunisia vs Japan (2026-06-21T04:00:00.000Z),Tunisia,Japan,2026-06-21T04:00:00.000Z,,Monterrey Stadium,István Kovács,Full time,0,4,Goalkeeping,Zion Suzuki,0,0,0.0,0.0,1,1,3/5 (60%),17/19 (89%)
4667792,new-zealand-vs-egypt,https://www.fotmob.com/matches/new-zealand-vs-egypt/24xk7y#4667792,New Zealand vs Egypt (2026-06-22T01:00:00.000Z),New Zealand,Egypt,2026-06-22T01:00:00.000Z,,,,Full time,1,3,Goalkeeping,Mostafa Ahmed Shobeir,4,1,1.62,0.62,1,2,4/9 (44%),12/17 (71%)
4667792,new-zealand-vs-egypt,https://www.fotmob.com/matches/new-zealand-vs-egypt/24xk7y#4667792,New Zealand vs Egypt (2026-06-22T01:00:00.000Z),New Zealand,Egypt,2026-06-22T01:00:00.000Z,,,,Full time,1,3,Goalkeeping,Max Crocombe,4,3,2.55,-0.45,0,0,7/19 (37%),18/30 (60%)
4667793,iran-vs-belgium,https://www.fotmob.com/matches/iran-vs-belgium/1ur91k#4667793,Belgium vs Iran (2026-06-21T19:00:00.000Z),Belgium,Iran,2026-06-21T19:00:00.000Z,,Los Angeles Stadium,Darío Herrera,Full time,0,0,Goalkeeping,Alireza Beiranvand,7,0,1.49,1.49,1,3,11/24 (46%),20/34 (59%)
4667793,iran-vs-belgium,https://www.fotmob.com/matches/iran-vs-belgium/1ur91k#4667793,Belgium vs Iran (2026-06-21T19:00:00.000Z),Belgium,Iran,2026-06-21T19:00:00.000Z,,Los Angeles Stadium,Darío Herrera,Full time,0,0,Goalkeeping,Thibaut Courtois,3,0,0.87,0.87,2,0,0/11 (0%),11/22 (50%)
4667801,spain-vs-saudi-arabia,https://www.fotmob.com/matches/spain-vs-saudi-arabia/1qq6ht#4667801,Spain vs Saudi Arabia (2026-06-21T16:00:00.000Z),Spain,Saudi Arabia,2026-06-21T16:00:00.000Z,,Atlanta Stadium,Raphael Claus,Full time,4,0,Goalkeeping,Mohammed Al Owais,5,4,3.45,0.45,1,0,6/19 (32%),19/32 (59%)
4667801,spain-vs-saudi-arabia,https://www.fotmob.com/matches/spain-vs-saudi-arabia/1qq6ht#4667801,Spain vs Saudi Arabia (2026-06-21T16:00:00.000Z),Spain,Saudi Arabia,2026-06-21T16:00:00.000Z,,Atlanta Stadium,Raphael Claus,Full time,4,0,Goalkeeping,Unai Simón,1,0,0.1,0.1,1,1,2/3 (67%),27/28 (96%)
4667800,uruguay-vs-cape-verde,https://www.fotmob.com/matches/uruguay-vs-cape-verde/14n97e#4667800,Uruguay vs Cape Verde (2026-06-21T22:00:00.000Z),Uruguay,Cape Verde,2026-06-21T22:00:00.000Z,,Miami Stadium,Espen Eskås,Full time,2,2,Goalkeeping,Fernando Muslera,2,2,1.26,-0.74,0,0,2/8 (25%),16/22 (73%)
4667800,uruguay-vs-cape-verde,https://www.fotmob.com/matches/uruguay-vs-cape-verde/14n97e#4667800,Uruguay vs Cape Verde (2026-06-21T22:00:00.000Z),Uruguay,Cape Verde,2026-06-21T22:00:00.000Z,,Miami Stadium,Espen Eskås,Full time,2,2,Goalkeeping,Vozinha,0,2,1.65,-0.35,1,1,2/19 (11%),13/30 (43%)
4667827,panama-vs-croatia,https://www.fotmob.com/matches/panama-vs-croatia/24y93x#4667827,Panama vs Croatia (2026-06-23T23:00:00.000Z),Panama,Croatia,2026-06-23T23:00:00.000Z,,Toronto Stadium,Pierre Ghislain Atcho,Full time,0,1,Goalkeeping,Dominik Livakovic,1,0,0.04,0.04,1,0,5/14 (36%),15/24 (63%)
4667827,panama-vs-croatia,https://www.fotmob.com/matches/panama-vs-croatia/24y93x#4667827,Panama vs Croatia (2026-06-23T23:00:00.000Z),Panama,Croatia,2026-06-23T23:00:00.000Z,,Toronto Stadium,Pierre Ghislain Atcho,Full time,0,1,Goalkeeping,Orlando Mosquera,1,1,1.21,0.21,0,0,4/11 (36%),15/22 (68%)
4667821,dr-congo-vs-colombia,https://www.fotmob.com/matches/dr-congo-vs-colombia/1ra58w#4667821,Colombia vs DR Congo (2026-06-24T02:00:00.000Z),Colombia,DR Congo,2026-06-24T02:00:00.000Z,,Guadalajara Stadium,Maurizio Mariani,Full time,1,0,Goalkeeping,Lionel Mpasi-Nzau,8,1,1.39,0.39,1,0,3/12 (25%),18/28 (64%)
4667821,dr-congo-vs-colombia,https://www.fotmob.com/matches/dr-congo-vs-colombia/1ra58w#4667821,Colombia vs DR Congo (2026-06-24T02:00:00.000Z),Colombia,DR Congo,2026-06-24T02:00:00.000Z,,Guadalajara Stadium,Maurizio Mariani,Full time,1,0,Goalkeeping,Camilo Vargas,1,0,0.08,0.08,1,0,7/13 (54%),25/31 (81%)
4667756,south-africa-vs-south-korea,https://www.fotmob.com/matches/south-africa-vs-south-korea/1ncyls#4667756,South Africa vs South Korea (2026-06-25T01:00:00.000Z),South Africa,South Korea,2026-06-25T01:00:00.000Z,,Monterrey Stadium,Facundo Raúl Tello Figueroa,Full time,1,0,Goalkeeping,Seung-Gyu Kim,3,1,0.5,-0.5,0,1,2/7 (29%),31/36 (86%)
4667756,south-africa-vs-south-korea,https://www.fotmob.com/matches/south-africa-vs-south-korea/1ncyls#4667756,South Africa vs South Korea (2026-06-25T01:00:00.000Z),South Africa,South Korea,2026-06-25T01:00:00.000Z,,Monterrey Stadium,Facundo Raúl Tello Figueroa,Full time,1,0,Goalkeeping,Ronwen Williams,2,0,1.42,1.42,1,0,5/26 (19%),17/38 (45%)
4667761,canada-vs-switzerland,https://www.fotmob.com/matches/canada-vs-switzerland/1aq0cl#4667761,Switzerland vs Canada (2026-06-24T19:00:00.000Z),Switzerland,Canada,2026-06-24T19:00:00.000Z,,,,Full time,2,1,Goalkeeping,Gregor Kobel,6,1,2.76,1.76,0,1,2/8 (25%),40/46 (87%)
4667761,canada-vs-switzerland,https://www.fotmob.com/matches/canada-vs-switzerland/1aq0cl#4667761,Switzerland vs Canada (2026-06-24T19:00:00.000Z),Switzerland,Canada,2026-06-24T19:00:00.000Z,,,,Full time,2,1,Goalkeeping,Maxime Crépeau,2,2,1.17,-0.83,3,0,6/12 (50%),14/20 (70%)
4667762,qatar-vs-bosnia-herzegovina,https://www.fotmob.com/matches/qatar-vs-bosnia-herzegovina/24aiya#4667762,Bosnia and Herzegovina vs Qatar (2026-06-24T19:00:00.000Z),Bosnia and Herzegovina,Qatar,2026-06-24T19:00:00.000Z,,Seattle Stadium,Jesús Noel Valenzuela Sáez,Full time,3,1,Goalkeeping,Mahmud Abunada,3,3,0.96,-1.04,0,0,2/13 (15%),14/25 (56%)
4667762,qatar-vs-bosnia-herzegovina,https://www.fotmob.com/matches/qatar-vs-bosnia-herzegovina/24aiya#4667762,Bosnia and Herzegovina vs Qatar (2026-06-24T19:00:00.000Z),Bosnia and Herzegovina,Qatar,2026-06-24T19:00:00.000Z,,Seattle Stadium,Jesús Noel Valenzuela Sáez,Full time,3,1,Goalkeeping,Nikola Vasilj,2,1,1.14,0.14,0,0,6/15 (40%),32/41 (78%)
4667768,brazil-vs-scotland,https://www.fotmob.com/matches/brazil-vs-scotland/2bkifh#4667768,Scotland vs Brazil (2026-06-24T22:00:00.000Z),Scotland,Brazil,2026-06-24T22:00:00.000Z,,Miami Stadium,César Arturo Ramos Palazuelos,Full time,0,3,Goalkeeping,Alisson Becker,5,0,1.23,1.23,0,0,1/3 (33%),16/18 (89%)
4667768,brazil-vs-scotland,https://www.fotmob.com/matches/brazil-vs-scotland/2bkifh#4667768,Scotland vs Brazil (2026-06-24T22:00:00.000Z),Scotland,Brazil,2026-06-24T22:00:00.000Z,,Miami Stadium,César Arturo Ramos Palazuelos,Full time,0,3,Goalkeeping,Angus Gunn,5,3,4.8,1.8,0,1,11/22 (50%),23/35 (66%)
4667769,haiti-vs-morocco,https://www.fotmob.com/matches/haiti-vs-morocco/18aaq8#4667769,Morocco vs Haiti (2026-06-24T22:00:00.000Z),Morocco,Haiti,2026-06-24T22:00:00.000Z,,Atlanta Stadium,Danny Desmond Makkelie,Full time,4,2,Goalkeeping,Johny Placide,8,4,3.82,-0.18,1,1,5/20 (25%),20/35 (57%)
4667769,haiti-vs-morocco,https://www.fotmob.com/matches/haiti-vs-morocco/18aaq8#4667769,Morocco vs Haiti (2026-06-24T22:00:00.000Z),Morocco,Haiti,2026-06-24T22:00:00.000Z,,Atlanta Stadium,Danny Desmond Makkelie,Full time,4,2,Goalkeeping,Yassine Bounou,1,2,0.49,-0.51,1,0,1/5 (20%),16/20 (80%)
4667775,turkiye-vs-usa,https://www.fotmob.com/matches/turkiye-vs-usa/1gq91b#4667775,Turkiye vs USA (2026-06-26T02:00:00.000Z),Turkiye,USA,2026-06-26T02:00:00.000Z,,Los Angeles Stadium,Mustapha Ghorbal,Full time,3,2,Goalkeeping,Ugurcan Çakir,5,2,2.36,0.36,1,0,4/19 (21%),25/40 (63%)
4667775,turkiye-vs-usa,https://www.fotmob.com/matches/turkiye-vs-usa/1gq91b#4667775,Turkiye vs USA (2026-06-26T02:00:00.000Z),Turkiye,USA,2026-06-26T02:00:00.000Z,,Los Angeles Stadium,Mustapha Ghorbal,Full time,3,2,Goalkeeping,Matt Turner,0,3,2.32,-0.68,2,2,3/11 (27%),18/26 (69%)
4667776,australia-vs-paraguay,https://www.fotmob.com/matches/australia-vs-paraguay/1hs39g#4667776,Paraguay vs Australia (2026-06-26T02:00:00.000Z),Paraguay,Australia,2026-06-26T02:00:00.000Z,,San Francisco Bay Area Stadium,Clément Turpin,Full time,0,0,Goalkeeping,Orlando Gill,5,0,0.6,0.6,0,0,3/12 (25%),8/17 (47%)
4667776,australia-vs-paraguay,https://www.fotmob.com/matches/australia-vs-paraguay/1hs39g#4667776,Paraguay vs Australia (2026-06-26T02:00:00.000Z),Paraguay,Australia,2026-06-26T02:00:00.000Z,,San Francisco Bay Area Stadium,Clément Turpin,Full time,0,0,Goalkeeping,Patrick Beach,2,0,0.3,0.3,0,1,5/10 (50%),17/22 (77%)
4667781,ecuador-vs-germany,https://www.fotmob.com/matches/ecuador-vs-germany/1xhhol#4667781,Ecuador vs Germany (2026-06-25T20:00:00.000Z),Ecuador,Germany,2026-06-25T20:00:00.000Z,,New York New Jersey Stadium,Mary Victoria Penso,Full time,2,1,Goalkeeping,Hernán Galindez,2,1,0.94,-0.06,0,1,9/16 (56%),16/23 (70%)
4667781,ecuador-vs-germany,https://www.fotmob.com/matches/ecuador-vs-germany/1xhhol#4667781,Ecuador vs Germany (2026-06-25T20:00:00.000Z),Ecuador,Germany,2026-06-25T20:00:00.000Z,,New York New Jersey Stadium,Mary Victoria Penso,Full time,2,1,Goalkeeping,Manuel Neuer,1,2,1.63,-0.37,0,0,5/10 (50%),29/34 (85%)
4667782,ivory-coast-vs-curacao,https://www.fotmob.com/matches/ivory-coast-vs-curacao/jy3w4js#4667782,Curacao vs Ivory Coast (2026-06-25T20:00:00.000Z),Curacao,Ivory Coast,2026-06-25T20:00:00.000Z,,Philadelphia Stadium,Glenn Nyberg,Full time,0,2,Goalkeeping,Yahia Fofana,2,0,0.06,0.06,0,0,7/13 (54%),22/28 (79%)
4667782,ivory-coast-vs-curacao,https://www.fotmob.com/matches/ivory-coast-vs-curacao/jy3w4js#4667782,Curacao vs Ivory Coast (2026-06-25T20:00:00.000Z),Curacao,Ivory Coast,2026-06-25T20:00:00.000Z,,Philadelphia Stadium,Glenn Nyberg,Full time,0,2,Goalkeeping,Eloy Room,1,2,1.86,-0.14,0,0,5/9 (56%),12/16 (75%)
4667787,netherlands-vs-tunisia,https://www.fotmob.com/matches/netherlands-vs-tunisia/1hoci5#4667787,Tunisia vs Netherlands (2026-06-25T23:00:00.000Z),Tunisia,Netherlands,2026-06-25T23:00:00.000Z,,Kansas City Stadium,Katia Itzel García Mendoza,Full time,1,3,Goalkeeping,Aymen Dahmen,4,3,2.21,0.21,1,0,9/20 (45%),13/24 (54%)
4667787,netherlands-vs-tunisia,https://www.fotmob.com/matches/netherlands-vs-tunisia/1hoci5#4667787,Tunisia vs Netherlands (2026-06-25T23:00:00.000Z),Tunisia,Netherlands,2026-06-25T23:00:00.000Z,,Kansas City Stadium,Katia Itzel García Mendoza,Full time,1,3,Goalkeeping,Bart Verbruggen,3,1,0.94,-0.06,1,0,1/1 (100%),18/18 (100%)
4667788,japan-vs-sweden,https://www.fotmob.com/matches/japan-vs-sweden/1x3r7y#4667788,Japan vs Sweden (2026-06-25T23:00:00.000Z),Japan,Sweden,2026-06-25T23:00:00.000Z,,Dallas Stadium,Iván Arcides Barton Cisneros,Full time,1,1,Goalkeeping,Zion Suzuki,4,1,1.16,0.16,0,1,5/17 (29%),13/25 (52%)
4667788,japan-vs-sweden,https://www.fotmob.com/matches/japan-vs-sweden/1x3r7y#4667788,Japan vs Sweden (2026-06-25T23:00:00.000Z),Japan,Sweden,2026-06-25T23:00:00.000Z,,Dallas Stadium,Iván Arcides Barton Cisneros,Full time,1,1,Goalkeeping,Jacob Widell Zetterström,2,1,1.27,0.27,0,1,7/27 (26%),15/35 (43%)
4667795,iran-vs-egypt,https://www.fotmob.com/matches/iran-vs-egypt/2dp33g#4667795,Egypt vs Iran (2026-06-27T03:00:00.000Z),Egypt,Iran,2026-06-27T03:00:00.000Z,,Seattle Stadium,Szymon Marciniak,Full time,1,1,Goalkeeping,Mostafa Ahmed Shobeir,2,1,1.23,0.23,1,0,1/7 (14%),20/26 (77%)
4667795,iran-vs-egypt,https://www.fotmob.com/matches/iran-vs-egypt/2dp33g#4667795,Egypt vs Iran (2026-06-27T03:00:00.000Z),Egypt,Iran,2026-06-27T03:00:00.000Z,,Seattle Stadium,Szymon Marciniak,Full time,1,1,Goalkeeping,Alireza Beiranvand,2,1,0.47,-0.53,0,1,8/19 (42%),19/30 (63%)
4667794,new-zealand-vs-belgium,https://www.fotmob.com/matches/new-zealand-vs-belgium/1n1sct#4667794,New Zealand vs Belgium (2026-06-27T03:00:00.000Z),New Zealand,Belgium,2026-06-27T03:00:00.000Z,,,,Full time,1,5,Goalkeeping,Max Crocombe,5,5,3.14,-1.86,0,0,4/11 (36%),21/28 (75%)
4667794,new-zealand-vs-belgium,https://www.fotmob.com/matches/new-zealand-vs-belgium/1n1sct#4667794,New Zealand vs Belgium (2026-06-27T03:00:00.000Z),New Zealand,Belgium,2026-06-27T03:00:00.000Z,,,,Full time,1,5,Goalkeeping,Thibaut Courtois,1,1,0.23,-0.77,0,2,8/17 (47%),21/30 (70%)
4667802,uruguay-vs-spain,https://www.fotmob.com/matches/uruguay-vs-spain/1an22i#4667802,Uruguay vs Spain (2026-06-27T00:00:00.000Z),Uruguay,Spain,2026-06-27T00:00:00.000Z,,Guadalajara Stadium,Ismail Elfath,Full time,0,1,Goalkeeping,Unai Simón,2,0,0.1,0.1,0,0,7/11 (64%),31/36 (86%)
4667802,uruguay-vs-spain,https://www.fotmob.com/matches/uruguay-vs-spain/1an22i#4667802,Uruguay vs Spain (2026-06-27T00:00:00.000Z),Uruguay,Spain,2026-06-27T00:00:00.000Z,,Guadalajara Stadium,Ismail Elfath,Full time,0,1,Goalkeeping,Sergio Rochet,0,0,0.0,0.0,0,0,3/13 (23%),8/18 (44%)
4667802,uruguay-vs-spain,https://www.fotmob.com/matches/uruguay-vs-spain/1an22i#4667802,Uruguay vs Spain (2026-06-27T00:00:00.000Z),Uruguay,Spain,2026-06-27T00:00:00.000Z,,Guadalajara Stadium,Ismail Elfath,Full time,0,1,Goalkeeping,Fernando Muslera,0,1,0.2,-0.8,0,1,3/9 (33%),7/13 (54%)
4667803,cape-verde-vs-saudi-arabia,https://www.fotmob.com/matches/cape-verde-vs-saudi-arabia/1jqqyp#4667803,Cape Verde vs Saudi Arabia (2026-06-27T00:00:00.000Z),Cape Verde,Saudi Arabia,2026-06-27T00:00:00.000Z,,Houston Stadium,François Letexier,Full time,0,0,Goalkeeping,Vozinha,3,0,0.33,0.33,0,0,6/13 (46%),27/34 (79%)
4667803,cape-verde-vs-saudi-arabia,https://www.fotmob.com/matches/cape-verde-vs-saudi-arabia/1jqqyp#4667803,Cape Verde vs Saudi Arabia (2026-06-27T00:00:00.000Z),Cape Verde,Saudi Arabia,2026-06-27T00:00:00.000Z,,Houston Stadium,François Letexier,Full time,0,0,Goalkeeping,Mohammed Al Owais,2,0,0.51,0.51,0,0,3/8 (38%),19/24 (79%)
4667815,argentina-vs-austria,https://www.fotmob.com/matches/argentina-vs-austria/1un2w8#4667815,Argentina vs Austria (2026-06-22T17:00:00.000Z),Argentina,Austria,2026-06-22T17:00:00.000Z,,Dallas Stadium,Amin Mohamed Omar,Full time,2,0,Goalkeeping,Alexander Schlager,2,2,1.51,-0.49,0,0,1/3 (33%),26/28 (93%)
4667815,argentina-vs-austria,https://www.fotmob.com/matches/argentina-vs-austria/1un2w8#4667815,Argentina vs Austria (2026-06-22T17:00:00.000Z),Argentina,Austria,2026-06-22T17:00:00.000Z,,Dallas Stadium,Amin Mohamed Omar,Full time,2,0,Goalkeeping,Emiliano Martínez,1,0,0.05,0.05,0,2,2/8 (25%),18/24 (75%)
4667807,iraq-vs-france,https://www.fotmob.com/matches/iraq-vs-france/1au1fo#4667807,France vs Iraq (2026-06-22T21:00:00.000Z),France,Iraq,2026-06-22T21:00:00.000Z,,Philadelphia Stadium,Drew Thomas Fischer,Full time,3,0,Goalkeeping,Ahmed Basil Fadhil,2,3,2.28,-0.72,0,0,7/20 (35%),30/44 (68%)
4667807,iraq-vs-france,https://www.fotmob.com/matches/iraq-vs-france/1au1fo#4667807,France vs Iraq (2026-06-22T21:00:00.000Z),France,Iraq,2026-06-22T21:00:00.000Z,,Philadelphia Stadium,Drew Thomas Fischer,Full time,3,0,Goalkeeping,Mike Maignan,0,0,0.0,0.0,1,0,1/2 (50%),9/10 (90%)
4667817,algeria-vs-austria,https://www.fotmob.com/matches/algeria-vs-austria/1r7yil#4667817,Algeria vs Austria (2026-06-28T02:00:00.000Z),Algeria,Austria,2026-06-28T02:00:00.000Z,,Kansas City Stadium,Ilgiz Tantashev,Full time,3,3,Goalkeeping,Alexander Schlager,2,3,2.79,-0.21,0,0,2/6 (33%),21/25 (84%)
4667817,algeria-vs-austria,https://www.fotmob.com/matches/algeria-vs-austria/1r7yil#4667817,Algeria vs Austria (2026-06-28T02:00:00.000Z),Algeria,Austria,2026-06-28T02:00:00.000Z,,Kansas City Stadium,Ilgiz Tantashev,Full time,3,3,Goalkeeping,Oussama Benbot,0,3,1.32,-1.68,0,0,4/11 (36%),16/23 (70%)
4653711,japan-vs-brazil,https://www.fotmob.com/matches/japan-vs-brazil/1uqadm#4653711,Brazil vs Japan (2026-06-29T17:00:00.000Z),Brazil,Japan,2026-06-29T17:00:00.000Z,,Houston Stadium,Maurizio Mariani,Full time,2,1,Goalkeeping,Zion Suzuki,4,2,1.45,-0.55,2,4,9/18 (50%),20/29 (69%)
4653711,japan-vs-brazil,https://www.fotmob.com/matches/japan-vs-brazil/1uqadm#4653711,Brazil vs Japan (2026-06-29T17:00:00.000Z),Brazil,Japan,2026-06-29T17:00:00.000Z,,Houston Stadium,Maurizio Mariani,Full time,2,1,Goalkeeping,Alisson Becker,1,1,0.78,-0.22,0,0,2/9 (22%),13/20 (65%)
4667823,colombia-vs-portugal,https://www.fotmob.com/matches/colombia-vs-portugal/2a883f#4667823,Colombia vs Portugal (2026-06-27T23:30:00.000Z),Colombia,Portugal,2026-06-27T23:30:00.000Z,,Miami Stadium,Alireza Faghani,Full time,0,0,Goalkeeping,Diogo Costa,6,0,0.61,0.61,0,0,3/6 (50%),15/19 (79%)
4667823,colombia-vs-portugal,https://www.fotmob.com/matches/colombia-vs-portugal/2a883f#4667823,Colombia vs Portugal (2026-06-27T23:30:00.000Z),Colombia,Portugal,2026-06-27T23:30:00.000Z,,Miami Stadium,Alireza Faghani,Full time,0,0,Goalkeeping,Camilo Vargas,2,0,0.47,0.47,1,0,4/11 (36%),31/38 (82%)
4667828,ghana-vs-england,https://www.fotmob.com/matches/ghana-vs-england/1wtyve#4667828,England vs Ghana (2026-06-23T20:00:00.000Z),England,Ghana,2026-06-23T20:00:00.000Z,,Boston Stadium,Héctor Saíd Martínez Sorto,Full time,0,0,Goalkeeping,Benjamin Asare,3,0,0.37,0.37,0,0,9/20 (45%),14/25 (56%)
4667828,ghana-vs-england,https://www.fotmob.com/matches/ghana-vs-england/1wtyve#4667828,England vs Ghana (2026-06-23T20:00:00.000Z),England,Ghana,2026-06-23T20:00:00.000Z,,Boston Stadium,Héctor Saíd Martínez Sorto,Full time,0,0,Goalkeeping,Jordan Pickford,0,0,0.0,0.0,1,0,2/4 (50%),21/23 (91%)
4667824,dr-congo-vs-uzbekistan,https://www.fotmob.com/matches/dr-congo-vs-uzbekistan/1v6daf#4667824,DR Congo vs Uzbekistan (2026-06-27T23:30:00.000Z),DR Congo,Uzbekistan,2026-06-27T23:30:00.000Z,,Atlanta Stadium,Felix Zwayer,Full time,3,1,Goalkeeping,Abduvohid Nematov,1,3,2.35,-0.65,0,1,5/18 (28%),15/28 (54%)
4667824,dr-congo-vs-uzbekistan,https://www.fotmob.com/matches/dr-congo-vs-uzbekistan/1v6daf#4667824,DR Congo vs Uzbekistan (2026-06-27T23:30:00.000Z),DR Congo,Uzbekistan,2026-06-27T23:30:00.000Z,,Atlanta Stadium,Felix Zwayer,Full time,3,1,Goalkeeping,Lionel Mpasi-Nzau,1,1,0.29,-0.71,0,0,7/15 (47%),25/34 (74%)
4653703,paraguay-vs-germany,https://www.fotmob.com/matches/paraguay-vs-germany/1xn26z#4653703,Germany vs Paraguay (2026-06-29T20:30:00.000Z),Germany,Paraguay,2026-06-29T20:30:00.000Z,,Boston Stadium,Jalal Jayed,Pen: 3 - 4,1,1,Goalkeeping,Orlando Gill,6,1,1.87,0.87,0,3,10/43 (23%),12/45 (27%)
4653703,paraguay-vs-germany,https://www.fotmob.com/matches/paraguay-vs-germany/1xn26z#4653703,Germany vs Paraguay (2026-06-29T20:30:00.000Z),Germany,Paraguay,2026-06-29T20:30:00.000Z,,Boston Stadium,Jalal Jayed,Pen: 3 - 4,1,1,Goalkeeping,Manuel Neuer,2,1,0.49,-0.51,2,0,5/5 (100%),27/27 (100%)
4667816,jordan-vs-argentina,https://www.fotmob.com/matches/jordan-vs-argentina/1aoo0p#4667816,Jordan vs Argentina (2026-06-28T02:00:00.000Z),Jordan,Argentina,2026-06-28T02:00:00.000Z,,Dallas Stadium,István Kovács,Full time,1,3,Goalkeeping,Yazeed Yazeed Abulaila,1,3,1.45,-1.55,1,0,1/4 (25%),11/14 (79%)
4667816,jordan-vs-argentina,https://www.fotmob.com/matches/jordan-vs-argentina/1aoo0p#4667816,Jordan vs Argentina (2026-06-28T02:00:00.000Z),Jordan,Argentina,2026-06-28T02:00:00.000Z,,Dallas Stadium,István Kovács,Full time,1,3,Goalkeeping,Emiliano Martínez,0,1,0.72,-0.28,0,0,2/2 (100%),15/15 (100%)
4667808,france-vs-norway,https://www.fotmob.com/matches/france-vs-norway/1wx88k#4667808,Norway vs France (2026-06-26T19:00:00.000Z),Norway,France,2026-06-26T19:00:00.000Z,,Boston Stadium,Michael Oliver,Full time,1,4,Goalkeeping,Egil Selvik,5,4,3.0,-1.0,0,0,5/17 (29%),13/25 (52%)
4667808,france-vs-norway,https://www.fotmob.com/matches/france-vs-norway/1wx88k#4667808,Norway vs France (2026-06-26T19:00:00.000Z),Norway,France,2026-06-26T19:00:00.000Z,,Boston Stadium,Michael Oliver,Full time,1,4,Goalkeeping,Mike Maignan,3,1,1.41,0.41,1,0,2/8 (25%),14/21 (67%)
4667806,senegal-vs-norway,https://www.fotmob.com/matches/senegal-vs-norway/1tzewo#4667806,Norway vs Senegal (2026-06-23T00:00:00.000Z),Norway,Senegal,2026-06-23T00:00:00.000Z,,New York New Jersey Stadium,Wilton Pereira Sampaio,Full time,3,2,Goalkeeping,Édouard Mendy,3,3,1.95,-1.05,1,0,4/7 (57%),12/16 (75%)
4667806,senegal-vs-norway,https://www.fotmob.com/matches/senegal-vs-norway/1tzewo#4667806,Norway vs Senegal (2026-06-23T00:00:00.000Z),Norway,Senegal,2026-06-23T00:00:00.000Z,,New York New Jersey Stadium,Wilton Pereira Sampaio,Full time,3,2,Goalkeeping,Ørjan Håskjold Nyland,2,2,1.35,-0.65,0,0,12/31 (39%),20/40 (50%)
4667806,senegal-vs-norway,https://www.fotmob.com/matches/senegal-vs-norway/1tzewo#4667806,Norway vs Senegal (2026-06-23T00:00:00.000Z),Norway,Senegal,2026-06-23T00:00:00.000Z,,New York New Jersey Stadium,Wilton Pereira Sampaio,Full time,3,2,Goalkeeping,Mory Diaw,0,0,0.0,0.0,0,1,2/5 (40%),9/12 (75%)
4667809,iraq-vs-senegal,https://www.fotmob.com/matches/iraq-vs-senegal/18f0co#4667809,Senegal vs Iraq (2026-06-26T19:00:00.000Z),Senegal,Iraq,2026-06-26T19:00:00.000Z,,Toronto Stadium,Anthony Taylor,Full time,5,0,Goalkeeping,Jalal Hassan,6,4,3.68,-0.32,0,0,1/12 (8%),2/13 (15%)
4667809,iraq-vs-senegal,https://www.fotmob.com/matches/iraq-vs-senegal/18f0co#4667809,Senegal vs Iraq (2026-06-26T19:00:00.000Z),Senegal,Iraq,2026-06-26T19:00:00.000Z,,Toronto Stadium,Anthony Taylor,Full time,5,0,Goalkeeping,Ahmed Basil Fadhil,1,1,1.24,0.24,1,1,4/18 (22%),8/22 (36%)
4667809,iraq-vs-senegal,https://www.fotmob.com/matches/iraq-vs-senegal/18f0co#4667809,Senegal vs Iraq (2026-06-26T19:00:00.000Z),Senegal,Iraq,2026-06-26T19:00:00.000Z,,Toronto Stadium,Anthony Taylor,Full time,5,0,Goalkeeping,Mory Diaw,1,0,0.07,0.07,0,3,3/5 (60%),20/22 (91%)
4667814,jordan-vs-algeria,https://www.fotmob.com/matches/jordan-vs-algeria/17tvf0#4667814,Jordan vs Algeria (2026-06-23T03:00:00.000Z),Jordan,Algeria,2026-06-23T03:00:00.000Z,,San Francisco Bay Area Stadium,Slavko Vinčić,Full time,1,2,Goalkeeping,Yazeed Yazeed Abulaila,6,2,2.1,0.1,1,0,7/15 (47%),10/18 (56%)
4667814,jordan-vs-algeria,https://www.fotmob.com/matches/jordan-vs-algeria/17tvf0#4667814,Jordan vs Algeria (2026-06-23T03:00:00.000Z),Jordan,Algeria,2026-06-23T03:00:00.000Z,,San Francisco Bay Area Stadium,Slavko Vinčić,Full time,1,2,Goalkeeping,Luca Zidane,3,1,0.62,-0.38,0,1,1/5 (20%),14/18 (78%)
4667822,portugal-vs-uzbekistan,https://www.fotmob.com/matches/portugal-vs-uzbekistan/2enrsr#4667822,Portugal vs Uzbekistan (2026-06-23T17:00:00.000Z),Portugal,Uzbekistan,2026-06-23T17:00:00.000Z,,Houston Stadium,Jalal Jayed,Full time,5,0,Goalkeeping,Abduvohid Nematov,4,5,3.49,-0.51,1,0,1/13 (8%),10/22 (45%)
4667822,portugal-vs-uzbekistan,https://www.fotmob.com/matches/portugal-vs-uzbekistan/2enrsr#4667822,Portugal vs Uzbekistan (2026-06-23T17:00:00.000Z),Portugal,Uzbekistan,2026-06-23T17:00:00.000Z,,Houston Stadium,Jalal Jayed,Full time,5,0,Goalkeeping,Diogo Costa,2,0,0.09,0.09,3,2,1/5 (20%),11/15 (73%)
4667830,ghana-vs-croatia,https://www.fotmob.com/matches/ghana-vs-croatia/2cpwux#4667830,Croatia vs Ghana (2026-06-27T21:00:00.000Z),Croatia,Ghana,2026-06-27T21:00:00.000Z,,Philadelphia Stadium,Drew Thomas Fischer,Full time,2,1,Goalkeeping,Benjamin Asare,2,2,0.87,-1.13,0,2,1/3 (33%),13/15 (87%)
4667830,ghana-vs-croatia,https://www.fotmob.com/matches/ghana-vs-croatia/2cpwux#4667830,Croatia vs Ghana (2026-06-27T21:00:00.000Z),Croatia,Ghana,2026-06-27T21:00:00.000Z,,Philadelphia Stadium,Drew Thomas Fischer,Full time,2,1,Goalkeeping,Dominik Livakovic,0,1,0.96,-0.04,0,0,3/10 (30%),14/21 (67%)
4667829,panama-vs-england,https://www.fotmob.com/matches/panama-vs-england/1pukme#4667829,Panama vs England (2026-06-27T21:00:00.000Z),Panama,England,2026-06-27T21:00:00.000Z,,New York New Jersey Stadium,Abdulrahman Ibrahim Al Jassim,Full time,0,2,Goalkeeping,Orlando Mosquera,4,2,2.01,0.01,2,0,5/19 (26%),18/33 (55%)
4667829,panama-vs-england,https://www.fotmob.com/matches/panama-vs-england/1pukme#4667829,Panama vs England (2026-06-27T21:00:00.000Z),Panama,England,2026-06-27T21:00:00.000Z,,New York New Jersey Stadium,Abdulrahman Ibrahim Al Jassim,Full time,0,2,Goalkeeping,Jordan Pickford,2,0,0.21,0.21,2,0,3/10 (30%),23/30 (77%)
4653706,morocco-vs-netherlands,https://www.fotmob.com/matches/morocco-vs-netherlands/1e327v#4653706,Netherlands vs Morocco (2026-06-30T01:00:00.000Z),Netherlands,Morocco,2026-06-30T01:00:00.000Z,,Monterrey Stadium,Wilton Pereira Sampaio,Pen: 2 - 3,1,1,Goalkeeping,Bart Verbruggen,5,1,2.28,1.28,0,0,7/18 (39%),19/31 (61%)
4653706,morocco-vs-netherlands,https://www.fotmob.com/matches/morocco-vs-netherlands/1e327v#4653706,Netherlands vs Morocco (2026-06-30T01:00:00.000Z),Netherlands,Morocco,2026-06-30T01:00:00.000Z,,Monterrey Stadium,Wilton Pereira Sampaio,Pen: 2 - 3,1,1,Goalkeeping,Yassine Bounou,1,1,0.16,-0.84,0,0,1/8 (13%),16/23 (70%)
4653705,canada-vs-south-africa,https://www.fotmob.com/matches/canada-vs-south-africa/17s1wd#4653705,South Africa vs Canada (2026-06-28T19:00:00.000Z),South Africa,Canada,2026-06-28T19:00:00.000Z,,Los Angeles Stadium,João Pedro Silva Pinheiro,Full time,0,1,Goalkeeping,Ronwen Williams,5,1,1.67,0.67,0,0,10/18 (56%),77/85 (91%)
4653705,canada-vs-south-africa,https://www.fotmob.com/matches/canada-vs-south-africa/17s1wd#4653705,South Africa vs Canada (2026-06-28T19:00:00.000Z),South Africa,Canada,2026-06-28T19:00:00.000Z,,Los Angeles Stadium,João Pedro Silva Pinheiro,Full time,0,1,Goalkeeping,Maxime Crépeau,1,0,0.11,0.11,0,1,3/10 (30%),16/23 (70%)
4667755,mexico-vs-czechia,https://www.fotmob.com/matches/mexico-vs-czechia/1wualx#4667755,Czechia vs Mexico (2026-06-25T01:00:00.000Z),Czechia,Mexico,2026-06-25T01:00:00.000Z,,Mexico City Stadium,Yael Falcón Pérez,Full time,0,3,Goalkeeping,Matej Kovár,2,3,2.35,-0.65,2,0,5/15 (33%),22/32 (69%)
4667755,mexico-vs-czechia,https://www.fotmob.com/matches/mexico-vs-czechia/1wualx#4667755,Czechia vs Mexico (2026-06-25T01:00:00.000Z),Czechia,Mexico,2026-06-25T01:00:00.000Z,,Mexico City Stadium,Yael Falcón Pérez,Full time,0,3,Goalkeeping,Raúl Rangel,1,0,0.13,0.13,0,0,6/13 (46%),18/25 (72%)
4667755,mexico-vs-czechia,https://www.fotmob.com/matches/mexico-vs-czechia/1wualx#4667755,Czechia vs Mexico (2026-06-25T01:00:00.000Z),Czechia,Mexico,2026-06-25T01:00:00.000Z,,Mexico City Stadium,Yael Falcón Pérez,Full time,0,3,Goalkeeping,Guillermo Ochoa,0,0,0.0,0.0,0,0,3/8 (38%),4/9 (44%)
4653712,ivory-coast-vs-norway,https://www.fotmob.com/matches/ivory-coast-vs-norway/1wsny5#4653712,Ivory Coast vs Norway (2026-06-30T17:00:00.000Z),Ivory Coast,Norway,2026-06-30T17:00:00.000Z,,Dallas Stadium,Jesús Noel Valenzuela Sáez,Full time,1,2,Goalkeeping,Ørjan Håskjold Nyland,4,1,1.4,0.4,1,0,10/16 (63%),24/30 (80%)
4653712,ivory-coast-vs-norway,https://www.fotmob.com/matches/ivory-coast-vs-norway/1wsny5#4653712,Ivory Coast vs Norway (2026-06-30T17:00:00.000Z),Ivory Coast,Norway,2026-06-30T17:00:00.000Z,,Dallas Stadium,Jesús Noel Valenzuela Sáez,Full time,1,2,Goalkeeping,Yahia Fofana,1,2,2.02,0.02,1,0,5/9 (56%),8/12 (67%)
4653704,france-vs-sweden,https://www.fotmob.com/matches/france-vs-sweden/1x6dai#4653704,France vs Sweden (2026-06-30T21:00:00.000Z),France,Sweden,2026-06-30T21:00:00.000Z,,New York New Jersey Stadium,Danny Desmond Makkelie,Full time,3,0,Goalkeeping,Jacob Widell Zetterström,9,3,3.83,0.83,2,1,3/18 (17%),9/24 (38%)
4653704,france-vs-sweden,https://www.fotmob.com/matches/france-vs-sweden/1x6dai#4653704,France vs Sweden (2026-06-30T21:00:00.000Z),France,Sweden,2026-06-30T21:00:00.000Z,,New York New Jersey Stadium,Danny Desmond Makkelie,Full time,3,0,Goalkeeping,Mike Maignan,3,0,0.65,0.65,1,0,1/9 (11%),16/24 (67%)
4653710,senegal-vs-belgium,https://www.fotmob.com/matches/senegal-vs-belgium/1rywdm#4653710,Belgium vs Senegal (2026-07-01T20:00:00.000Z),Belgium,Senegal,2026-07-01T20:00:00.000Z,,Seattle Stadium,Héctor Saíd Martínez Sorto,After extra time,3,2,Goalkeeping,Mory Diaw,3,3,2.3,-0.7,0,2,11/35 (31%),26/50 (52%)
4653710,senegal-vs-belgium,https://www.fotmob.com/matches/senegal-vs-belgium/1rywdm#4653710,Belgium vs Senegal (2026-07-01T20:00:00.000Z),Belgium,Senegal,2026-07-01T20:00:00.000Z,,Seattle Stadium,Héctor Saíd Martínez Sorto,After extra time,3,2,Goalkeeping,Thibaut Courtois,3,2,1.85,-0.15,1,1,6/11 (55%),29/34 (85%)
4653708,spain-vs-austria,https://www.fotmob.com/matches/spain-vs-austria/1urklb#4653708,Spain vs Austria (2026-07-02T19:00:00.000Z),Spain,Austria,2026-07-02T19:00:00.000Z,,Los Angeles Stadium,Glenn Nyberg,Full time,3,0,Goalkeeping,Alexander Schlager,6,3,2.2,-0.8,0,1,2/5 (40%),35/38 (92%)
4653708,spain-vs-austria,https://www.fotmob.com/matches/spain-vs-austria/1urklb#4653708,Spain vs Austria (2026-07-02T19:00:00.000Z),Spain,Austria,2026-07-02T19:00:00.000Z,,Los Angeles Stadium,Glenn Nyberg,Full time,3,0,Goalkeeping,Unai Simón,0,0,0.0,0.0,1,1,4/6 (67%),31/33 (94%)
4653707,portugal-vs-croatia,https://www.fotmob.com/matches/portugal-vs-croatia/2u2izf#4653707,Portugal vs Croatia (2026-07-02T23:00:00.000Z),Portugal,Croatia,2026-07-02T23:00:00.000Z,,Toronto Stadium,Espen Eskås,Full time,2,1,Goalkeeping,Diogo Costa,5,1,1.51,0.51,0,1,3/6 (50%),10/13 (77%)
4653707,portugal-vs-croatia,https://www.fotmob.com/matches/portugal-vs-croatia/2u2izf#4653707,Portugal vs Croatia (2026-07-02T23:00:00.000Z),Portugal,Croatia,2026-07-02T23:00:00.000Z,,Toronto Stadium,Espen Eskås,Full time,2,1,Goalkeeping,Dominik Livakovic,2,2,1.85,-0.15,0,0,2/3 (67%),26/27 (96%)
4653714,dr-congo-vs-england,https://www.fotmob.com/matches/dr-congo-vs-england/1tbjj5#4653714,England vs DR Congo (2026-07-01T16:00:00.000Z),England,DR Congo,2026-07-01T16:00:00.000Z,,Atlanta Stadium,Adham Mohammad Tumah Makhadmeh,Full time,2,1,Goalkeeping,Lionel Mpasi-Nzau,5,2,2.44,0.44,0,2,4/13 (31%),27/36 (75%)
4653714,dr-congo-vs-england,https://www.fotmob.com/matches/dr-congo-vs-england/1tbjj5#4653714,England vs DR Congo (2026-07-01T16:00:00.000Z),England,DR Congo,2026-07-01T16:00:00.000Z,,Atlanta Stadium,Adham Mohammad Tumah Makhadmeh,Full time,2,1,Goalkeeping,Jordan Pickford,1,1,0.3,-0.7,1,0,3/10 (30%),19/26 (73%)
4653713,ecuador-vs-mexico,https://www.fotmob.com/matches/ecuador-vs-mexico/1hlgxf#4653713,Mexico vs Ecuador (2026-07-01T02:00:00.000Z),Mexico,Ecuador,2026-07-01T02:00:00.000Z,,Mexico City Stadium,Slavko Vinčić,Full time,2,0,Goalkeeping,Raúl Rangel,1,0,0.63,0.63,0,1,9/20 (45%),24/35 (69%)
4653713,ecuador-vs-mexico,https://www.fotmob.com/matches/ecuador-vs-mexico/1hlgxf#4653713,Mexico vs Ecuador (2026-07-01T02:00:00.000Z),Mexico,Ecuador,2026-07-01T02:00:00.000Z,,Mexico City Stadium,Slavko Vinčić,Full time,2,0,Goalkeeping,Hernán Galindez,1,2,1.14,-0.86,0,0,4/17 (24%),11/24 (46%)
4653709,usa-vs-bosnia-herzegovina,https://www.fotmob.com/matches/usa-vs-bosnia-herzegovina/2c7uzr#4653709,USA vs Bosnia and Herzegovina (2026-07-02T00:00:00.000Z),USA,Bosnia and Herzegovina,2026-07-02T00:00:00.000Z,,San Francisco Bay Area Stadium,Raphael Claus,Full time,2,0,Goalkeeping,Matt Freese,3,0,0.13,0.13,1,1,3/9 (33%),7/13 (54%)
4653709,usa-vs-bosnia-herzegovina,https://www.fotmob.com/matches/usa-vs-bosnia-herzegovina/2c7uzr#4653709,USA vs Bosnia and Herzegovina (2026-07-02T00:00:00.000Z),USA,Bosnia and Herzegovina,2026-07-02T00:00:00.000Z,,San Francisco Bay Area Stadium,Raphael Claus,Full time,2,0,Goalkeeping,Nikola Vasilj,0,2,0.29,-1.71,1,0,3/15 (20%),20/32 (63%)
4653717,algeria-vs-switzerland,https://www.fotmob.com/matches/algeria-vs-switzerland/1ekwbo#4653717,Switzerland vs Algeria (2026-07-03T03:00:00.000Z),Switzerland,Algeria,2026-07-03T03:00:00.000Z,,,,Full time,2,0,Goalkeeping,Gregor Kobel,2,0,0.28,0.28,2,0,7/19 (37%),26/38 (68%)
4653717,algeria-vs-switzerland,https://www.fotmob.com/matches/algeria-vs-switzerland/1ekwbo#4653717,Switzerland vs Algeria (2026-07-03T03:00:00.000Z),Switzerland,Algeria,2026-07-03T03:00:00.000Z,,,,Full time,2,0,Goalkeeping,Luca Zidane,2,2,1.29,-0.71,1,0,2/10 (20%),25/33 (76%)
4653846,brazil-vs-norway,https://www.fotmob.com/matches/brazil-vs-norway/2bicve#4653846,Brazil vs Norway (2026-07-05T20:00:00.000Z),Brazil,Norway,2026-07-05T20:00:00.000Z,,New York New Jersey Stadium,Ismail Elfath,Full time,1,2,Goalkeeping,Ørjan Håskjold Nyland,4,1,1.76,0.76,0,1,12/27 (44%),26/41 (63%)
4653846,brazil-vs-norway,https://www.fotmob.com/matches/brazil-vs-norway/2bicve#4653846,Brazil vs Norway (2026-07-05T20:00:00.000Z),Brazil,Norway,2026-07-05T20:00:00.000Z,,New York New Jersey Stadium,Ismail Elfath,Full time,1,2,Goalkeeping,Alisson Becker,3,2,1.66,-0.34,2,0,0/5 (0%),11/16 (69%)
4653847,mexico-vs-england,https://www.fotmob.com/matches/mexico-vs-england/1wsny4#4653847,Mexico vs England (2026-07-06T01:00:00.000Z),Mexico,England,2026-07-06T01:00:00.000Z,,Mexico City Stadium,Alireza Faghani,Full time,2,3,Goalkeeping,Jordan Pickford,3,2,1.82,-0.18,0,1,11/26 (42%),19/34 (56%)
4653847,mexico-vs-england,https://www.fotmob.com/matches/mexico-vs-england/1wsny4#4653847,Mexico vs England (2026-07-06T01:00:00.000Z),Mexico,England,2026-07-06T01:00:00.000Z,,Mexico City Stadium,Alireza Faghani,Full time,2,3,Goalkeeping,Raúl Rangel,2,3,2.98,-0.02,0,0,2/2 (100%),17/17 (100%)
4653844,spain-vs-portugal,https://www.fotmob.com/matches/spain-vs-portugal/1vppuu#4653844,Portugal vs Spain (2026-07-06T19:00:00.000Z),Portugal,Spain,2026-07-06T19:00:00.000Z,,Dallas Stadium,Anthony Taylor,Full time,0,1,Goalkeeping,Diogo Costa,5,1,1.46,0.46,1,2,2/11 (18%),19/28 (68%)
4653844,spain-vs-portugal,https://www.fotmob.com/matches/spain-vs-portugal/1vppuu#4653844,Portugal vs Spain (2026-07-06T19:00:00.000Z),Portugal,Spain,2026-07-06T19:00:00.000Z,,Dallas Stadium,Anthony Taylor,Full time,0,1,Goalkeeping,Unai Simón,2,0,0.89,0.89,1,2,3/12 (25%),21/31 (68%)
4653845,usa-vs-belgium,https://www.fotmob.com/matches/usa-vs-belgium/1urw5j#4653845,USA vs Belgium (2026-07-07T00:00:00.000Z),USA,Belgium,2026-07-07T00:00:00.000Z,,Seattle Stadium,Adham Mohammad Tumah Makhadmeh,Full time,1,4,Goalkeeping,Matt Freese,3,4,3.51,-0.49,1,1,2/5 (40%),14/18 (78%)
4653845,usa-vs-belgium,https://www.fotmob.com/matches/usa-vs-belgium/1urw5j#4653845,USA vs Belgium (2026-07-07T00:00:00.000Z),USA,Belgium,2026-07-07T00:00:00.000Z,,Seattle Stadium,Adham Mohammad Tumah Makhadmeh,Full time,1,4,Goalkeeping,Thibaut Courtois,1,1,0.22,-0.78,1,1,7/22 (32%),24/39 (62%)
4653848,argentina-vs-egypt,https://www.fotmob.com/matches/argentina-vs-egypt/2dn9n7#4653848,Argentina vs Egypt (2026-07-07T16:00:00.000Z),Argentina,Egypt,2026-07-07T16:00:00.000Z,,Atlanta Stadium,François Letexier,Full time,3,2,Goalkeeping,Mostafa Ahmed Shobeir,4,3,2.66,-0.34,1,1,4/9 (44%),21/27 (78%)
4653848,argentina-vs-egypt,https://www.fotmob.com/matches/argentina-vs-egypt/2dn9n7#4653848,Argentina vs Egypt (2026-07-07T16:00:00.000Z),Argentina,Egypt,2026-07-07T16:00:00.000Z,,Atlanta Stadium,François Letexier,Full time,3,2,Goalkeeping,Emiliano Martínez,0,2,1.21,-0.79,1,0,2/8 (25%),13/19 (68%)
4653849,switzerland-vs-colombia,https://www.fotmob.com/matches/switzerland-vs-colombia/1urkle#4653849,Switzerland vs Colombia (2026-07-07T20:00:00.000Z),Switzerland,Colombia,2026-07-07T20:00:00.000Z,,,,Pen: 4 - 3,0,0,Goalkeeping,Gregor Kobel,3,0,0.85,0.85,0,1,9/18 (50%),39/48 (81%)
4653849,switzerland-vs-colombia,https://www.fotmob.com/matches/switzerland-vs-colombia/1urkle#4653849,Switzerland vs Colombia (2026-07-07T20:00:00.000Z),Switzerland,Colombia,2026-07-07T20:00:00.000Z,,,,Pen: 4 - 3,0,0,Goalkeeping,Camilo Vargas,2,0,0.09,0.09,0,0,7/21 (33%),35/49 (71%)
4653851,morocco-vs-france,https://www.fotmob.com/matches/morocco-vs-france/1e78fs#4653851,France vs Morocco (2026-07-09T20:00:00.000Z),France,Morocco,2026-07-09T20:00:00.000Z,,Boston Stadium,Facundo Raúl Tello Figueroa,Full time,2,0,Goalkeeping,Yassine Bounou,6,2,2.88,0.88,1,0,1/13 (8%),22/34 (65%)
4653851,morocco-vs-france,https://www.fotmob.com/matches/morocco-vs-france/1e78fs#4653851,France vs Morocco (2026-07-09T20:00:00.000Z),France,Morocco,2026-07-09T20:00:00.000Z,,Boston Stadium,Facundo Raúl Tello Figueroa,Full time,2,0,Goalkeeping,Mike Maignan,1,0,0.04,0.04,0,1,2/7 (29%),13/18 (72%)
4653843,canada-vs-morocco,https://www.fotmob.com/matches/canada-vs-morocco/17e1pm#4653843,Canada vs Morocco (2026-07-04T17:00:00.000Z),Canada,Morocco,2026-07-04T17:00:00.000Z,,Houston Stadium,Michael Oliver,Full time,0,3,Goalkeeping,Yassine Bounou,3,0,0.53,0.53,0,2,1/15 (7%),26/40 (65%)
4653843,canada-vs-morocco,https://www.fotmob.com/matches/canada-vs-morocco/17e1pm#4653843,Canada vs Morocco (2026-07-04T17:00:00.000Z),Canada,Morocco,2026-07-04T17:00:00.000Z,,Houston Stadium,Michael Oliver,Full time,0,3,Goalkeeping,Maxime Crépeau,1,3,2.15,-0.85,1,0,3/8 (38%),17/23 (74%)
4653842,france-vs-paraguay,https://www.fotmob.com/matches/france-vs-paraguay/1hu3vk#4653842,Paraguay vs France (2026-07-04T21:00:00.000Z),Paraguay,France,2026-07-04T21:00:00.000Z,,Philadelphia Stadium,Ilgiz Tantashev,Full time,0,1,Goalkeeping,Orlando Gill,4,1,1.88,0.88,0,1,6/23 (26%),6/23 (26%)
4653842,france-vs-paraguay,https://www.fotmob.com/matches/france-vs-paraguay/1hu3vk#4653842,Paraguay vs France (2026-07-04T21:00:00.000Z),Paraguay,France,2026-07-04T21:00:00.000Z,,Philadelphia Stadium,Ilgiz Tantashev,Full time,0,1,Goalkeeping,Mike Maignan,0,0,0.0,0.0,0,3,5/10 (50%),23/28 (82%)
4653715,cape-verde-vs-argentina,https://www.fotmob.com/matches/cape-verde-vs-argentina/1b81pp#4653715,Argentina vs Cape Verde (2026-07-03T22:00:00.000Z),Argentina,Cape Verde,2026-07-03T22:00:00.000Z,,Miami Stadium,Drew Thomas Fischer,After extra time,3,2,Goalkeeping,Vozinha,8,3,2.42,0.42,3,0,8/17 (47%),22/32 (69%)
4653715,cape-verde-vs-argentina,https://www.fotmob.com/matches/cape-verde-vs-argentina/1b81pp#4653715,Argentina vs Cape Verde (2026-07-03T22:00:00.000Z),Argentina,Cape Verde,2026-07-03T22:00:00.000Z,,Miami Stadium,Drew Thomas Fischer,After extra time,3,2,Goalkeeping,Emiliano Martínez,3,2,1.48,-0.52,0,0,1/7 (14%),22/28 (79%)
4653716,australia-vs-egypt,https://www.fotmob.com/matches/australia-vs-egypt/2dqwke#4653716,Australia vs Egypt (2026-07-03T18:00:00.000Z),Australia,Egypt,2026-07-03T18:00:00.000Z,,Dallas Stadium,Gustavo Adrian Tejera Capo,Pen: 2 - 4,1,1,Goalkeeping,Patrick Beach,3,1,1.14,0.14,0,0,2/13 (15%),17/28 (61%)
4653716,australia-vs-egypt,https://www.fotmob.com/matches/australia-vs-egypt/2dqwke#4653716,Australia vs Egypt (2026-07-03T18:00:00.000Z),Australia,Egypt,2026-07-03T18:00:00.000Z,,Dallas Stadium,Gustavo Adrian Tejera Capo,Pen: 2 - 4,1,1,Goalkeeping,Mostafa Ahmed Shobeir,1,1,0.07,0.07,1,0,7/12 (58%),27/32 (84%)
4653716,australia-vs-egypt,https://www.fotmob.com/matches/australia-vs-egypt/2dqwke#4653716,Australia vs Egypt (2026-07-03T18:00:00.000Z),Australia,Egypt,2026-07-03T18:00:00.000Z,,Dallas Stadium,Gustavo Adrian Tejera Capo,Pen: 2 - 4,1,1,Goalkeeping,Mathew Ryan,0,0,0.0,0.0,0,0,0,0/0 (0%)
4653718,ghana-vs-colombia,https://www.fotmob.com/matches/ghana-vs-colombia/1uqlxk#4653718,Colombia vs Ghana (2026-07-04T01:30:00.000Z),Colombia,Ghana,2026-07-04T01:30:00.000Z,,Kansas City Stadium,Clément Turpin,Full time,1,0,Goalkeeping,Lawrence Ati-Zigi,7,1,2.69,1.69,0,0,2/13 (15%),25/36 (69%)
4653718,ghana-vs-colombia,https://www.fotmob.com/matches/ghana-vs-colombia/1uqlxk#4653718,Colombia vs Ghana (2026-07-04T01:30:00.000Z),Colombia,Ghana,2026-07-04T01:30:00.000Z,,Kansas City Stadium,Clément Turpin,Full time,1,0,Goalkeeping,Camilo Vargas,0,0,0.0,0.0,0,0,3/6 (50%),31/34 (91%)
