match_id,match_slug,match_url,home_team,away_team,kickoff,final_score,goal_index,minute,minute_base,stoppage_minute,elapsed_minute,scorer,scoring_country,opponent_country,credited_player_country,own_goal,penalty,score_before,score_after,scoring_team_score_before,opponent_score_before,scoring_team_score_after,opponent_score_after,home_score_before,away_score_before,home_score_after,away_score_after,raw_event
4667751,south-africa-vs-mexico,https://www.fotmob.com/matches/south-africa-vs-mexico/1einvt#4667751,Mexico,South Africa,2026-06-11T19:00:00.000Z,2-0,1,9,9,0,9.0,Julián Quiñones,Mexico,South Africa,Mexico,False,False,0-0,1-0,0,0,1,0,0,0,1,0,Julián Quiñones (1 - 0) assist by Érik Lira 9’ 17’ Teboho Mokoena Brian Gutiérrez 23’ +4 minutes added HT 1 - 0 49’ Sphephelo Sithole 56’ Thalente Mbatha Lyle Fost
4667751,south-africa-vs-mexico,https://www.fotmob.com/matches/south-africa-vs-mexico/1einvt#4667751,Mexico,South Africa,2026-06-11T19:00:00.000Z,2-0,2,67,67,0,67.0,Raul Jiménez,Mexico,South Africa,Mexico,False,False,1-0,2-0,1,0,2,0,1,0,2,0,"66’ Raul Jiménez (2 - 0) Header, assist by Roberto Alvarado 67’ 74’ Nkosinathi Sibisi Edson Álvarez Érik Lira 76’ Armando González Raul Jiménez 76’ 76’ Evidence Mak"
4667752,south-korea-vs-czechia,https://www.fotmob.com/matches/south-korea-vs-czechia/273opa#4667752,South Korea,Czechia,2026-06-12T02:00:00.000Z,2-1,1,59,59,0,59.0,Ladislav Krejcí,Czechia,South Korea,Czechia,False,False,0-0,0-1,0,0,1,0,0,0,0,1,"59’ Ladislav Krejcí (0 - 1) Header, assist by Vladimír Coufal Hee-Chan Hwang Jae-Sung Lee 62’ 63’ Adam Hlozek Pavel Sulc 63’ Tomás Chory Patrik Schick 63’ Michal Sadíl"
4667752,south-korea-vs-czechia,https://www.fotmob.com/matches/south-korea-vs-czechia/273opa#4667752,South Korea,Czechia,2026-06-12T02:00:00.000Z,2-1,2,67,67,0,67.0,In-Beom Hwang,South Korea,Czechia,South Korea,False,False,0-1,1-1,0,1,1,1,0,1,1,1,63’ Michal Sadílek Lukás Provod In-Beom Hwang (1 - 1) assist by Kang-In Lee 67’ Ji-Sung Eom Tae-Seok Lee 69’ Hyun-Gyu Oh Heung-Min Son 69’ Hyun-Gyu Oh
4667752,south-korea-vs-czechia,https://www.fotmob.com/matches/south-korea-vs-czechia/273opa#4667752,South Korea,Czechia,2026-06-12T02:00:00.000Z,2-1,3,80,80,0,80.0,Hyun-Gyu Oh,South Korea,Czechia,South Korea,False,False,1-1,2-1,1,1,2,1,1,1,2,1,69’ Hyun-Gyu Oh (2 - 1) assist by In-Beom Hwang 80’ Jin-Gyu Kim In-Beom Hwang 84’ Jin-Seob Park Seung-Ho Paik 84’ 84’ Mojmír Chytil Alexandr Sojka +6 minutes added
4667758,qatar-vs-switzerland,https://www.fotmob.com/matches/qatar-vs-switzerland/1beswv#4667758,Qatar,Switzerland,2026-06-13T19:00:00.000Z,1-1,1,17,17,0,17.0,Breel Embolo,Switzerland,Qatar,Switzerland,False,True,0-0,0-1,0,0,1,0,0,0,0,1,17’ Breel Embolo (0 - 1) Penalty Jassem Gaber 23’ 42’ Denis Zakaria +6 minutes added HT 0 - 1 Ahmed Fathi Ayoub Al Oui 60’ Karim Boudiaf Jassem Gaber 60’ Ahmed Alaa
4667758,qatar-vs-switzerland,https://www.fotmob.com/matches/qatar-vs-switzerland/1beswv#4667758,Qatar,Switzerland,2026-06-13T19:00:00.000Z,1-1,2,90+4,90,4,94.0,Miro Muheim,Qatar,Switzerland,Switzerland,True,False,0-1,1-1,0,1,1,1,0,1,1,1,89’ Ardon Jashari Remo Freuler +6 minutes added Miro Muheim (1 - 1) Own goal 90’ +4
4667757,canada-vs-bosnia-herzegovina,https://www.fotmob.com/matches/canada-vs-bosnia-herzegovina/23f1qo#4667757,Canada,Bosnia and Herzegovina,2026-06-12T19:00:00.000Z,1-1,1,44,44,0,44.0,Jovo Lukic,Bosnia and Herzegovina,Canada,Bosnia and Herzegovina,False,False,0-0,0-1,0,0,1,0,0,0,0,1,"21’ Jovo Lukic (0 - 1) Header, assist by Sead Kolasinac 44’ Ermedin Demirovic +4 minutes added 45’ +1 Jovo Lukic HT 0 - 1 Luc De Fougerolles 53’ Jacob Shaffelburg"
4667757,canada-vs-bosnia-herzegovina,https://www.fotmob.com/matches/canada-vs-bosnia-herzegovina/23f1qo#4667757,Canada,Bosnia and Herzegovina,2026-06-12T19:00:00.000Z,1-1,2,78,78,0,78.0,Cyle Larin,Canada,Bosnia and Herzegovina,Canada,False,False,0-1,1-1,0,1,1,1,0,1,1,1,76’ Cyle Larin (1 - 1) assist by Promise David 78’ 83’ Dzenis Burnic Sead Kolasinac +6 minutes added Jonathan Osorio Stephen Eustaquio 90’ +1 90’ +3 Nikola Katic
4667765,haiti-vs-scotland,https://www.fotmob.com/matches/haiti-vs-scotland/1q0g2q#4667765,Haiti,Scotland,2026-06-14T01:00:00.000Z,0-1,1,29,29,0,29.0,John McGinn,Scotland,Haiti,Scotland,False,False,0-0,0-1,0,0,1,0,0,0,0,1,29’ John McGinn (0 - 1) Jean-Ricner Bellegarde 39’ +4 minutes added HT 0 - 1 46’ Aaron Hickey Josué Casimir Don Deedson Louicius 61’ 75’ Ryan Christie Ben Gannon-D
4667764,morocco-vs-brazil,https://www.fotmob.com/matches/morocco-vs-brazil/1qr4gd#4667764,Brazil,Morocco,2026-06-13T22:00:00.000Z,1-1,1,21,21,0,21.0,Ismael Saibari,Morocco,Brazil,Morocco,False,False,0-0,0-1,0,0,1,0,0,0,0,1,21’ Ismael Saibari (0 - 1) assist by Brahim Díaz Vinícius Júnior
4667764,morocco-vs-brazil,https://www.fotmob.com/matches/morocco-vs-brazil/1qr4gd#4667764,Brazil,Morocco,2026-06-13T22:00:00.000Z,1-1,2,32,32,0,32.0,Vinícius Júnior,Brazil,Morocco,Brazil,False,False,0-1,1-1,0,1,1,1,0,1,1,1,21’ Ismael Saibari (0 - 1) assist by Brahim Díaz Vinícius Júnior (1 - 1) assist by Bruno Guimarães 32’ Casemiro 37’ Roger Ibañez 43’ +4 minutes added HT 1 - 1 Danilo Roger Ibañez 46’ Fabinho Casemiro 46’ Matheus
4667771,usa-vs-paraguay,https://www.fotmob.com/matches/usa-vs-paraguay/1hr85j#4667771,USA,Paraguay,2026-06-13T01:00:00.000Z,4-1,1,7,7,0,7.0,Damián Bobadilla,USA,Paraguay,Paraguay,True,False,0-0,1-0,0,0,1,0,0,0,1,0,Damián Bobadilla (1 - 0) Own goal 7’ 9’ Juan Cáceres Folarin Balogun
4667771,usa-vs-paraguay,https://www.fotmob.com/matches/usa-vs-paraguay/1hr85j#4667771,USA,Paraguay,2026-06-13T01:00:00.000Z,4-1,2,31,31,0,31.0,Folarin Balogun,USA,Paraguay,USA,False,False,1-0,2-0,1,0,2,0,1,0,2,0,9’ Juan Cáceres Folarin Balogun (2 - 0) assist by Christian Pulisic 31’ +5 minutes added Folarin Balogun
4667771,usa-vs-paraguay,https://www.fotmob.com/matches/usa-vs-paraguay/1hr85j#4667771,USA,Paraguay,2026-06-13T01:00:00.000Z,4-1,3,45+5,45,5,50.0,Folarin Balogun,USA,Paraguay,USA,False,False,2-0,3-0,2,0,3,0,2,0,3,0,31’ +5 minutes added Folarin Balogun (3 - 0) assist by Malik Tillman 45’ +5 HT 3 - 0 46’ Mauricio Damián Bobadilla Sebastian Berhalter Christian Pulisic 46’ Yellow card cancelled Tim R
4667771,usa-vs-paraguay,https://www.fotmob.com/matches/usa-vs-paraguay/1hr85j#4667771,USA,Paraguay,2026-06-13T01:00:00.000Z,4-1,4,79,79,0,79.0,Mauricio,Paraguay,USA,Paraguay,False,False,3-0,3-1,0,3,1,3,3,0,3,1,73’ Mauricio (3 - 1) assist by Julio Enciso 79’ Ramón Sosa Miguel Almirón 79’ Gustavo Velázquez Juan Cáceres 79’ Alejandro Romero Diego Gómez 79’ Diego Gómez Gi
4667771,usa-vs-paraguay,https://www.fotmob.com/matches/usa-vs-paraguay/1hr85j#4667771,USA,Paraguay,2026-06-13T01:00:00.000Z,4-1,5,90+8,90,8,98.0,Giovanni Reyna,USA,Paraguay,USA,False,False,3-1,4-1,3,1,4,1,3,1,4,1,90’ +3 Júnior Alonso Giovanni Reyna (4 - 1) assist by Alex Freeman 90’ +8
4667772,turkiye-vs-australia,https://www.fotmob.com/matches/turkiye-vs-australia/1gr3uk#4667772,Australia,Turkiye,2026-06-14T04:00:00.000Z,2-0,1,27,27,0,27.0,Nestory Irankunda,Australia,Turkiye,Australia,False,False,0-0,1-0,0,0,1,0,0,0,1,0,Nestory Irankunda (1 - 0) assist by Paul Okon-Engstler 27’ +4 minutes added HT 1 - 0 46’ Kenan Yildiz Baris Alper Yilmaz Nishan Velupillay Nestory Irankunda 61’ 62’
4667772,turkiye-vs-australia,https://www.fotmob.com/matches/turkiye-vs-australia/1gr3uk#4667772,Australia,Turkiye,2026-06-14T04:00:00.000Z,2-0,2,75,75,0,75.0,Connor Metcalfe,Australia,Turkiye,Australia,False,False,1-0,2-0,1,0,2,0,1,0,2,0,74’ Connor Metcalfe (2 - 0) 75’ 81’ Salih Özcan Ismail Yüksek 81’ Mert Müldür Zeki Çelik Aziz Behich Jordan Bos 83’ Jackson Irvine Paul Okon-Engstler 83’ 85’ Deniz Gül
4667777,germany-vs-curacao,https://www.fotmob.com/matches/germany-vs-curacao/k77fsyu#4667777,Germany,Curacao,2026-06-14T17:00:00.000Z,7-1,1,6,6,0,6.0,Felix Nmecha,Germany,Curacao,Germany,False,False,0-0,1-0,0,0,1,0,0,0,1,0,Felix Nmecha (1 - 0) assist by Florian Wirtz 6’ 21’ Livano Comenencia
4667777,germany-vs-curacao,https://www.fotmob.com/matches/germany-vs-curacao/k77fsyu#4667777,Germany,Curacao,2026-06-14T17:00:00.000Z,7-1,2,21,21,0,21.0,Livano Comenencia,Curacao,Germany,Curacao,False,False,1-0,1-1,0,1,1,1,1,0,1,1,21’ Livano Comenencia (1 - 1) Nico Schlotterbeck
4667777,germany-vs-curacao,https://www.fotmob.com/matches/germany-vs-curacao/k77fsyu#4667777,Germany,Curacao,2026-06-14T17:00:00.000Z,7-1,3,38,38,0,38.0,Nico Schlotterbeck,Germany,Curacao,Germany,False,False,1-1,2-1,1,1,2,1,1,1,2,1,"21’ Livano Comenencia (1 - 1) Nico Schlotterbeck (2 - 1) Header, assist by Nathaniel Brown 38’ +4 minutes added Kai Havertz"
4667777,germany-vs-curacao,https://www.fotmob.com/matches/germany-vs-curacao/k77fsyu#4667777,Germany,Curacao,2026-06-14T17:00:00.000Z,7-1,4,45+5,45,5,50.0,Kai Havertz,Germany,Curacao,Germany,False,True,2-1,3-1,2,1,3,1,2,1,3,1,38’ +4 minutes added Kai Havertz (3 - 1) Penalty 45’ +5 HT 3 - 1 46’ Jeremy Antonisse Sontje Hansen Jamal Musiala
4667777,germany-vs-curacao,https://www.fotmob.com/matches/germany-vs-curacao/k77fsyu#4667777,Germany,Curacao,2026-06-14T17:00:00.000Z,7-1,5,47,47,0,47.0,Jamal Musiala,Germany,Curacao,Germany,False,False,3-1,4-1,3,1,4,1,3,1,4,1,46’ Jeremy Antonisse Sontje Hansen Jamal Musiala (4 - 1) assist by Joshua Kimmich 47’ Deniz Undav Jamal Musiala 64’ 65’ Jearl Margaritha Jürgen Locadia Nathaniel Brown
4667777,germany-vs-curacao,https://www.fotmob.com/matches/germany-vs-curacao/k77fsyu#4667777,Germany,Curacao,2026-06-14T17:00:00.000Z,7-1,6,68,68,0,68.0,Nathaniel Brown,Germany,Curacao,Germany,False,False,4-1,5-1,4,1,5,1,4,1,5,1,65’ Jearl Margaritha Jürgen Locadia Nathaniel Brown (5 - 1) assist by Deniz Undav 68’ Antonio Rüdiger Jonathan Tah 72’ Leon Goretzka Felix Nmecha 72’ David Raum Nathaniel Brown 72’ Deniz Undav
4667777,germany-vs-curacao,https://www.fotmob.com/matches/germany-vs-curacao/k77fsyu#4667777,Germany,Curacao,2026-06-14T17:00:00.000Z,7-1,7,78,78,0,78.0,Deniz Undav,Germany,Curacao,Germany,False,False,5-1,6-1,5,1,6,1,5,1,6,1,72’ Deniz Undav (6 - 1) assist by Joshua Kimmich 78’ 82’ Gervane Kastaneer Tahith Chong Waldemar Anton Joshua Kimmich 83’ Kai Havertz
4667777,germany-vs-curacao,https://www.fotmob.com/matches/germany-vs-curacao/k77fsyu#4667777,Germany,Curacao,2026-06-14T17:00:00.000Z,7-1,8,88,88,0,88.0,Kai Havertz,Germany,Curacao,Germany,False,False,6-1,7-1,6,1,7,1,6,1,7,1,83’ Kai Havertz (7 - 1) assist by Deniz Undav 88’ +5 minutes added
4667778,ecuador-vs-ivory-coast,https://www.fotmob.com/matches/ecuador-vs-ivory-coast/1hl6kp#4667778,Ivory Coast,Ecuador,2026-06-14T23:00:00.000Z,1-0,1,90,90,0,90.0,Amad Diallo,Ivory Coast,Ecuador,Ivory Coast,False,False,0-0,1-0,0,0,1,0,0,0,1,0,89’ Amad Diallo (1 - 0) assist by Wilfried Singo 90’ +7 minutes added
4667784,tunisia-vs-sweden,https://www.fotmob.com/matches/tunisia-vs-sweden/1x5290#4667784,Sweden,Tunisia,2026-06-15T02:00:00.000Z,5-1,1,7,7,0,7.0,Yasin Ayari,Sweden,Tunisia,Sweden,False,False,0-0,1-0,0,0,1,0,0,0,1,0,Yasin Ayari (1 - 0) 7’ Alexander Isak
4667784,tunisia-vs-sweden,https://www.fotmob.com/matches/tunisia-vs-sweden/1x5290#4667784,Sweden,Tunisia,2026-06-15T02:00:00.000Z,5-1,2,30,30,0,30.0,Alexander Isak,Sweden,Tunisia,Sweden,False,False,1-0,2-0,1,0,2,0,1,0,2,0,7’ Alexander Isak (2 - 0) assist by Viktor Gyökeres 30’ 43’ Omar Rekik
4667784,tunisia-vs-sweden,https://www.fotmob.com/matches/tunisia-vs-sweden/1x5290#4667784,Sweden,Tunisia,2026-06-15T02:00:00.000Z,5-1,3,43,43,0,43.0,Omar Rekik,Tunisia,Sweden,Tunisia,False,False,2-0,2-1,0,2,1,2,2,0,2,1,"43’ Omar Rekik (2 - 1) Header, assist by Hannibal Mejbri +4 minutes added HT 2 - 1 54’ Rani Khedira Viktor Gyökeres"
4667784,tunisia-vs-sweden,https://www.fotmob.com/matches/tunisia-vs-sweden/1x5290#4667784,Sweden,Tunisia,2026-06-15T02:00:00.000Z,5-1,4,59,59,0,59.0,Viktor Gyökeres,Sweden,Tunisia,Sweden,False,False,2-1,3-1,2,1,3,1,2,1,3,1,54’ Rani Khedira Viktor Gyökeres (3 - 1) assist by Alexander Isak 59’ Elliot Stroud Gabriel Gudmundsson 64’ Lucas Bergvall Benjamin Nygren 64’ 72’ Elias Achouri Ellyes Skhiri 72’ S
4667784,tunisia-vs-sweden,https://www.fotmob.com/matches/tunisia-vs-sweden/1x5290#4667784,Sweden,Tunisia,2026-06-15T02:00:00.000Z,5-1,5,84,84,0,84.0,Mattias Svanberg,Sweden,Tunisia,Sweden,False,False,3-1,4-1,3,1,4,1,3,1,4,1,84’ Firas Chaouat Anis Ben Slimane Mattias Svanberg (4 - 1) assist by Alexander Isak 84’ Anthony Elanga Alexander Isak 90’ Daniel Svensson Alexander Bernhardsson 90’ +6 minutes added Yasin Ayari
4667784,tunisia-vs-sweden,https://www.fotmob.com/matches/tunisia-vs-sweden/1x5290#4667784,Sweden,Tunisia,2026-06-15T02:00:00.000Z,5-1,6,90+6,90,6,96.0,Yasin Ayari,Sweden,Tunisia,Sweden,False,False,4-1,5-1,4,1,5,1,4,1,5,1,90’ +6 minutes added Yasin Ayari (5 - 1) assist by Lucas Bergvall 90’ +6
4667783,netherlands-vs-japan,https://www.fotmob.com/matches/netherlands-vs-japan/1hn72b#4667783,Netherlands,Japan,2026-06-14T20:00:00.000Z,2-2,1,50,50,0,50.0,Virgil van Dijk,Netherlands,Japan,Netherlands,False,False,0-0,1-0,0,0,1,0,0,0,1,0,"+3 minutes added HT 0 - 0 Virgil van Dijk (1 - 0) Header, assist by Ryan Gravenberch 50’ 57’ Keito Nakamura"
4667783,netherlands-vs-japan,https://www.fotmob.com/matches/netherlands-vs-japan/1hn72b#4667783,Netherlands,Japan,2026-06-14T20:00:00.000Z,2-2,2,57,57,0,57.0,Keito Nakamura,Japan,Netherlands,Japan,False,False,1-0,1-1,0,1,1,1,1,0,1,1,57’ Keito Nakamura (1 - 1) assist by Takefusa Kubo Crysencio Summerville 61’ Crysencio Summerville
4667783,netherlands-vs-japan,https://www.fotmob.com/matches/netherlands-vs-japan/1hn72b#4667783,Netherlands,Japan,2026-06-14T20:00:00.000Z,2-2,3,64,64,0,64.0,Crysencio Summerville,Netherlands,Japan,Netherlands,False,False,1-1,2-1,1,1,2,1,1,1,2,1,61’ Crysencio Summerville (2 - 1) assist by Ryan Gravenberch 64’ 66’ Junya Ito Daizen Maeda Memphis Depay Donyell Malen 70’ Teun Koopmeiners Crysencio Summerville 70’ Quinte
4667783,netherlands-vs-japan,https://www.fotmob.com/matches/netherlands-vs-japan/1hn72b#4667783,Netherlands,Japan,2026-06-14T20:00:00.000Z,2-2,4,88,88,0,88.0,Daichi Kamada,Japan,Netherlands,Japan,False,False,2-1,2-2,1,2,2,2,2,1,2,2,"88’ Daichi Kamada (2 - 2) Header, assist by Koki Ogawa +6 minutes added Micky van de Ven 90’ +1"
4667791,new-zealand-vs-iran,https://www.fotmob.com/matches/new-zealand-vs-iran/1ar30l#4667791,Iran,New Zealand,2026-06-16T01:00:00.000Z,2-2,1,7,7,0,7.0,Elijah Just,New Zealand,Iran,New Zealand,False,False,0-0,0-1,0,0,1,0,0,0,0,1,7’ Elijah Just (0 - 1) assist by Chris Wood Ramin Rezaeian
4667791,new-zealand-vs-iran,https://www.fotmob.com/matches/new-zealand-vs-iran/1ar30l#4667791,Iran,New Zealand,2026-06-16T01:00:00.000Z,2-2,2,32,32,0,32.0,Ramin Rezaeian,Iran,New Zealand,Iran,False,False,0-1,1-1,0,1,1,1,0,1,1,1,7’ Elijah Just (0 - 1) assist by Chris Wood Ramin Rezaeian (1 - 1) 32’ +6 minutes added HT 1 - 1 Mehdi Ghayedi Aria Yousefi 46’ Ali Alipour Shahriar Moghanlou 53’ 54’ Elijah Just
4667791,new-zealand-vs-iran,https://www.fotmob.com/matches/new-zealand-vs-iran/1ar30l#4667791,Iran,New Zealand,2026-06-16T01:00:00.000Z,2-2,3,54,54,0,54.0,Elijah Just,New Zealand,Iran,New Zealand,False,False,1-1,1-2,1,1,2,1,1,1,1,2,54’ Elijah Just (1 - 2) assist by Chris Wood Mohammad Mohebi
4667791,new-zealand-vs-iran,https://www.fotmob.com/matches/new-zealand-vs-iran/1ar30l#4667791,Iran,New Zealand,2026-06-16T01:00:00.000Z,2-2,4,64,64,0,64.0,Mohammad Mohebi,Iran,New Zealand,Iran,False,False,1-2,2-2,1,2,2,2,1,2,2,2,"54’ Elijah Just (1 - 2) assist by Chris Wood Mohammad Mohebi (2 - 2) Header, assist by Ramin Rezaeian 64’ Ehsan Haji Safi Saman Ghoddos 65’ 68’ Benjamin Old Liberato Cacace 68’ Ryan Thomas Callum McCowatt 77’"
4667790,belgium-vs-egypt,https://www.fotmob.com/matches/belgium-vs-egypt/2u3bhg#4667790,Belgium,Egypt,2026-06-15T19:00:00.000Z,1-1,1,34,34,0,34.0,Emam Ashour,Egypt,Belgium,Egypt,False,False,0-0,0-1,0,0,1,0,0,0,0,1,19’ Emam Ashour (0 - 1) assist by Mohamed Salah 34’ Ahmed Abou El Fotouh +4 minutes added HT 0 - 1 Nicolas Raskin Timothy Castagne 56’ Maxim De Cuyper Amadou Onana
4667790,belgium-vs-egypt,https://www.fotmob.com/matches/belgium-vs-egypt/2u3bhg#4667790,Belgium,Egypt,2026-06-15T19:00:00.000Z,1-1,2,66,66,0,66.0,Mohamed Hany,Belgium,Egypt,Egypt,True,False,0-1,1-1,0,1,1,1,0,1,1,1,66’ Mohamed Hany (1 - 1) Own goal 66’ 71’ Rami Rabia Emam Ashour Maxim De Cuyper 75’ 76’ Zizo Mostafa Ziko 76’ Hamza Abdelkarim Mohamed Salah Hans Vanaken Kevin De
4667799,uruguay-vs-saudi-arabia,https://www.fotmob.com/matches/uruguay-vs-saudi-arabia/1izuvb#4667799,Saudi Arabia,Uruguay,2026-06-15T22:00:00.000Z,1-1,1,41,41,0,41.0,Abdulelah Al Amri,Saudi Arabia,Uruguay,Saudi Arabia,False,False,0-0,1-0,0,0,1,0,0,0,1,0,Abdulelah Al Amri (1 - 0) 41’ Abdulelah Al Amri 44’ +4 minutes added HT 1 - 0 46’ Juan Sanabria Matías Viña 46’ Agustín Canobbio Darwin Núñez Nasser Al-Dawsari Musab
4667799,uruguay-vs-saudi-arabia,https://www.fotmob.com/matches/uruguay-vs-saudi-arabia/1izuvb#4667799,Saudi Arabia,Uruguay,2026-06-15T22:00:00.000Z,1-1,2,81,81,0,81.0,Maxi Araújo,Uruguay,Saudi Arabia,Uruguay,False,False,1-0,1-1,0,1,1,1,1,0,1,1,80’ Maxi Araújo (1 - 1) 81’ Brian Rodríguez Maxi Araújo Nawaf Al-Boushail Mohammed Abu Al Shamat 81’ 90’ Rodrigo Aguirre Federico Viñas +7 minutes added Ali Lajami
4667805,iraq-vs-norway,https://www.fotmob.com/matches/iraq-vs-norway/1oz68o#4667805,Iraq,Norway,2026-06-16T22:00:00.000Z,1-4,1,29,29,0,29.0,Erling Haaland,Norway,Iraq,Norway,False,False,0-0,0-1,0,0,1,0,0,0,0,1,29’ Erling Haaland (0 - 1) assist by David Møller Wolfe Ayman Hussein
4667805,iraq-vs-norway,https://www.fotmob.com/matches/iraq-vs-norway/1oz68o#4667805,Iraq,Norway,2026-06-16T22:00:00.000Z,1-4,2,39,39,0,39.0,Ayman Hussein,Iraq,Norway,Iraq,False,False,0-1,1-1,0,1,1,1,0,1,1,1,"29’ Erling Haaland (0 - 1) assist by David Møller Wolfe Ayman Hussein (1 - 1) Header, assist by Amir Al-Ammari 39’ 43’ Erling Haaland"
4667805,iraq-vs-norway,https://www.fotmob.com/matches/iraq-vs-norway/1oz68o#4667805,Iraq,Norway,2026-06-16T22:00:00.000Z,1-4,3,43,43,0,43.0,Erling Haaland,Norway,Iraq,Norway,False,False,1-1,1-2,1,1,2,1,1,1,1,2,43’ Erling Haaland (1 - 2) +5 minutes added HT 1 - 2 Zidane Iqbal Zaid Ismael 59’ Marko Lawk Farji Ali Al Hamadi 59’ 73’ Andreas Schjelderup Antonio Nusa 73’ Kristian
4667805,iraq-vs-norway,https://www.fotmob.com/matches/iraq-vs-norway/1oz68o#4667805,Iraq,Norway,2026-06-16T22:00:00.000Z,1-4,4,76,76,0,76.0,Leo Østigard,Norway,Iraq,Norway,False,False,1-2,1-3,2,1,3,1,1,2,1,3,"76’ Leo Østigard (1 - 3) Header, assist by Martin Ødegaard Mohanad Ali Ibrahim Bayesh 78’ 81’ Patrick Berg Martin Ødegaard Zaid Tahseen 86’ +6 minutes added 90’ +6"
4667805,iraq-vs-norway,https://www.fotmob.com/matches/iraq-vs-norway/1oz68o#4667805,Iraq,Norway,2026-06-16T22:00:00.000Z,1-4,5,90+6,90,6,96.0,Ayman Hussein,Norway,Iraq,Iraq,True,False,1-3,1-4,3,1,4,1,1,3,1,4,90’ +6 Ayman Hussein (1 - 4) Own goal
4667804,senegal-vs-france,https://www.fotmob.com/matches/senegal-vs-france/1f8fvo#4667804,France,Senegal,2026-06-16T19:00:00.000Z,3-1,1,66,66,0,66.0,Kylian Mbappé,France,Senegal,France,False,False,0-0,1-0,0,0,1,0,0,0,1,0,+6 minutes added HT 0 - 0 Kylian Mbappé (1 - 0) assist by Michael Olise 66’ 75’ Ibrahim Mbaye Ismaïla Sarr 75’ Habib Diarra Lamine Camara Bradley Barcola Ousmane Dembélé 80’ Bradley Barco
4667804,senegal-vs-france,https://www.fotmob.com/matches/senegal-vs-france/1f8fvo#4667804,France,Senegal,2026-06-16T19:00:00.000Z,3-1,2,82,82,0,82.0,Bradley Barcola,France,Senegal,France,False,False,1-0,2-0,1,0,2,0,1,0,2,0,80’ Bradley Barcola (2 - 0) assist by Adrien Rabiot 82’ 83’ Bamba Dieng Nicolas Jackson 83’ Iliman Ndiaye Pape Gueye Rayan Cherki Désiré Doué 87’ 88’ Pathé Ciss Idriss
4667804,senegal-vs-france,https://www.fotmob.com/matches/senegal-vs-france/1f8fvo#4667804,France,Senegal,2026-06-16T19:00:00.000Z,3-1,3,90+5,90,5,95.0,Ibrahim Mbaye,Senegal,France,Senegal,False,False,2-0,2-1,0,2,1,2,2,0,2,1,90’ +5 Ibrahim Mbaye (2 - 1) assist by Iliman Ndiaye Kylian Mbappé
4667804,senegal-vs-france,https://www.fotmob.com/matches/senegal-vs-france/1f8fvo#4667804,France,Senegal,2026-06-16T19:00:00.000Z,3-1,4,90+6,90,6,96.0,Kylian Mbappé,France,Senegal,France,False,False,2-1,3-1,2,1,3,1,2,1,3,1,90’ +5 Ibrahim Mbaye (2 - 1) assist by Iliman Ndiaye Kylian Mbappé (3 - 1) 90’ +6
4667812,algeria-vs-argentina,https://www.fotmob.com/matches/algeria-vs-argentina/1ehtqa#4667812,Argentina,Algeria,2026-06-17T01:00:00.000Z,3-0,1,17,17,0,17.0,Lionel Messi,Argentina,Algeria,Argentina,False,False,0-0,1-0,0,0,1,0,0,0,1,0,8’ Goal ruled out - offside Farès Chaïbi Lionel Messi (1 - 0) assist by Rodrigo De Paul 17’ +4 minutes added HT 1 - 0 Nahuel Molina Gonzalo Montiel 46’ Julián Álvarez Lautaro Martínez 55’ Nicolás Gonzá
4667812,algeria-vs-argentina,https://www.fotmob.com/matches/algeria-vs-argentina/1ehtqa#4667812,Argentina,Algeria,2026-06-17T01:00:00.000Z,3-0,2,60,60,0,60.0,Lionel Messi,Argentina,Algeria,Argentina,False,False,1-0,2-0,1,0,2,0,1,0,2,0,55’ Lionel Messi (2 - 0) 60’ 64’ Houssem Aouar Hicham Boudaoui 64’ Mohamed Amoura Amine Gouiri 64’ Riyad Mahrez Anis Hadj Moussa Lionel Messi
4667812,algeria-vs-argentina,https://www.fotmob.com/matches/algeria-vs-argentina/1ehtqa#4667812,Argentina,Algeria,2026-06-17T01:00:00.000Z,3-0,3,76,76,0,76.0,Lionel Messi,Argentina,Algeria,Argentina,False,False,2-0,3-0,2,0,3,0,2,0,3,0,64’ Riyad Mahrez Anis Hadj Moussa Lionel Messi (3 - 0) assist by Nicolás González 76’ Nico Paz Lionel Messi 80’ Nicolás Otamendi Cristian Romero 80’ 82’ Ramiz Zerrouki Nabil Bentaleb 82’ Adil Bo
4667813,jordan-vs-austria,https://www.fotmob.com/matches/jordan-vs-austria/1my603#4667813,Austria,Jordan,2026-06-17T04:00:00.000Z,3-1,1,20,20,0,20.0,Romano Schmid,Austria,Jordan,Austria,False,False,0-0,1-0,0,0,1,0,0,0,1,0,Romano Schmid (1 - 0) assist by Xaver Schlager 20’ +4 minutes added HT 1 - 0 Marko Arnautovic Sasa Kalajdzic 46’ 50’ Ali Iyad Olwan
4667813,jordan-vs-austria,https://www.fotmob.com/matches/jordan-vs-austria/1my603#4667813,Austria,Jordan,2026-06-17T04:00:00.000Z,3-1,2,50,50,0,50.0,Ali Iyad Olwan,Jordan,Austria,Jordan,False,False,1-0,1-1,0,1,1,1,1,0,1,1,50’ Ali Iyad Olwan (1 - 1) assist by Noor Al-Rawabdeh Paul Wanner Phillipp Mwene 59’ Kevin Danso David Alaba 59’ Carney Chukwuemeka Xaver Schlager 59’ Goal ruled out
4667813,jordan-vs-austria,https://www.fotmob.com/matches/jordan-vs-austria/1my603#4667813,Austria,Jordan,2026-06-17T04:00:00.000Z,3-1,3,76,76,0,76.0,Yazan Abu Al-Arab,Austria,Jordan,Jordan,True,False,1-1,2-1,1,1,2,1,1,1,2,1,72’ Saleem Obaid Mo Abualnadi Yazan Abu Al-Arab (2 - 1) Own goal 76’ Marcel Sabitzer 77’ 81’ Saed Al-Rosan Abdallah Nasib 81’ Mahmoud Al Mardi Ehsan Haddad Patrick Wimmer Romano Schmid 83’ 88’ Mo
4667813,jordan-vs-austria,https://www.fotmob.com/matches/jordan-vs-austria/1my603#4667813,Austria,Jordan,2026-06-17T04:00:00.000Z,3-1,4,90+12,90,12,102.0,Marko Arnautovic,Austria,Jordan,Austria,False,True,2-1,3-1,2,1,3,1,2,1,3,1,88’ Ali Al-Azaizeh Odeh Fakhouri +10 minutes added Marko Arnautovic (3 - 1) Penalty 90’ +12
4667820,colombia-vs-uzbekistan,https://www.fotmob.com/matches/colombia-vs-uzbekistan/2dm7x9#4667820,Uzbekistan,Colombia,2026-06-18T02:00:00.000Z,1-3,1,40,40,0,40.0,Daniel Muñoz,Colombia,Uzbekistan,Colombia,False,False,0-0,0-1,0,0,1,0,0,0,0,1,40’ Daniel Muñoz (0 - 1) assist by Luis Díaz +5 minutes added HT 0 - 1 Dostonbek Khamdamov Oston Urunov 46’ Farrukh Sayfiev Sherzod Nasrulloev 46’ Abbosbek Fayzulla
4667820,colombia-vs-uzbekistan,https://www.fotmob.com/matches/colombia-vs-uzbekistan/2dm7x9#4667820,Uzbekistan,Colombia,2026-06-18T02:00:00.000Z,1-3,2,60,60,0,60.0,Abbosbek Fayzullayev,Uzbekistan,Colombia,Uzbekistan,False,False,0-1,1-1,0,1,1,1,0,1,1,1,46’ Abbosbek Fayzullayev (1 - 1) Header 60’ 65’ Luis Díaz
4667820,colombia-vs-uzbekistan,https://www.fotmob.com/matches/colombia-vs-uzbekistan/2dm7x9#4667820,Uzbekistan,Colombia,2026-06-18T02:00:00.000Z,1-3,3,72,72,0,72.0,Luis Díaz,Colombia,Uzbekistan,Colombia,False,False,1-1,1-2,1,1,2,1,1,1,1,2,65’ Luis Díaz (1 - 2) assist by Gustavo Puerta 72’ Jaminton Campaz James Rodríguez Jakhongir Urozov Rustamjon Ashurmatov 77’ Azizbek Amonov Abbosbek Fayzullayev
4667820,colombia-vs-uzbekistan,https://www.fotmob.com/matches/colombia-vs-uzbekistan/2dm7x9#4667820,Uzbekistan,Colombia,2026-06-18T02:00:00.000Z,1-3,4,90+9,90,9,99.0,Jaminton Campaz,Colombia,Uzbekistan,Colombia,False,False,1-2,1-3,2,1,3,1,1,2,1,3,"90’ +9 Jaminton Campaz (1 - 3) Header, assist by Juan Hernández"
4667819,dr-congo-vs-portugal,https://www.fotmob.com/matches/dr-congo-vs-portugal/1s6g4o#4667819,Portugal,DR Congo,2026-06-17T17:00:00.000Z,1-1,1,6,6,0,6.0,João Neves,Portugal,DR Congo,Portugal,False,False,0-0,1-0,0,0,1,0,0,0,1,0,"João Neves (1 - 0) Header, assist by Pedro Neto 6’ Bernardo Silva 13’ 32’ Chancel Mbemba +4 minutes added 45’ +5 Yoane Wissa"
4667819,dr-congo-vs-portugal,https://www.fotmob.com/matches/dr-congo-vs-portugal/1s6g4o#4667819,Portugal,DR Congo,2026-06-17T17:00:00.000Z,1-1,2,45+5,45,5,50.0,Yoane Wissa,DR Congo,Portugal,DR Congo,False,False,1-0,1-1,0,1,1,1,1,0,1,1,"45’ +5 Yoane Wissa (1 - 1) Header, assist by Arthur Masuaku HT 1 - 1 Francisco Conceição Bernardo Silva 46’ 57’ Noah Sadiki Ngal Ayel Mukau Rafael Leão Pedro Neto 72’"
4667825,england-vs-croatia,https://www.fotmob.com/matches/england-vs-croatia/2viayw#4667825,England,Croatia,2026-06-17T20:00:00.000Z,4-2,1,12,12,0,12.0,Harry Kane,England,Croatia,England,False,True,0-0,1-0,0,0,1,0,0,0,1,0,10’ Harry Kane (1 - 0) Penalty 12’ 36’ Martin Baturina
4667825,england-vs-croatia,https://www.fotmob.com/matches/england-vs-croatia/2viayw#4667825,England,Croatia,2026-06-17T20:00:00.000Z,4-2,2,36,36,0,36.0,Martin Baturina,Croatia,England,Croatia,False,False,1-0,1-1,0,1,1,1,1,0,1,1,36’ Martin Baturina (1 - 1) assist by Petar Sucic Harry Kane
4667825,england-vs-croatia,https://www.fotmob.com/matches/england-vs-croatia/2viayw#4667825,England,Croatia,2026-06-17T20:00:00.000Z,4-2,3,42,42,0,42.0,Harry Kane,England,Croatia,England,False,False,1-1,2-1,1,1,2,1,1,1,2,1,"36’ Martin Baturina (1 - 1) assist by Petar Sucic Harry Kane (2 - 1) Header, assist by Declan Rice 42’ +5 minutes added 45’ +5 Petar Musa"
4667825,england-vs-croatia,https://www.fotmob.com/matches/england-vs-croatia/2viayw#4667825,England,Croatia,2026-06-17T20:00:00.000Z,4-2,4,45+5,45,5,50.0,Petar Musa,Croatia,England,Croatia,False,False,2-1,2-2,1,2,2,2,2,1,2,2,45’ +5 Petar Musa (2 - 2) assist by Ivan Perisic HT 2 - 2 Jude Bellingham
4667825,england-vs-croatia,https://www.fotmob.com/matches/england-vs-croatia/2viayw#4667825,England,Croatia,2026-06-17T20:00:00.000Z,4-2,5,47,47,0,47.0,Jude Bellingham,England,Croatia,England,False,False,2-2,3-2,2,2,3,2,2,2,3,2,45’ +5 Petar Musa (2 - 2) assist by Ivan Perisic HT 2 - 2 Jude Bellingham (3 - 2) assist by Elliot Anderson 47’ 58’ Mateo Kovacic Luka Modric 66’ Marco Pasalic Luka Vuskovic 66’ Igor Matanovic Petar Musa Morgan Rogers Dec
4667825,england-vs-croatia,https://www.fotmob.com/matches/england-vs-croatia/2viayw#4667825,England,Croatia,2026-06-17T20:00:00.000Z,4-2,6,85,85,0,85.0,Marcus Rashford,England,Croatia,England,False,False,3-2,4-2,3,2,4,2,3,2,4,2,79’ Marcus Rashford (4 - 2) assist by Bukayo Saka 85’ Marc Guéhi John Stones 87’ +6 minutes added
4667826,panama-vs-ghana,https://www.fotmob.com/matches/panama-vs-ghana/1bjek0#4667826,Ghana,Panama,2026-06-17T23:00:00.000Z,1-0,1,90+5,90,5,95.0,Caleb Yirenkyi,Ghana,Panama,Ghana,False,False,0-0,1-0,0,0,1,0,0,0,1,0,90’ Aníbal Godoy César Blackman +6 minutes added Caleb Yirenkyi (1 - 0) assist by Brandon Thomas-Asante 90’ +5 90’ +9 Carlos Harvey
4667754,mexico-vs-south-korea,https://www.fotmob.com/matches/mexico-vs-south-korea/1qpvav#4667754,Mexico,South Korea,2026-06-19T01:00:00.000Z,1-0,1,50,50,0,50.0,Luis Romo,Mexico,South Korea,Mexico,False,False,0-0,1-0,0,0,1,0,0,0,1,0,4’ Kang-In Lee +4 minutes added HT 0 - 0 Luis Romo (1 - 0) 50’ 57’ Hee-Chan Hwang Jae-Sung Lee 57’ Hyun-Gyu Oh Heung-Min Son 58’ Seung-Ho Paik Orbelín Pineda Brian Gutiérrez 71’ Obed Vargas Luis Rom
4667753,south-africa-vs-czechia,https://www.fotmob.com/matches/south-africa-vs-czechia/1tbjja#4667753,Czechia,South Africa,2026-06-18T16:00:00.000Z,1-1,1,6,6,0,6.0,Michal Sadílek,Czechia,South Africa,Czechia,False,False,0-0,1-0,0,0,1,0,0,0,1,0,Michal Sadílek (1 - 0) assist by Alexandr Sojka 6’ 33’ Teboho Mokoena 40’ Thalente Mbatha +4 minutes added HT 1 - 0 46’ Relebohile Mofokeng Jayden Adams Jaroslav
4667753,south-africa-vs-czechia,https://www.fotmob.com/matches/south-africa-vs-czechia/1tbjja#4667753,Czechia,South Africa,2026-06-18T16:00:00.000Z,1-1,2,84,84,0,84.0,Teboho Mokoena,South Africa,Czechia,South Africa,False,True,1-0,1-1,0,1,1,1,1,0,1,1,83’ Teboho Mokoena (1 - 1) Penalty 84’ Kamogelo Sebelebele Thapelo Maseko +7 minutes added
4667760,canada-vs-qatar,https://www.fotmob.com/matches/canada-vs-qatar/14u9ym#4667760,Canada,Qatar,2026-06-18T22:00:00.000Z,6-0,1,16,16,0,16.0,Cyle Larin,Canada,Qatar,Canada,False,False,0-0,1-0,0,0,1,0,0,0,1,0,9’ Cyle Larin (1 - 0) 16’ Jonathan David
4667760,canada-vs-qatar,https://www.fotmob.com/matches/canada-vs-qatar/14u9ym#4667760,Canada,Qatar,2026-06-18T22:00:00.000Z,6-0,2,29,29,0,29.0,Jonathan David,Canada,Qatar,Canada,False,True,1-0,2-0,1,0,2,0,1,0,2,0,16’ Jonathan David (2 - 0) 29’ 31’ Yellow card cancelled Homam Elamin Penalty cancelled Tajon Buchanan 31’ 33’ Homam Elamin 40’ Sultan Al Brake Yusuf Abdurisag +6 min
4667760,canada-vs-qatar,https://www.fotmob.com/matches/canada-vs-qatar/14u9ym#4667760,Canada,Qatar,2026-06-18T22:00:00.000Z,6-0,3,45+3,45,3,48.0,Jonathan David,Canada,Qatar,Canada,False,False,2-0,3-0,2,0,3,0,2,0,3,0,40’ Sultan Al Brake Yusuf Abdurisag +6 minutes added Jonathan David (3 - 0) 45’ +3 HT 3 - 0 46’ Mohamed Al Mannai Jassem Gaber 46’ Ahmed Fathi Edmílson Junior Moïse Bombito Derek Cornelius 46’ 51’ Yellow card cancel
4667760,canada-vs-qatar,https://www.fotmob.com/matches/canada-vs-qatar/14u9ym#4667760,Canada,Qatar,2026-06-18T22:00:00.000Z,6-0,4,62,62,0,62.0,Nathan Saliba,Canada,Qatar,Canada,False,False,3-0,4-0,3,0,4,0,3,0,4,0,62’ Ahmed Fathi Nathan Saliba (4 - 0) Direct free kick 64’ Jacob Shaffelburg Luc De Fougerolles 71’ Tani Oluwaseyi Ali Ahmed 71’ Mohamed Al Mannai
4667760,canada-vs-qatar,https://www.fotmob.com/matches/canada-vs-qatar/14u9ym#4667760,Canada,Qatar,2026-06-18T22:00:00.000Z,6-0,5,75,75,0,75.0,Mohamed Al Mannai,Canada,Qatar,Qatar,True,False,4-0,5-0,4,0,5,0,4,0,5,0,71’ Mohamed Al Mannai (5 - 0) Own goal 75’ Niko Sigur Tajon Buchanan 83’ 87’ Lucas Mendes Ahmed Fathi +9 minutes added Jonathan David
4667760,canada-vs-qatar,https://www.fotmob.com/matches/canada-vs-qatar/14u9ym#4667760,Canada,Qatar,2026-06-18T22:00:00.000Z,6-0,6,90+2,90,2,92.0,Jonathan David,Canada,Qatar,Canada,False,False,5-0,6-0,5,0,6,0,5,0,6,0,87’ Lucas Mendes Ahmed Fathi +9 minutes added Jonathan David (6 - 0) assist by Nathan Saliba 90’ +2
4667759,switzerland-vs-bosnia-herzegovina,https://www.fotmob.com/matches/switzerland-vs-bosnia-herzegovina/2c9awx#4667759,Switzerland,Bosnia and Herzegovina,2026-06-18T19:00:00.000Z,4-1,1,74,74,0,74.0,Johan Manzambi,Switzerland,Bosnia and Herzegovina,Switzerland,False,False,0-0,1-0,0,0,1,0,0,0,1,0,72’ Johan Manzambi (1 - 0) 74’ 80’ Tarik Muharemovic Rubén Vargas
4667759,switzerland-vs-bosnia-herzegovina,https://www.fotmob.com/matches/switzerland-vs-bosnia-herzegovina/2c9awx#4667759,Switzerland,Bosnia and Herzegovina,2026-06-18T19:00:00.000Z,4-1,2,84,84,0,84.0,Rubén Vargas,Switzerland,Bosnia and Herzegovina,Switzerland,False,False,1-0,2-0,1,0,2,0,1,0,2,0,80’ Tarik Muharemovic Rubén Vargas (2 - 0) assist by Breel Embolo 84’ 85’ Amir Hadziahmetovic Ivan Sunjic 85’ Jovo Lukic Ermedin Demirovic Luca Jaquez Silvan Widmer 86’ Cedric Itten
4667759,switzerland-vs-bosnia-herzegovina,https://www.fotmob.com/matches/switzerland-vs-bosnia-herzegovina/2c9awx#4667759,Switzerland,Bosnia and Herzegovina,2026-06-18T19:00:00.000Z,4-1,3,90,90,0,90.0,Johan Manzambi,Switzerland,Bosnia and Herzegovina,Switzerland,False,False,2-0,3-0,2,0,3,0,2,0,3,0,89’ Johan Manzambi (3 - 0) assist by Rubén Vargas 90’ +6 minutes added 90’ +1 Ermin Mahmic Kerim Alajbegovic 90’ +3 Ermin Mahmic
4667759,switzerland-vs-bosnia-herzegovina,https://www.fotmob.com/matches/switzerland-vs-bosnia-herzegovina/2c9awx#4667759,Switzerland,Bosnia and Herzegovina,2026-06-18T19:00:00.000Z,4-1,4,90+3,90,3,93.0,Ermin Mahmic,Bosnia and Herzegovina,Switzerland,Bosnia and Herzegovina,False,False,3-0,3-1,0,3,1,3,3,0,3,1,90’ +3 Ermin Mahmic (3 - 1) Granit Xhaka
4667759,switzerland-vs-bosnia-herzegovina,https://www.fotmob.com/matches/switzerland-vs-bosnia-herzegovina/2c9awx#4667759,Switzerland,Bosnia and Herzegovina,2026-06-18T19:00:00.000Z,4-1,5,90+7,90,7,97.0,Granit Xhaka,Switzerland,Bosnia and Herzegovina,Switzerland,False,True,3-1,4-1,3,1,4,1,3,1,4,1,90’ +3 Ermin Mahmic (3 - 1) Granit Xhaka (4 - 1) Penalty 90’ +7
4667767,haiti-vs-brazil,https://www.fotmob.com/matches/haiti-vs-brazil/1ny7ix#4667767,Brazil,Haiti,2026-06-20T00:30:00.000Z,3-0,1,23,23,0,23.0,Matheus Cunha,Brazil,Haiti,Brazil,False,False,0-0,1-0,0,0,1,0,0,0,1,0,4’ Carlens Arcus Matheus Cunha (1 - 0) 23’ Matheus Cunha
4667767,haiti-vs-brazil,https://www.fotmob.com/matches/haiti-vs-brazil/1ny7ix#4667767,Brazil,Haiti,2026-06-20T00:30:00.000Z,3-0,2,36,36,0,36.0,Matheus Cunha,Brazil,Haiti,Brazil,False,False,1-0,2-0,1,0,2,0,1,0,2,0,23’ Matheus Cunha (2 - 0) assist by Vinícius Júnior 36’ Rayan Raphinha 40’ +6 minutes added Vinícius Júnior
4667767,haiti-vs-brazil,https://www.fotmob.com/matches/haiti-vs-brazil/1ny7ix#4667767,Brazil,Haiti,2026-06-20T00:30:00.000Z,3-0,3,45+3,45,3,48.0,Vinícius Júnior,Brazil,Haiti,Brazil,False,False,2-0,3-0,2,0,3,0,2,0,3,0,40’ +6 minutes added Vinícius Júnior (3 - 0) assist by Lucas Paquetá 45’ +3 45’ +4 Frantzdy Pierrot HT 3 - 0 46’ Wilson Isidor Frantzdy Pierrot 46’ Dominique Simon Carlens Arcus 62’ Do
4667766,morocco-vs-scotland,https://www.fotmob.com/matches/morocco-vs-scotland/1sv292#4667766,Scotland,Morocco,2026-06-19T22:00:00.000Z,0-1,1,22,22,0,22.0,Ismael Saibari,Morocco,Scotland,Morocco,False,False,0-0,0-1,0,0,1,0,0,0,0,1,2’ Ismael Saibari (0 - 1) assist by Brahim Díaz 22’ Issa Diop +5 minutes added HT 0 - 1 Ben Gannon-Doak Kieran Tierney 60’ Andrew Robertson 65’ Kenny McLean Ryan Chr
4667774,usa-vs-australia,https://www.fotmob.com/matches/usa-vs-australia/1hox83#4667774,USA,Australia,2026-06-19T19:00:00.000Z,2-0,1,11,11,0,11.0,Cameron Burgess,USA,Australia,Australia,True,False,0-0,1-0,0,0,1,0,0,0,1,0,Cameron Burgess (1 - 0) Own goal 11’ 16’ Jordan Bos 32’ Alessandro Circati Alex Freeman
4667774,usa-vs-australia,https://www.fotmob.com/matches/usa-vs-australia/1hox83#4667774,USA,Australia,2026-06-19T19:00:00.000Z,2-0,2,43,43,0,43.0,Alex Freeman,USA,Australia,USA,False,False,1-0,2-0,1,0,2,0,1,0,2,0,32’ Alessandro Circati Alex Freeman (2 - 0) Header 43’ +7 minutes added HT 2 - 0 46’ Jason Geria Cameron Burgess 46’ Connor Metcalfe Nishan Velupillay 46’ Nestory Irankunda Mohamed To
4667773,turkiye-vs-paraguay,https://www.fotmob.com/matches/turkiye-vs-paraguay/1gte1s#4667773,Turkiye,Paraguay,2026-06-20T03:00:00.000Z,0-1,1,4,4,0,4.0,Matías Galarza,Paraguay,Turkiye,Paraguay,False,False,0-0,0-1,0,0,1,0,0,0,0,1,2’ Matías Galarza (0 - 1) assist by Julio Enciso 4’ Matías Galarza +6 minutes added 45’ +3 Miguel Almirón HT 0 - 1 46’ Damián Bobadilla Isidro Pitta Baris Alper Yilm
4667780,ivory-coast-vs-germany,https://www.fotmob.com/matches/ivory-coast-vs-germany/1xi59e#4667780,Germany,Ivory Coast,2026-06-20T20:00:00.000Z,2-1,1,30,30,0,30.0,Franck Kessié,Ivory Coast,Germany,Ivory Coast,False,False,0-0,0-1,0,0,1,0,0,0,0,1,30’ Franck Kessié (0 - 1) +7 minutes added HT 0 - 1 Antonio Rüdiger Nico Schlotterbeck 46’ Jamie Leweling Leroy Sané 60’ Nadiem Amiri Aleksandar Pavlovic 60’ Deniz U
4667780,ivory-coast-vs-germany,https://www.fotmob.com/matches/ivory-coast-vs-germany/1xi59e#4667780,Germany,Ivory Coast,2026-06-20T20:00:00.000Z,2-1,2,68,68,0,68.0,Deniz Undav,Germany,Ivory Coast,Germany,False,False,0-1,1-1,0,1,1,1,0,1,1,1,60’ Deniz Undav (1 - 1) assist by Nadiem Amiri 68’ 75’ Seko Fofana Ibrahim Sangaré 75’ Simon Adingra Amad Diallo 75’ Evann Guessand Ange-Yoan Bonny 82’ Guéla Doué
4667780,ivory-coast-vs-germany,https://www.fotmob.com/matches/ivory-coast-vs-germany/1xi59e#4667780,Germany,Ivory Coast,2026-06-20T20:00:00.000Z,2-1,3,90+4,90,4,94.0,Deniz Undav,Germany,Ivory Coast,Germany,False,False,1-1,2-1,1,1,2,1,1,1,2,1,85’ +6 minutes added Deniz Undav (2 - 1) assist by Felix Nmecha 90’ +4
4667786,netherlands-vs-sweden,https://www.fotmob.com/matches/netherlands-vs-sweden/1x1gy6#4667786,Netherlands,Sweden,2026-06-20T17:00:00.000Z,5-1,1,5,5,0,5.0,Brian Brobbey,Netherlands,Sweden,Netherlands,False,False,0-0,1-0,0,0,1,0,0,0,1,0,Brian Brobbey (1 - 0) assist by Cody Gakpo 5’ Brian Brobbey
4667786,netherlands-vs-sweden,https://www.fotmob.com/matches/netherlands-vs-sweden/1x1gy6#4667786,Netherlands,Sweden,2026-06-20T17:00:00.000Z,5-1,2,17,17,0,17.0,Brian Brobbey,Netherlands,Sweden,Netherlands,False,False,1-0,2-0,1,0,2,0,1,0,2,0,5’ Brian Brobbey (2 - 0) assist by Denzel Dumfries 17’ +4 minutes added HT 2 - 0 Crysencio Summerville Donyell Malen 46’ Cody Gakpo
4667786,netherlands-vs-sweden,https://www.fotmob.com/matches/netherlands-vs-sweden/1x1gy6#4667786,Netherlands,Sweden,2026-06-20T17:00:00.000Z,5-1,3,47,47,0,47.0,Cody Gakpo,Netherlands,Sweden,Netherlands,False,False,2-0,3-0,2,0,3,0,2,0,3,0,46’ Cody Gakpo (3 - 0) assist by Denzel Dumfries 47’ 53’ Gabriel Gudmundsson Cody Gakpo
4667786,netherlands-vs-sweden,https://www.fotmob.com/matches/netherlands-vs-sweden/1x1gy6#4667786,Netherlands,Sweden,2026-06-20T17:00:00.000Z,5-1,4,54,54,0,54.0,Cody Gakpo,Netherlands,Sweden,Netherlands,False,False,3-0,4-0,3,0,4,0,3,0,4,0,53’ Gabriel Gudmundsson Cody Gakpo (4 - 0) assist by Crysencio Summerville 54’ 55’ Besfort Zeneli Jesper Karlström 55’ Lucas Bergvall Benjamin Nygren 55’ Anthony Elanga Alexander Ber
4667786,netherlands-vs-sweden,https://www.fotmob.com/matches/netherlands-vs-sweden/1x1gy6#4667786,Netherlands,Sweden,2026-06-20T17:00:00.000Z,5-1,5,59,59,0,59.0,Anthony Elanga,Sweden,Netherlands,Sweden,False,False,4-0,4-1,0,4,1,4,4,0,4,1,59’ Anthony Elanga (4 - 1) assist by Alexander Isak Memphis Depay Brian Brobbey 72’ 75’ Yasin Ayari 79’ Taha Abdi Ali Yasin Ayari 80’ Lucas Bergvall Crysencio Summerv
4667786,netherlands-vs-sweden,https://www.fotmob.com/matches/netherlands-vs-sweden/1x1gy6#4667786,Netherlands,Sweden,2026-06-20T17:00:00.000Z,5-1,6,89,89,0,89.0,Crysencio Summerville,Netherlands,Sweden,Netherlands,False,False,4-1,5-1,4,1,5,1,4,1,5,1,80’ Lucas Bergvall Crysencio Summerville (5 - 1) assist by Memphis Depay 89’ Noa Lang Cody Gakpo 90’ +5 minutes added 90’ +3 Elliot Stroud Gabriel Gudmundsson
4667785,japan-vs-tunisia,https://www.fotmob.com/matches/japan-vs-tunisia/1hqd1q#4667785,Tunisia,Japan,2026-06-21T04:00:00.000Z,0-4,1,31,31,0,31.0,Daichi Kamada,Japan,Tunisia,Japan,False,False,0-0,0-1,0,0,1,0,0,0,0,1,4’ Daichi Kamada (0 - 1) assist by Keito Nakamura 31’ Ayase Ueda
4667785,japan-vs-tunisia,https://www.fotmob.com/matches/japan-vs-tunisia/1hqd1q#4667785,Tunisia,Japan,2026-06-21T04:00:00.000Z,0-4,2,31,31,0,31.0,Ayase Ueda,Japan,Tunisia,Japan,False,False,0-1,0-2,1,0,2,0,0,1,0,2,31’ Ayase Ueda (0 - 2) assist by Ko Itakura +4 minutes added HT 0 - 2 Amine Ben Hamida Dylan Bronn 46’ Ismaël Gharbi Elias Saad 46’ Firas Chaouat Sebastian Tounek
4667785,japan-vs-tunisia,https://www.fotmob.com/matches/japan-vs-tunisia/1hqd1q#4667785,Tunisia,Japan,2026-06-21T04:00:00.000Z,0-4,3,74,74,0,74.0,Junya Ito,Japan,Tunisia,Japan,False,False,0-2,0-3,2,0,3,0,0,2,0,3,69’ Junya Ito (0 - 3) assist by Ayase Ueda 74’ Yukinari Sugawara Ritsu Doan 74’ Junnosuke Suzuki Daichi Kamada 78’ Yuito Suzuki Keito Nakamura 78’ Ayumu Seko Tak
4667785,japan-vs-tunisia,https://www.fotmob.com/matches/japan-vs-tunisia/1hqd1q#4667785,Tunisia,Japan,2026-06-21T04:00:00.000Z,0-4,4,84,84,0,84.0,Ayase Ueda,Japan,Tunisia,Japan,False,False,0-3,0-4,3,0,4,0,0,3,0,4,"83’ Ayase Ueda (0 - 4) Header, assist by Kaishu Sano 84’ Keisuke Goto Ayase Ueda Elias Achouri Ali Abdi 90’ Rani Khedira Ellyes Skhiri 90’ +6 minutes added"
4667792,new-zealand-vs-egypt,https://www.fotmob.com/matches/new-zealand-vs-egypt/24xk7y#4667792,New Zealand,Egypt,2026-06-22T01:00:00.000Z,1-3,1,15,15,0,15.0,Finn Surman,New Zealand,Egypt,New Zealand,False,False,0-0,1-0,0,0,1,0,0,0,1,0,"Finn Surman (1 - 0) Header, assist by Tim Payne 15’ 17’ Mohanad Lasheen Sarpreet Singh 20’ Callum McCowatt 34’ 41’ Rami Rabia Hamdi Fathi +4 minutes added HT 1"
4667792,new-zealand-vs-egypt,https://www.fotmob.com/matches/new-zealand-vs-egypt/24xk7y#4667792,New Zealand,Egypt,2026-06-22T01:00:00.000Z,1-3,2,58,58,0,58.0,Mostafa Ziko,Egypt,New Zealand,Egypt,False,False,1-0,1-1,0,1,1,1,1,0,1,1,"58’ Mostafa Ziko (1 - 1) Header, assist by Mohamed Hany Benjamin Old Callum McCowatt 66’ 67’ Mohamed Salah"
4667792,new-zealand-vs-egypt,https://www.fotmob.com/matches/new-zealand-vs-egypt/24xk7y#4667792,New Zealand,Egypt,2026-06-22T01:00:00.000Z,1-3,3,67,67,0,67.0,Mohamed Salah,Egypt,New Zealand,Egypt,False,False,1-1,1-2,1,1,2,1,1,1,1,2,67’ Mohamed Salah (1 - 2) assist by Mostafa Ziko Jesse Randall Liberato Cacace 76’ Ryan Thomas Sarpreet Singh 76’ 76’ Trezeguet Omar Marmoush 76’ Hamza Abdelkarim Mo
4667792,new-zealand-vs-egypt,https://www.fotmob.com/matches/new-zealand-vs-egypt/24xk7y#4667792,New Zealand,Egypt,2026-06-22T01:00:00.000Z,1-3,4,84,84,0,84.0,Trezeguet,Egypt,New Zealand,Egypt,False,False,1-2,1-3,2,1,3,1,1,2,1,3,"82’ Trezeguet (1 - 3) Header, assist by Mohamed Salah 84’ Hossam Abdelmaguid Mohamed Salah 84’ Zizo Emam Ashour Tyler Bindon Tim Payne 85’ Francis De Vries Elija"
4667801,spain-vs-saudi-arabia,https://www.fotmob.com/matches/spain-vs-saudi-arabia/1qq6ht#4667801,Spain,Saudi Arabia,2026-06-21T16:00:00.000Z,4-0,1,10,10,0,10.0,Lamine Yamal,Spain,Saudi Arabia,Spain,False,False,0-0,1-0,0,0,1,0,0,0,1,0,Lamine Yamal (1 - 0) assist by Mikel Oyarzabal 10’ Mikel Oyarzabal
4667801,spain-vs-saudi-arabia,https://www.fotmob.com/matches/spain-vs-saudi-arabia/1qq6ht#4667801,Spain,Saudi Arabia,2026-06-21T16:00:00.000Z,4-0,2,21,21,0,21.0,Mikel Oyarzabal,Spain,Saudi Arabia,Spain,False,False,1-0,2-0,1,0,2,0,1,0,2,0,10’ Mikel Oyarzabal (2 - 0) assist by Aymeric Laporte 21’ Mikel Oyarzabal
4667801,spain-vs-saudi-arabia,https://www.fotmob.com/matches/spain-vs-saudi-arabia/1qq6ht#4667801,Spain,Saudi Arabia,2026-06-21T16:00:00.000Z,4-0,3,24,24,0,24.0,Mikel Oyarzabal,Spain,Saudi Arabia,Spain,False,False,2-0,3-0,2,0,3,0,2,0,3,0,21’ Mikel Oyarzabal (3 - 0) assist by Dani Olmo 24’ 30’ Salem Al-Dawsari +5 minutes added HT 3 - 0 Yéremi Pino Lamine Yamal 46’ Ferran Torres Mikel Oyarzabal 46’ 46’ A
4667801,spain-vs-saudi-arabia,https://www.fotmob.com/matches/spain-vs-saudi-arabia/1qq6ht#4667801,Spain,Saudi Arabia,2026-06-21T16:00:00.000Z,4-0,4,49,49,0,49.0,Hassan Al Tambakti,Spain,Saudi Arabia,Saudi Arabia,True,False,3-0,4-0,3,0,4,0,3,0,4,0,46’ Mohamed Kanno Abdullah Alkhaibari Hassan Al Tambakti (4 - 0) Own goal 49’ 60’ Alaa Hajji Abdulelah Al Amri 60’ Mohammed Abu Al Shamat Firas Al-Buraikan 60’ Mohamed Kanno Mikel Merino Dani Olmo 61’ Nic
4667800,uruguay-vs-cape-verde,https://www.fotmob.com/matches/uruguay-vs-cape-verde/14n97e#4667800,Uruguay,Cape Verde,2026-06-21T22:00:00.000Z,2-2,1,21,21,0,21.0,Kevin Pina,Cape Verde,Uruguay,Cape Verde,False,False,0-0,0-1,0,0,1,0,0,0,0,1,21’ Kevin Pina (0 - 1) Direct free kick Maxi Araújo
4667800,uruguay-vs-cape-verde,https://www.fotmob.com/matches/uruguay-vs-cape-verde/14n97e#4667800,Uruguay,Cape Verde,2026-06-21T22:00:00.000Z,2-2,2,44,44,0,44.0,Maxi Araújo,Uruguay,Cape Verde,Uruguay,False,False,0-1,1-1,0,1,1,1,0,1,1,1,21’ Kevin Pina (0 - 1) Direct free kick Maxi Araújo (1 - 1) Header 44’ +5 minutes added Agustín Canobbio
4667800,uruguay-vs-cape-verde,https://www.fotmob.com/matches/uruguay-vs-cape-verde/14n97e#4667800,Uruguay,Cape Verde,2026-06-21T22:00:00.000Z,2-2,3,45+6,45,6,51.0,Agustín Canobbio,Uruguay,Cape Verde,Uruguay,False,False,1-1,2-1,1,1,2,1,1,1,2,1,44’ +5 minutes added Agustín Canobbio (2 - 1) assist by Maxi Araújo 45’ +6 HT 2 - 1 46’ Deroy Duarte Telmo Arcanjo 58’ Nuno da Costa Gilson Benchimol 58’ Hélio Varela Garry Rodrigues Ma
4667800,uruguay-vs-cape-verde,https://www.fotmob.com/matches/uruguay-vs-cape-verde/14n97e#4667800,Uruguay,Cape Verde,2026-06-21T22:00:00.000Z,2-2,4,61,61,0,61.0,Hélio Varela,Cape Verde,Uruguay,Uruguay,False,False,2-1,2-2,1,2,2,2,2,1,2,2,61’ Hélio Varela (2 - 2) Nicolás de la Cruz Manuel Ugarte 70’ Darwin Núñez Federico Viñas 70’ 70’ Laros Duarte Kevin Pina 80’ Yannick Semedo Jamiro Monteiro Brian R
4667827,panama-vs-croatia,https://www.fotmob.com/matches/panama-vs-croatia/24y93x#4667827,Panama,Croatia,2026-06-23T23:00:00.000Z,0-1,1,54,54,0,54.0,Ante Budimir,Croatia,Panama,Croatia,False,False,0-0,0-1,0,0,1,0,0,0,0,1,54’ Ante Budimir (0 - 1) assist by Josip Stanisic Yoel Bárcenas 61’ 72’ Luka Sucic Marco Pasalic 72’ Petar Sucic Mateo Kovacic Cecilio Waterman Jiovany Ramos 77’ 81
4667821,dr-congo-vs-colombia,https://www.fotmob.com/matches/dr-congo-vs-colombia/1ra58w#4667821,Colombia,DR Congo,2026-06-24T02:00:00.000Z,1-0,1,76,76,0,76.0,Daniel Muñoz,Colombia,DR Congo,Colombia,False,False,0-0,1-0,0,0,1,0,0,0,1,0,71’ Charles Pickel Edo Kayembe Daniel Muñoz (1 - 0) assist by Juan Quintero 76’ Richard Ríos Jhon Arias 77’ 82’ Nathanaël Mbuku Samuel Moutoussamy +6 minutes added 90’ +3 Charles Pickel Jeffe
4667756,south-africa-vs-south-korea,https://www.fotmob.com/matches/south-africa-vs-south-korea/1ncyls#4667756,South Africa,South Korea,2026-06-25T01:00:00.000Z,1-0,1,63,63,0,63.0,Thapelo Maseko,South Africa,South Korea,South Africa,False,False,0-0,1-0,0,0,1,0,0,0,1,0,62’ Thapelo Maseko (1 - 0) assist by Tshepang Moremi 63’ 65’ Jin-Seob Park Min-Jae Kim Aubrey Maphosa Modiba 72’ 74’ Gue-Sung Cho Hyeon-Gyu Oh Iqraam Rayners Thapelo
4667761,canada-vs-switzerland,https://www.fotmob.com/matches/canada-vs-switzerland/1aq0cl#4667761,Switzerland,Canada,2026-06-24T19:00:00.000Z,2-1,1,46,46,0,46.0,Rubén Vargas,Switzerland,Canada,Switzerland,False,False,0-0,1-0,0,0,1,0,0,0,1,0,32’ +4 minutes added HT 0 - 0 Rubén Vargas (1 - 0) assist by Johan Manzambi 46’ Johan Manzambi
4667761,canada-vs-switzerland,https://www.fotmob.com/matches/canada-vs-switzerland/1aq0cl#4667761,Switzerland,Canada,2026-06-24T19:00:00.000Z,2-1,2,57,57,0,57.0,Johan Manzambi,Switzerland,Canada,Switzerland,False,False,1-0,2-0,1,0,2,0,1,0,2,0,46’ Johan Manzambi (2 - 0) assist by Breel Embolo 57’ 58’ Tani Oluwaseyi Cyle Larin 58’ Liam Millar Ali Ahmed 58’ Stephen Eustaquio Mathieu Choinière Silvan Widmer Lu
4667761,canada-vs-switzerland,https://www.fotmob.com/matches/canada-vs-switzerland/1aq0cl#4667761,Switzerland,Canada,2026-06-24T19:00:00.000Z,2-1,3,76,76,0,76.0,Promise David,Canada,Switzerland,Canada,False,False,2-0,2-1,0,2,1,2,2,0,2,1,76’ Promise David (2 - 1) assist by Nathan Saliba Dan Ndoye Rubén Vargas 80’ 83’ Jacob Shaffelburg Richie Laryea Christian Fassnacht Johan Manzambi 85’ Cedric Itten
4667762,qatar-vs-bosnia-herzegovina,https://www.fotmob.com/matches/qatar-vs-bosnia-herzegovina/24aiya#4667762,Bosnia and Herzegovina,Qatar,2026-06-24T19:00:00.000Z,3-1,1,29,29,0,29.0,Kerim Alajbegovic,Bosnia and Herzegovina,Qatar,Bosnia and Herzegovina,False,False,0-0,1-0,0,0,1,0,0,0,1,0,Kerim Alajbegovic (1 - 0) assist by Ivan Basic 29’ Mahmud Abunada
4667762,qatar-vs-bosnia-herzegovina,https://www.fotmob.com/matches/qatar-vs-bosnia-herzegovina/24aiya#4667762,Bosnia and Herzegovina,Qatar,2026-06-24T19:00:00.000Z,3-1,2,34,34,0,34.0,Mahmud Abunada,Bosnia and Herzegovina,Qatar,Qatar,True,False,1-0,2-0,1,0,2,0,1,0,2,0,29’ Mahmud Abunada (2 - 0) Own goal 34’ 42’ Hassan Al Haidos
4667762,qatar-vs-bosnia-herzegovina,https://www.fotmob.com/matches/qatar-vs-bosnia-herzegovina/24aiya#4667762,Bosnia and Herzegovina,Qatar,2026-06-24T19:00:00.000Z,3-1,3,42,42,0,42.0,Hassan Al Haidos,Qatar,Bosnia and Herzegovina,Qatar,False,False,2-0,2-1,0,2,1,2,2,0,2,1,42’ Hassan Al Haidos (2 - 1) assist by Edmílson Junior +5 minutes added HT 2 - 1 Benjamin Tahirovic Ivan Sunjic 46’ Amar Memic Arjan Malic 46’ 46’ Abdulaziz Hatem Jasse
4667762,qatar-vs-bosnia-herzegovina,https://www.fotmob.com/matches/qatar-vs-bosnia-herzegovina/24aiya#4667762,Bosnia and Herzegovina,Qatar,2026-06-24T19:00:00.000Z,3-1,4,80,80,0,80.0,Ermin Mahmic,Bosnia and Herzegovina,Qatar,Bosnia and Herzegovina,False,False,2-1,3-1,2,1,3,1,2,1,3,1,79’ Mohamed Al Mannai Ahmed Fathi Ermin Mahmic (3 - 1) assist by Dennis Hadzikadunic 80’ Dzenis Burnic Kerim Alajbegovic 82’ Ermin Mahmic 82’ +6 minutes added
4667768,brazil-vs-scotland,https://www.fotmob.com/matches/brazil-vs-scotland/2bkifh#4667768,Scotland,Brazil,2026-06-24T22:00:00.000Z,0-3,1,22,22,0,22.0,Vinícius Júnior,Brazil,Scotland,Brazil,False,False,0-0,0-1,0,0,1,0,0,0,0,1,7’ Vinícius Júnior (0 - 1) assist by Rayan 22’ Goal ruled out - foul Vinícius Júnior +6 minutes added 45’ +3 Vinícius Júnior
4667768,brazil-vs-scotland,https://www.fotmob.com/matches/brazil-vs-scotland/2bkifh#4667768,Scotland,Brazil,2026-06-24T22:00:00.000Z,0-3,2,45+3,45,3,48.0,Vinícius Júnior,Brazil,Scotland,Brazil,False,False,0-1,0-2,1,0,2,0,0,1,0,2,"45’ +3 Vinícius Júnior (0 - 2) Header, assist by Bruno Guimarães HT 0 - 2 Kieran Tierney Andrew Robertson 46’ 60’ Matheus Cunha"
4667768,brazil-vs-scotland,https://www.fotmob.com/matches/brazil-vs-scotland/2bkifh#4667768,Scotland,Brazil,2026-06-24T22:00:00.000Z,0-3,3,62,62,0,62.0,Matheus Cunha,Brazil,Scotland,Brazil,False,False,0-2,0-3,2,0,3,0,0,2,0,3,60’ Matheus Cunha (0 - 3) assist by Bruno Guimarães 62’ Danilo 66’ Gabriel Martinelli Lucas Paquetá 66’ Fabinho Casemiro 76’ Neymar Matheus Cunha Ryan Christie Ben G
4667769,haiti-vs-morocco,https://www.fotmob.com/matches/haiti-vs-morocco/18aaq8#4667769,Morocco,Haiti,2026-06-24T22:00:00.000Z,4-2,1,10,10,0,10.0,Yassine Bounou,Haiti,Morocco,Morocco,True,False,0-0,0-1,0,0,1,0,0,0,0,1,10’ Yassine Bounou (0 - 1) Own goal Achraf Hakimi
4667769,haiti-vs-morocco,https://www.fotmob.com/matches/haiti-vs-morocco/18aaq8#4667769,Morocco,Haiti,2026-06-24T22:00:00.000Z,4-2,2,39,39,0,39.0,Achraf Hakimi,Morocco,Haiti,Morocco,False,False,0-1,1-1,0,1,1,1,0,1,1,1,10’ Yassine Bounou (0 - 1) Own goal Achraf Hakimi (1 - 1) 39’ 43’ Wilson Isidor
4667769,haiti-vs-morocco,https://www.fotmob.com/matches/haiti-vs-morocco/18aaq8#4667769,Morocco,Haiti,2026-06-24T22:00:00.000Z,4-2,3,43,43,0,43.0,Wilson Isidor,Haiti,Morocco,Haiti,False,False,1-1,1-2,1,1,2,1,1,1,1,2,43’ Wilson Isidor (1 - 2) assist by Jean-Kévin Duverne +5 minutes added Ismael Saibari
4667769,haiti-vs-morocco,https://www.fotmob.com/matches/haiti-vs-morocco/18aaq8#4667769,Morocco,Haiti,2026-06-24T22:00:00.000Z,4-2,4,45+1,45,1,46.0,Ismael Saibari,Morocco,Haiti,Morocco,False,False,1-2,2-2,1,2,2,2,1,2,2,2,43’ Wilson Isidor (1 - 2) assist by Jean-Kévin Duverne +5 minutes added Ismael Saibari (2 - 2) assist by Achraf Hakimi 45’ +1 HT 2 - 2 67’ Duckens Nazon Wilson Isidor 67’ Don Deedson Louicius Ruben Providence Azzedine Ounahi Brahim Dí
4667769,haiti-vs-morocco,https://www.fotmob.com/matches/haiti-vs-morocco/18aaq8#4667769,Morocco,Haiti,2026-06-24T22:00:00.000Z,4-2,5,78,78,0,78.0,Soufiane Rahimi,Morocco,Haiti,Morocco,False,False,2-2,3-2,2,2,3,2,2,2,3,2,70’ Soufiane Rahimi (3 - 2) assist by Chadi Riad 78’ 79’ Duckens Nazon 79’ Johny Placide 80’ Carlens Arcus Jean-Kévin Duverne 80’ Dominique Simon Danley Jean Jacques N
4667769,haiti-vs-morocco,https://www.fotmob.com/matches/haiti-vs-morocco/18aaq8#4667769,Morocco,Haiti,2026-06-24T22:00:00.000Z,4-2,6,89,89,0,89.0,Gessime Yassine,Morocco,Haiti,Morocco,False,False,3-2,4-2,3,2,4,2,3,2,4,2,83’ Frantzdy Pierrot Lenny Joseph Gessime Yassine (4 - 2) assist by Soufiane Rahimi 89’ +5 minutes added 90’ +3 Josué Casimir
4667775,turkiye-vs-usa,https://www.fotmob.com/matches/turkiye-vs-usa/1gq91b#4667775,Turkiye,USA,2026-06-26T02:00:00.000Z,3-2,1,3,3,0,3.0,Auston Trusty,USA,Turkiye,USA,False,False,0-0,0-1,0,0,1,0,0,0,0,1,3’ Auston Trusty (0 - 1) assist by Sebastian Berhalter Arda Güler
4667775,turkiye-vs-usa,https://www.fotmob.com/matches/turkiye-vs-usa/1gq91b#4667775,Turkiye,USA,2026-06-26T02:00:00.000Z,3-2,2,10,10,0,10.0,Arda Güler,Turkiye,USA,Turkiye,False,False,0-1,1-1,0,1,1,1,0,1,1,1,3’ Auston Trusty (0 - 1) assist by Sebastian Berhalter Arda Güler (1 - 1) assist by Baris Alper Yilmaz 10’ 19’ Sebastian Berhalter Baris Alper Yilmaz
4667775,turkiye-vs-usa,https://www.fotmob.com/matches/turkiye-vs-usa/1gq91b#4667775,Turkiye,USA,2026-06-26T02:00:00.000Z,3-2,3,31,31,0,31.0,Baris Alper Yilmaz,Turkiye,USA,Turkiye,False,False,1-1,2-1,1,1,2,1,1,1,2,1,19’ Sebastian Berhalter Baris Alper Yilmaz (2 - 1) assist by Orkun Kökcü 31’ +6 minutes added HT 2 - 1 49’ Sebastian Berhalter
4667775,turkiye-vs-usa,https://www.fotmob.com/matches/turkiye-vs-usa/1gq91b#4667775,Turkiye,USA,2026-06-26T02:00:00.000Z,3-2,4,58,58,0,58.0,Sebastian Berhalter,USA,Turkiye,USA,False,False,2-1,2-2,1,2,2,2,2,1,2,2,49’ Sebastian Berhalter (2 - 2) 58’ Christian Pulisic Timothy Weah 76’ Alex Zendejas Brenden Aaronson 76’ Sergiño Dest Giovanni Reyna 76’ Alex Freeman Joseph Scally Caglar
4667775,turkiye-vs-usa,https://www.fotmob.com/matches/turkiye-vs-usa/1gq91b#4667775,Turkiye,USA,2026-06-26T02:00:00.000Z,3-2,5,90+8,90,8,98.0,Kaan Ayhan,Turkiye,USA,Turkiye,False,False,2-2,3-2,2,2,3,2,2,2,3,2,90’ +1 Kaan Ayhan (3 - 2) 90’ +8
4667781,ecuador-vs-germany,https://www.fotmob.com/matches/ecuador-vs-germany/1xhhol#4667781,Ecuador,Germany,2026-06-25T20:00:00.000Z,2-1,1,2,2,0,2.0,Leroy Sané,Germany,Ecuador,Germany,False,False,0-0,0-1,0,0,1,0,0,0,0,1,2’ Leroy Sané (0 - 1) assist by Florian Wirtz Nilson Angulo
4667781,ecuador-vs-germany,https://www.fotmob.com/matches/ecuador-vs-germany/1xhhol#4667781,Ecuador,Germany,2026-06-25T20:00:00.000Z,2-1,2,9,9,0,9.0,Nilson Angulo,Ecuador,Germany,Ecuador,False,False,0-1,1-1,0,1,1,1,0,1,1,1,2’ Leroy Sané (0 - 1) assist by Florian Wirtz Nilson Angulo (1 - 1) assist by Pedro Vite 9’ Piero Hincapié 43’ 44’ Aleksandar Pavlovic +4 minutes added HT 1 - 1 46’ Angelo Stiller Aleksandar Pavlovic 46’ Pen
4667781,ecuador-vs-germany,https://www.fotmob.com/matches/ecuador-vs-germany/1xhhol#4667781,Ecuador,Germany,2026-06-25T20:00:00.000Z,2-1,3,77,77,0,77.0,Gonzalo Plata,Ecuador,Germany,Ecuador,False,False,1-1,2-1,1,1,2,1,1,1,2,1,73’ Pascal Groß Florian Wirtz Gonzalo Plata (2 - 1) assist by Kevin Rodríguez 77’ Jordy Caicedo Nilson Angulo 85’ Félix Torres John Yeboah 85’ Gonzalo Plata 89’ +7 minutes added
4667782,ivory-coast-vs-curacao,https://www.fotmob.com/matches/ivory-coast-vs-curacao/jy3w4js#4667782,Curacao,Ivory Coast,2026-06-25T20:00:00.000Z,0-2,1,34,34,0,34.0,Nicolas Pépé,Ivory Coast,Curacao,Ivory Coast,False,False,0-0,0-1,0,0,1,0,0,0,0,1,7’ Nicolas Pépé (0 - 1) assist by Yan Diomande 34’ Nicolas Pépé +4 minutes added HT 0 - 1 46’ Christ Inao Oulaï Amad Diallo Jeremy Antonisse Livano Comenencia 61’
4667782,ivory-coast-vs-curacao,https://www.fotmob.com/matches/ivory-coast-vs-curacao/jy3w4js#4667782,Curacao,Ivory Coast,2026-06-25T20:00:00.000Z,0-2,2,67,67,0,67.0,Nicolas Pépé,Ivory Coast,Curacao,Ivory Coast,False,False,0-1,0-2,1,0,2,0,0,1,0,2,64’ Nicolas Pépé (0 - 2) assist by Ibrahim Sangaré 67’ Elye Wahi Nicolas Pépé 67’ Bazoumana Touré Yan Diomande 67’ Oumar Diakité Ange-Yoan Bonny Juninho Bacuna 75’
4667787,netherlands-vs-tunisia,https://www.fotmob.com/matches/netherlands-vs-tunisia/1hoci5#4667787,Tunisia,Netherlands,2026-06-25T23:00:00.000Z,1-3,1,7,7,0,7.0,Ellyes Skhiri,Netherlands,Tunisia,Tunisia,True,False,0-0,0-1,0,0,1,0,0,0,0,1,3’ Ellyes Skhiri (0 - 1) Own goal 7’ Brian Brobbey
4667787,netherlands-vs-tunisia,https://www.fotmob.com/matches/netherlands-vs-tunisia/1hoci5#4667787,Tunisia,Netherlands,2026-06-25T23:00:00.000Z,1-3,2,7,7,0,7.0,Brian Brobbey,Netherlands,Tunisia,Netherlands,False,False,0-1,0-2,1,0,2,0,0,1,0,2,7’ Brian Brobbey (0 - 2) assist by Virgil van Dijk +3 minutes added HT 0 - 2 Hazem Mastouri
4667787,netherlands-vs-tunisia,https://www.fotmob.com/matches/netherlands-vs-tunisia/1hoci5#4667787,Tunisia,Netherlands,2026-06-25T23:00:00.000Z,1-3,3,54,54,0,54.0,Hazem Mastouri,Tunisia,Netherlands,Tunisia,False,False,0-2,1-2,0,2,1,2,0,2,1,2,"Brian Brobbey (0 - 2) assist by Virgil van Dijk +3 minutes added HT 0 - 2 Hazem Mastouri (1 - 2) Header, assist by Hannibal Mejbri 54’ 62’ Jan Paul van Hecke"
4667787,netherlands-vs-tunisia,https://www.fotmob.com/matches/netherlands-vs-tunisia/1hoci5#4667787,Tunisia,Netherlands,2026-06-25T23:00:00.000Z,1-3,4,62,62,0,62.0,Jan Paul van Hecke,Netherlands,Tunisia,Netherlands,False,False,1-2,1-3,2,1,3,1,1,2,1,3,"62’ Jan Paul van Hecke (1 - 3) Header, assist by Tijjani Reijnders Hadj Mahmoud Rani Khedira 67’ Elias Achouri Anis Ben Slimane 67’ Mortadha Ben Ouanes Amine Ben Hamida 6"
4667788,japan-vs-sweden,https://www.fotmob.com/matches/japan-vs-sweden/1x3r7y#4667788,Japan,Sweden,2026-06-25T23:00:00.000Z,1-1,1,56,56,0,56.0,Daizen Maeda,Japan,Sweden,Japan,False,False,0-0,1-0,0,0,1,0,0,0,1,0,39’ +5 minutes added HT 0 - 0 Daizen Maeda (1 - 0) assist by Ritsu Doan 56’ 62’ Anthony Elanga
4667788,japan-vs-sweden,https://www.fotmob.com/matches/japan-vs-sweden/1x3r7y#4667788,Japan,Sweden,2026-06-25T23:00:00.000Z,1-1,2,62,62,0,62.0,Anthony Elanga,Sweden,Japan,Sweden,False,False,1-0,1-1,0,1,1,1,1,0,1,1,62’ Anthony Elanga (1 - 1) assist by Viktor Gyökeres Junya Ito Ritsu Doan 66’ Koki Ogawa Ayase Ueda 66’ 75’ Daniel Svensson Alexander Bernhardsson 75’ Ken Sema Elliot
4667795,iran-vs-egypt,https://www.fotmob.com/matches/iran-vs-egypt/2dp33g#4667795,Egypt,Iran,2026-06-27T03:00:00.000Z,1-1,1,5,5,0,5.0,Mahmoud Saber,Egypt,Iran,Egypt,False,True,0-0,1-0,0,0,1,0,0,0,1,0,Mahmoud Saber (1 - 0) assist by Trezeguet 5’ 11’ Mehdi Taremi Missed penalty Yasser Ibrahim Mohamed Abdelmonem 14’ 14’ Ramin Rezaeian
4667795,iran-vs-egypt,https://www.fotmob.com/matches/iran-vs-egypt/2dp33g#4667795,Egypt,Iran,2026-06-27T03:00:00.000Z,1-1,2,18,18,0,18.0,Ramin Rezaeian,Iran,Egypt,Iran,False,False,1-0,1-1,0,1,1,1,1,0,1,1,14’ Ramin Rezaeian (1 - 1) 18’ Hossein Kanaani Mahmoud Saber 19’ Yasser Ibrahim 41’ 43’ Ali Nemati +5 minutes added HT 1 - 1 Omar Marmoush Emam Ashour 46’ Marwan Atey
4667794,new-zealand-vs-belgium,https://www.fotmob.com/matches/new-zealand-vs-belgium/1n1sct#4667794,New Zealand,Belgium,2026-06-27T03:00:00.000Z,1-5,1,28,28,0,28.0,Leandro Trossard,Belgium,New Zealand,Belgium,False,False,0-0,0-1,0,0,1,0,0,0,0,1,28’ Leandro Trossard (0 - 1) +6 minutes added HT 0 - 1 Benjamin Old Ryan Thomas 46’ Jesse Randall Sarpreet Singh 46’ Marko Stamenic 46’ 50’ Leandro Trossard
4667794,new-zealand-vs-belgium,https://www.fotmob.com/matches/new-zealand-vs-belgium/1n1sct#4667794,New Zealand,Belgium,2026-06-27T03:00:00.000Z,1-5,2,56,56,0,56.0,Leandro Trossard,Belgium,New Zealand,Belgium,False,False,0-1,0-2,1,0,2,0,0,1,0,2,50’ Leandro Trossard (0 - 2) assist by Hans Vanaken 56’ Matias Fernandez-Pardo Jérémy Doku Elijah Just 56’ Michael Boxall Tim Payne 64’ Callum McCowatt Joe Bell 64’ 66’
4667794,new-zealand-vs-belgium,https://www.fotmob.com/matches/new-zealand-vs-belgium/1n1sct#4667794,New Zealand,Belgium,2026-06-27T03:00:00.000Z,1-5,3,72,72,0,72.0,Kevin De Bruyne,Belgium,New Zealand,Belgium,False,False,0-2,0-3,2,0,3,0,0,2,0,3,66’ Kevin De Bruyne (0 - 3) 72’ Alexis Saelemaekers Leandro Trossard 72’ Amadou Onana Kevin De Bruyne Francis De Vries Liberato Cacace 79’ Elijah Just
4667794,new-zealand-vs-belgium,https://www.fotmob.com/matches/new-zealand-vs-belgium/1n1sct#4667794,New Zealand,Belgium,2026-06-27T03:00:00.000Z,1-5,4,84,84,0,84.0,Elijah Just,New Zealand,Belgium,New Zealand,False,False,0-3,1-3,0,3,1,3,0,3,1,3,79’ Elijah Just (1 - 3) 84’ 85’ Romelu Lukaku Charles De Ketelaere 85’ Nicolas Raskin Youri Tielemans 86’ Romelu Lukaku
4667794,new-zealand-vs-belgium,https://www.fotmob.com/matches/new-zealand-vs-belgium/1n1sct#4667794,New Zealand,Belgium,2026-06-27T03:00:00.000Z,1-5,5,86,86,0,86.0,Romelu Lukaku,Belgium,New Zealand,Belgium,False,False,1-3,1-4,3,1,4,1,1,3,1,4,"86’ Romelu Lukaku (1 - 4) Header, assist by Nicolas Raskin +4 minutes added 90’ +4 Alexis Saelemaekers"
4667794,new-zealand-vs-belgium,https://www.fotmob.com/matches/new-zealand-vs-belgium/1n1sct#4667794,New Zealand,Belgium,2026-06-27T03:00:00.000Z,1-5,6,90+4,90,4,94.0,Alexis Saelemaekers,Belgium,New Zealand,Belgium,False,False,1-4,1-5,4,1,5,1,1,4,1,5,90’ +4 Alexis Saelemaekers (1 - 5) assist by Romelu Lukaku
4667802,uruguay-vs-spain,https://www.fotmob.com/matches/uruguay-vs-spain/1an22i#4667802,Uruguay,Spain,2026-06-27T00:00:00.000Z,0-1,1,42,42,0,42.0,Álex Baena,Spain,Uruguay,Spain,False,False,0-0,0-1,0,0,1,0,0,0,0,1,42’ Álex Baena (0 - 1) assist by Marcos Llorente Nicolás de la Cruz Manuel Ugarte 45’ +8 minutes added HT 0 - 1 Sergio Rochet Fernando Muslera 46’ 46’ Álex Baena
4667815,argentina-vs-austria,https://www.fotmob.com/matches/argentina-vs-austria/1un2w8#4667815,Argentina,Austria,2026-06-22T17:00:00.000Z,2-0,1,38,38,0,38.0,Lionel Messi,Argentina,Austria,Argentina,False,False,0-0,1-0,0,0,1,0,0,0,1,0,9’ Lionel Messi (1 - 0) assist by Facundo Medina 38’ 40’ Stefan Posch +7 minutes added HT 1 - 0 Nicolás Otamendi Cristian Romero 57’ Nicolás González Thiago Almada
4667815,argentina-vs-austria,https://www.fotmob.com/matches/argentina-vs-austria/1un2w8#4667815,Argentina,Austria,2026-06-22T17:00:00.000Z,2-0,2,90+5,90,5,95.0,Lionel Messi,Argentina,Austria,Argentina,False,False,1-0,2-0,1,0,2,0,1,0,2,0,90’ +2 Lionel Messi (2 - 0) 90’ +5
4667807,iraq-vs-france,https://www.fotmob.com/matches/iraq-vs-france/1au1fo#4667807,France,Iraq,2026-06-22T21:00:00.000Z,3-0,1,14,14,0,14.0,Kylian Mbappé,France,Iraq,France,False,False,0-0,1-0,0,0,1,0,0,0,1,0,6’ Amir Al-Ammari Kylian Mbappé (1 - 0) assist by Michael Olise 14’ 26’ Ali Al Hamadi Ayman Hussein +3 minutes added HT 1 - 0 Kylian Mbappé
4667807,iraq-vs-france,https://www.fotmob.com/matches/iraq-vs-france/1au1fo#4667807,France,Iraq,2026-06-22T21:00:00.000Z,3-0,2,54,54,0,54.0,Kylian Mbappé,France,Iraq,France,False,False,1-0,2-0,1,0,2,0,1,0,2,0,26’ Ali Al Hamadi Ayman Hussein +3 minutes added HT 1 - 0 Kylian Mbappé (2 - 0) assist by Ousmane Dembélé 54’ 60’ Youssef Amyn Zaid Ismael 60’ Rebin Sulaka Zaid Tahseen Ousmane Dembélé
4667807,iraq-vs-france,https://www.fotmob.com/matches/iraq-vs-france/1au1fo#4667807,France,Iraq,2026-06-22T21:00:00.000Z,3-0,3,66,66,0,66.0,Ousmane Dembélé,France,Iraq,France,False,False,2-0,3-0,2,0,3,0,2,0,3,0,60’ Rebin Sulaka Zaid Tahseen Ousmane Dembélé (3 - 0) assist by Michael Olise 66’ 68’ Aimar Sher Amir Al-Ammari 68’ Marko Lawk Farji Ibrahim Bayesh Rayan Cherki Michael Olise 68’ Désiré Doué Ou
4667817,algeria-vs-austria,https://www.fotmob.com/matches/algeria-vs-austria/1r7yil#4667817,Algeria,Austria,2026-06-28T02:00:00.000Z,3-3,1,28,28,0,28.0,Marko Arnautovic,Austria,Algeria,Austria,False,False,0-0,0-1,0,0,1,0,0,0,0,1,28’ Marko Arnautovic (0 - 1) assist by David Alaba Rafik Belghali
4667817,algeria-vs-austria,https://www.fotmob.com/matches/algeria-vs-austria/1r7yil#4667817,Algeria,Austria,2026-06-28T02:00:00.000Z,3-3,2,45,45,0,45.0,Rafik Belghali,Algeria,Austria,Algeria,False,False,0-1,1-1,0,1,1,1,0,1,1,1,28’ Marko Arnautovic (0 - 1) assist by David Alaba Rafik Belghali (1 - 1) 45’ +4 minutes added HT 1 - 1 46’ Michael Gregoritsch Marko Arnautovic 46’ Florian Grillitsch Xaver Schlager 46’ Paul Wanner Romano Schmid
4667817,algeria-vs-austria,https://www.fotmob.com/matches/algeria-vs-austria/1r7yil#4667817,Algeria,Austria,2026-06-28T02:00:00.000Z,3-3,3,55,55,0,55.0,Marcel Sabitzer,Austria,Algeria,Austria,False,False,1-1,1-2,1,1,2,1,1,1,1,2,55’ Marcel Sabitzer (1 - 2) assist by Konrad Laimer Riyad Mahrez
4667817,algeria-vs-austria,https://www.fotmob.com/matches/algeria-vs-austria/1r7yil#4667817,Algeria,Austria,2026-06-28T02:00:00.000Z,3-3,4,60,60,0,60.0,Riyad Mahrez,Algeria,Austria,Algeria,False,False,1-2,2-2,1,2,2,2,1,2,2,2,55’ Marcel Sabitzer (1 - 2) assist by Konrad Laimer Riyad Mahrez (2 - 2) assist by Houssem Aouar 60’ 62’ Kevin Danso David Alaba Rayan Aït-Nouri Jaouen Hadjam 71’ Samir Chergui Rafik Belghali 71’ Zineddine Belaïd
4667817,algeria-vs-austria,https://www.fotmob.com/matches/algeria-vs-austria/1r7yil#4667817,Algeria,Austria,2026-06-28T02:00:00.000Z,3-3,5,90+3,90,3,93.0,Riyad Mahrez,Algeria,Austria,Algeria,False,False,2-2,3-2,2,2,3,2,2,2,3,2,71’ +4 minutes added Riyad Mahrez (3 - 2) assist by Houssem Aouar 90’ +3 Farès Ghedjemis Houssem Aouar 90’ +4 90’ +5 Sasa Kalajdzic Phillipp Mwene 90’ +6 Sasa Kalajdzic
4667817,algeria-vs-austria,https://www.fotmob.com/matches/algeria-vs-austria/1r7yil#4667817,Algeria,Austria,2026-06-28T02:00:00.000Z,3-3,6,90+6,90,6,96.0,Sasa Kalajdzic,Austria,Algeria,Austria,False,False,3-2,3-3,2,3,3,3,3,2,3,3,"90’ +6 Sasa Kalajdzic (3 - 3) Header, assist by Michael Gregoritsch"
4653711,japan-vs-brazil,https://www.fotmob.com/matches/japan-vs-brazil/1uqadm#4653711,Brazil,Japan,2026-06-29T17:00:00.000Z,2-1,1,45,45,0,45.0,Kaishu Sano,Japan,Brazil,Japan,False,False,0-0,0-1,0,0,1,0,0,0,0,1,29’ Kaishu Sano (0 - 1) 45’ Daichi Kamada +4 minutes added HT 0 - 1 Endrick Lucas Paquetá 46’ Danilo 48’ Casemiro
4653711,japan-vs-brazil,https://www.fotmob.com/matches/japan-vs-brazil/1uqadm#4653711,Brazil,Japan,2026-06-29T17:00:00.000Z,2-1,2,56,56,0,56.0,Casemiro,Brazil,Japan,Brazil,False,False,0-1,1-1,0,1,1,1,0,1,1,1,"48’ Casemiro (1 - 1) Header, assist by Gabriel 56’ Gabriel Martinelli Matheus Cunha 65’ 66’ Junnosuke Suzuki Keito Nakamura 66’ Yukinari Sugawara Ritsu Doan 78’"
4653711,japan-vs-brazil,https://www.fotmob.com/matches/japan-vs-brazil/1uqadm#4653711,Brazil,Japan,2026-06-29T17:00:00.000Z,2-1,3,90+5,90,5,95.0,Gabriel Martinelli,Brazil,Japan,Brazil,False,False,1-1,2-1,1,1,2,1,1,1,2,1,90’ +1 Gabriel Martinelli (2 - 1) assist by Bruno Guimarães 90’ +5 90’ +7 Koki Ogawa Daizen Maeda Danilo Bruno Guimarães 90’ +7
4667824,dr-congo-vs-uzbekistan,https://www.fotmob.com/matches/dr-congo-vs-uzbekistan/1v6daf#4667824,DR Congo,Uzbekistan,2026-06-27T23:30:00.000Z,3-1,1,10,10,0,10.0,Eldor Shomurodov,Uzbekistan,DR Congo,Uzbekistan,False,False,0-0,0-1,0,0,1,0,0,0,0,1,10’ Eldor Shomurodov (0 - 1) assist by Akmal Mozgovoy Goal ruled out - foul Nathanaël Mbuku 17’ Noah Sadiki 21’ 43’ Abdukodir Khusanov +7 minutes added Nathanaël Mbuku
4667824,dr-congo-vs-uzbekistan,https://www.fotmob.com/matches/dr-congo-vs-uzbekistan/1v6daf#4667824,DR Congo,Uzbekistan,2026-06-27T23:30:00.000Z,3-1,2,68,68,0,68.0,Yoane Wissa,DR Congo,Uzbekistan,DR Congo,False,True,0-1,1-1,0,1,1,1,0,1,1,1,62’ Yoane Wissa (1 - 1) Penalty 68’ Ngal Ayel Mukau Samuel Moutoussamy 72’ Théo Bongonda Brian Cipenga 72’ Meschack Elia Nathanaël Mbuku 72’ 73’ Oston Urunov Abbos
4667824,dr-congo-vs-uzbekistan,https://www.fotmob.com/matches/dr-congo-vs-uzbekistan/1v6daf#4667824,DR Congo,Uzbekistan,2026-06-27T23:30:00.000Z,3-1,3,78,78,0,78.0,Fiston Mayele,DR Congo,Uzbekistan,DR Congo,False,False,1-1,2-1,1,1,2,1,1,1,2,1,73’ Oston Urunov Abbosbek Fayzullayev Fiston Mayele (2 - 1) 78’ 82’ Igor Sergeev Jakhongir Urozov 82’ Jamshid Iskandarov Akmal Mozgovoy Joris Kayembe Ditu Arthur Masuaku 83’ +8 minutes added Yoane Wi
4667824,dr-congo-vs-uzbekistan,https://www.fotmob.com/matches/dr-congo-vs-uzbekistan/1v6daf#4667824,DR Congo,Uzbekistan,2026-06-27T23:30:00.000Z,3-1,4,90+1,90,1,91.0,Yoane Wissa,DR Congo,Uzbekistan,DR Congo,False,False,2-1,3-1,2,1,3,1,2,1,3,1,83’ +8 minutes added Yoane Wissa (3 - 1) assist by Meschack Elia 90’ +1
4653703,paraguay-vs-germany,https://www.fotmob.com/matches/paraguay-vs-germany/1xn26z#4653703,Germany,Paraguay,2026-06-29T20:30:00.000Z,1-1,1,42,42,0,42.0,Julio Enciso,Paraguay,Germany,Paraguay,False,False,0-0,0-1,0,0,1,0,0,0,0,1,"42’ Julio Enciso (0 - 1) Header, assist by Matías Galarza +5 minutes added HT 0 - 1 Leon Goretzka Felix Nmecha 46’ Kai Havertz"
4653703,paraguay-vs-germany,https://www.fotmob.com/matches/paraguay-vs-germany/1xn26z#4653703,Germany,Paraguay,2026-06-29T20:30:00.000Z,1-1,2,54,54,0,54.0,Kai Havertz,Germany,Paraguay,Germany,False,False,0-1,1-1,0,1,1,1,0,1,1,1,"46’ Kai Havertz (1 - 1) Header, assist by Florian Wirtz 54’ 55’ Gustavo Caballero Gabriel Ávalos 57’ Mauricio Julio Enciso Jamal Musiala Deniz Undav 63’ 65’ Andrés"
4667816,jordan-vs-argentina,https://www.fotmob.com/matches/jordan-vs-argentina/1aoo0p#4667816,Jordan,Argentina,2026-06-28T02:00:00.000Z,1-3,1,19,19,0,19.0,Giovani Lo Celso,Argentina,Jordan,Argentina,False,False,0-0,0-1,0,0,1,0,0,0,0,1,19’ Giovani Lo Celso (0 - 1) Direct free kick 31’ Lautaro Martínez
4667816,jordan-vs-argentina,https://www.fotmob.com/matches/jordan-vs-argentina/1aoo0p#4667816,Jordan,Argentina,2026-06-28T02:00:00.000Z,1-3,2,31,31,0,31.0,Lautaro Martínez,Argentina,Jordan,Argentina,False,True,0-1,0-2,1,0,2,0,0,1,0,2,31’ Lautaro Martínez (0 - 2) Penalty +5 minutes added HT 0 - 2 Mousa Tamari Ali Al-Azaizeh 46’ Mahmoud Al Mardi Odeh Fakhouri 46’ Mousa Tamari
4667816,jordan-vs-argentina,https://www.fotmob.com/matches/jordan-vs-argentina/1aoo0p#4667816,Jordan,Argentina,2026-06-28T02:00:00.000Z,1-3,3,55,55,0,55.0,Mousa Tamari,Jordan,Argentina,Jordan,False,False,0-2,1-2,0,2,1,2,0,2,1,2,46’ Mousa Tamari (1 - 2) assist by Ehsan Haddad 55’ 60’ Thiago Almada Giovani Lo Celso 60’ Lionel Messi Lautaro Martínez 60’ Alexis Mac Allister Nico Paz Yazan Abu
4667816,jordan-vs-argentina,https://www.fotmob.com/matches/jordan-vs-argentina/1aoo0p#4667816,Jordan,Argentina,2026-06-28T02:00:00.000Z,1-3,4,80,80,0,80.0,Lionel Messi,Argentina,Jordan,Argentina,False,False,1-2,1-3,2,1,3,1,1,2,1,3,80’ Lionel Messi (1 - 3) Direct free kick 82’ José López Julián Álvarez Mohammad Abuzraiq Ali Iyad Olwan 90’ Saleem Obaid Husam Abu Dahab 90’ +5 minutes added Moham
4667808,france-vs-norway,https://www.fotmob.com/matches/france-vs-norway/1wx88k#4667808,Norway,France,2026-06-26T19:00:00.000Z,1-4,1,7,7,0,7.0,Ousmane Dembélé,France,Norway,France,False,False,0-0,0-1,0,0,1,0,0,0,0,1,7’ Ousmane Dembélé (0 - 1) assist by Kylian Mbappé Patrick Berg 10’ 20’ Ousmane Dembélé
4667808,france-vs-norway,https://www.fotmob.com/matches/france-vs-norway/1wx88k#4667808,Norway,France,2026-06-26T19:00:00.000Z,1-4,2,20,20,0,20.0,Ousmane Dembélé,France,Norway,France,False,False,0-1,0-2,1,0,2,0,0,1,0,2,20’ Ousmane Dembélé (0 - 2) assist by Kylian Mbappé Thelo Aasgaard
4667808,france-vs-norway,https://www.fotmob.com/matches/france-vs-norway/1wx88k#4667808,Norway,France,2026-06-26T19:00:00.000Z,1-4,3,21,21,0,21.0,Thelo Aasgaard,Norway,France,Norway,False,False,0-2,1-2,0,2,1,2,0,2,1,2,20’ Ousmane Dembélé (0 - 2) assist by Kylian Mbappé Thelo Aasgaard (1 - 2) assist by Andreas Schjelderup 21’ 32’ Ousmane Dembélé
4667808,france-vs-norway,https://www.fotmob.com/matches/france-vs-norway/1wx88k#4667808,Norway,France,2026-06-26T19:00:00.000Z,1-4,4,32,32,0,32.0,Ousmane Dembélé,France,Norway,France,False,False,1-2,1-3,2,1,3,1,1,2,1,3,32’ Ousmane Dembélé (1 - 3) assist by Aurélien Tchouaméni +5 minutes added HT 1 - 3 Marcus Holmgren Pedersen Fredrik André Bjørkan 46’ Morten Thorsby Kristian Thorstve
4667808,france-vs-norway,https://www.fotmob.com/matches/france-vs-norway/1wx88k#4667808,Norway,France,2026-06-26T19:00:00.000Z,1-4,5,90+4,90,4,94.0,Désiré Doué,France,Norway,France,False,False,1-3,1-4,3,1,4,1,1,3,1,4,"90’ +4 Désiré Doué (1 - 4) Header, assist by Bradley Barcola"
4667806,senegal-vs-norway,https://www.fotmob.com/matches/senegal-vs-norway/1tzewo#4667806,Norway,Senegal,2026-06-23T00:00:00.000Z,3-2,1,43,43,0,43.0,Marcus Holmgren Pedersen,Norway,Senegal,Norway,False,False,0-0,1-0,0,0,1,0,0,0,1,0,13’ Marcus Holmgren Pedersen (1 - 0) 43’ +4 minutes added HT 1 - 0 Patrick Berg Fredrik Aursnes 46’ Erling Haaland
4667806,senegal-vs-norway,https://www.fotmob.com/matches/senegal-vs-norway/1tzewo#4667806,Norway,Senegal,2026-06-23T00:00:00.000Z,3-2,2,48,48,0,48.0,Erling Haaland,Norway,Senegal,Norway,False,False,1-0,2-0,1,0,2,0,1,0,2,0,46’ Erling Haaland (2 - 0) assist by Martin Ødegaard 48’ 53’ Ismaïla Sarr
4667806,senegal-vs-norway,https://www.fotmob.com/matches/senegal-vs-norway/1tzewo#4667806,Norway,Senegal,2026-06-23T00:00:00.000Z,3-2,3,54,54,0,54.0,Ismaïla Sarr,Senegal,Norway,Senegal,False,False,2-0,2-1,0,2,1,2,2,0,2,1,53’ Ismaïla Sarr (2 - 1) assist by Sadio Mané 54’ Ismail Jakobs Malick Diouf 54’ Ibrahim Mbaye Pape Gueye Erling Haaland
4667806,senegal-vs-norway,https://www.fotmob.com/matches/senegal-vs-norway/1tzewo#4667806,Norway,Senegal,2026-06-23T00:00:00.000Z,3-2,4,58,58,0,58.0,Erling Haaland,Norway,Senegal,Norway,False,False,2-1,3-1,2,1,3,1,2,1,3,1,54’ Ibrahim Mbaye Pape Gueye Erling Haaland (3 - 1) assist by Patrick Berg 58’ 63’ Mory Diaw Édouard Mendy 63’ Pathé Ciss Lamine Camara Andreas Schjelderup Antonio Nusa 71’ 72’ Pape Sarr Kali
4667806,senegal-vs-norway,https://www.fotmob.com/matches/senegal-vs-norway/1tzewo#4667806,Norway,Senegal,2026-06-23T00:00:00.000Z,3-2,5,90+3,90,3,93.0,Ismaïla Sarr,Senegal,Norway,Senegal,False,False,3-1,3-2,1,3,2,3,3,1,3,2,90’ +3 Ismaïla Sarr (3 - 2) assist by Nicolas Jackson
4667809,iraq-vs-senegal,https://www.fotmob.com/matches/iraq-vs-senegal/18f0co#4667809,Senegal,Iraq,2026-06-26T19:00:00.000Z,5-0,1,4,4,0,4.0,Habib Diarra,Senegal,Iraq,Senegal,False,False,0-0,1-0,0,0,1,0,0,0,1,0,Habib Diarra (1 - 0) assist by Abdoulaye Seck 4’ 10’ Yellow card cancelled Rebin Sulaka 13’ Rebin Sulaka 16’ Manaf Younis Ahmed Qasem Abdoulaye Seck 18’ +9 minu
4667809,iraq-vs-senegal,https://www.fotmob.com/matches/iraq-vs-senegal/18f0co#4667809,Senegal,Iraq,2026-06-26T19:00:00.000Z,5-0,2,56,56,0,56.0,Ismaïla Sarr,Senegal,Iraq,Senegal,False,False,1-0,2-0,1,0,2,0,1,0,2,0,56’ Ismaïla Sarr (2 - 0) assist by Lamine Camara 56’ 57’ Ahmed Maknzi Ali Jasim 57’ Ali Yousif Ali Al Hamadi Pathé Ciss Abdoulaye Seck 58’ Pape Gueye
4667809,iraq-vs-senegal,https://www.fotmob.com/matches/iraq-vs-senegal/18f0co#4667809,Senegal,Iraq,2026-06-26T19:00:00.000Z,5-0,3,59,59,0,59.0,Pape Gueye,Senegal,Iraq,Senegal,False,False,2-0,3-0,2,0,3,0,2,0,3,0,58’ Pape Gueye (3 - 0) assist by Ismaïla Sarr 59’ 67’ Kevin Yakob Zidane Iqbal Pape Gueye
4667809,iraq-vs-senegal,https://www.fotmob.com/matches/iraq-vs-senegal/18f0co#4667809,Senegal,Iraq,2026-06-26T19:00:00.000Z,5-0,4,71,71,0,71.0,Pape Gueye,Senegal,Iraq,Senegal,False,False,3-0,4-0,3,0,4,0,3,0,4,0,67’ Kevin Yakob Zidane Iqbal Pape Gueye (4 - 0) assist by Iliman Ndiaye 71’ 75’ Amir Al-Ammari Assane Diao Ismaïla Sarr 81’ Pape Gueye 81’ Iliman Ndiaye
4667809,iraq-vs-senegal,https://www.fotmob.com/matches/iraq-vs-senegal/18f0co#4667809,Senegal,Iraq,2026-06-26T19:00:00.000Z,5-0,5,82,82,0,82.0,Iliman Ndiaye,Senegal,Iraq,Senegal,False,False,4-0,5-0,4,0,5,0,4,0,5,0,81’ Iliman Ndiaye (5 - 0) assist by Pape Gueye 82’ 90’ Merchas Doski +6 minutes added
4667814,jordan-vs-algeria,https://www.fotmob.com/matches/jordan-vs-algeria/17tvf0#4667814,Jordan,Algeria,2026-06-23T03:00:00.000Z,1-2,1,36,36,0,36.0,Nizar Al Rashdan,Jordan,Algeria,Jordan,False,False,0-0,1-0,0,0,1,0,0,0,1,0,Nizar Al Rashdan (1 - 0) assist by Mousa Tamari 36’ 44’ Ramiz Zerrouki +5 minutes added HT 1 - 0 46’ Nabil Bentaleb Ramiz Zerrouki 46’ Nadir Benbouali Hicham Boudao
4667814,jordan-vs-algeria,https://www.fotmob.com/matches/jordan-vs-algeria/17tvf0#4667814,Jordan,Algeria,2026-06-23T03:00:00.000Z,1-2,2,76,76,0,76.0,Nadir Benbouali,Algeria,Jordan,Algeria,False,False,1-0,1-1,0,1,1,1,1,0,1,1,"69’ Nadir Benbouali (1 - 1) Header, assist by Riyad Mahrez 76’ Anis Hadj Moussa Riyad Mahrez Odeh Fakhouri Mahmoud Al Mardi 76’ 82’ Amine Gouiri"
4667814,jordan-vs-algeria,https://www.fotmob.com/matches/jordan-vs-algeria/17tvf0#4667814,Jordan,Algeria,2026-06-23T03:00:00.000Z,1-2,3,82,82,0,82.0,Amine Gouiri,Algeria,Jordan,Algeria,False,False,1-1,1-2,1,1,2,1,1,1,1,2,82’ Amine Gouiri (1 - 2) Ali Al-Azaizeh Mousa Tamari 84’ Mohammad Abu Hasheesh Mohannad Abu Taha 84’ 85’ Jaouen Hadjam Rayan Aït-Nouri 85’ Zineddine Belaïd Amine Go
4667822,portugal-vs-uzbekistan,https://www.fotmob.com/matches/portugal-vs-uzbekistan/2enrsr#4667822,Portugal,Uzbekistan,2026-06-23T17:00:00.000Z,5-0,1,6,6,0,6.0,Cristiano Ronaldo,Portugal,Uzbekistan,Portugal,False,False,0-0,1-0,0,0,1,0,0,0,1,0,Cristiano Ronaldo (1 - 0) assist by João Cancelo 6’ 14’ Odildzhon Khamrobekov Nuno Mendes
4667822,portugal-vs-uzbekistan,https://www.fotmob.com/matches/portugal-vs-uzbekistan/2enrsr#4667822,Portugal,Uzbekistan,2026-06-23T17:00:00.000Z,5-0,2,14,14,0,14.0,Nuno Mendes,Portugal,Uzbekistan,Portugal,False,False,1-0,2-0,1,0,2,0,1,0,2,0,14’ Odildzhon Khamrobekov Nuno Mendes (2 - 0) Direct free kick 17’ 29’ Goal ruled out - foul Azizjon Ganiev Cristiano Ronaldo
4667822,portugal-vs-uzbekistan,https://www.fotmob.com/matches/portugal-vs-uzbekistan/2enrsr#4667822,Portugal,Uzbekistan,2026-06-23T17:00:00.000Z,5-0,3,39,39,0,39.0,Cristiano Ronaldo,Portugal,Uzbekistan,Portugal,False,False,2-0,3-0,2,0,3,0,2,0,3,0,29’ Goal ruled out - foul Azizjon Ganiev Cristiano Ronaldo (3 - 0) assist by Bruno Fernandes 39’ +6 minutes added HT 3 - 0 46’ Khoziakbar Alidzhanov Sherzod Nasrulloev 46’ Akmal Mozgovoy Odildzhon Khamrobek
4667822,portugal-vs-uzbekistan,https://www.fotmob.com/matches/portugal-vs-uzbekistan/2enrsr#4667822,Portugal,Uzbekistan,2026-06-23T17:00:00.000Z,5-0,4,60,60,0,60.0,Abduvohid Nematov,Portugal,Uzbekistan,Uzbekistan,True,False,3-0,4-0,3,0,4,0,3,0,4,0,46’ Abduvohid Nematov (4 - 0) Own goal 60’ Trincão Joao Félix 63’ Renato Veiga 68’ 73’ Igor Sergeev Abbosbek Fayzullayev Bernardo Silva João Neves 76’ Rafael Leão Vitinh
4667822,portugal-vs-uzbekistan,https://www.fotmob.com/matches/portugal-vs-uzbekistan/2enrsr#4667822,Portugal,Uzbekistan,2026-06-23T17:00:00.000Z,5-0,5,87,87,0,87.0,Rafael Leão,Portugal,Uzbekistan,Portugal,False,False,4-0,5-0,4,0,5,0,4,0,5,0,83’ Rafael Leão (5 - 0) 87’ +5 minutes added 90’ +2 Sherzod Esanov Otabek Shukurov 90’ +2 Ruslanbek Jiyanov Behruzjon Karimov
4667830,ghana-vs-croatia,https://www.fotmob.com/matches/ghana-vs-croatia/2cpwux#4667830,Croatia,Ghana,2026-06-27T21:00:00.000Z,2-1,1,31,31,0,31.0,Petar Sucic,Croatia,Ghana,Croatia,False,False,0-0,1-0,0,0,1,0,0,0,1,0,Petar Sucic (1 - 0) assist by Mateo Kovacic 31’ +3 minutes added HT 1 - 0 46’ Kojo Peprah Oppong Jonas Adjetey 46’ Abdul Fatawu Elisha Owusu Igor Matanovic Ant
4667830,ghana-vs-croatia,https://www.fotmob.com/matches/ghana-vs-croatia/2cpwux#4667830,Croatia,Ghana,2026-06-27T21:00:00.000Z,2-1,2,73,73,0,73.0,Derrick Luckassen,Ghana,Croatia,Ghana,False,False,1-0,1-1,0,1,1,1,1,0,1,1,73’ Derrick Luckassen (1 - 1) assist by Ernest Nuamah Mario Pasalic Mateo Kovacic 78’ Nikola Vlasic
4667830,ghana-vs-croatia,https://www.fotmob.com/matches/ghana-vs-croatia/2cpwux#4667830,Croatia,Ghana,2026-06-27T21:00:00.000Z,2-1,3,83,83,0,83.0,Nikola Vlasic,Croatia,Ghana,Croatia,False,False,1-1,2-1,1,1,2,1,1,1,2,1,"78’ Nikola Vlasic (2 - 1) Header, assist by Luka Modric 83’ 85’ Caleb Yirenkyi Kwasi Sibo Marco Pasalic Martin Baturina 88’ Josko Gvardiol Nikola Vlasic 88’ +7 minut"
4667829,panama-vs-england,https://www.fotmob.com/matches/panama-vs-england/1pukme#4667829,Panama,England,2026-06-27T21:00:00.000Z,0-2,1,63,63,0,63.0,Jude Bellingham,England,Panama,England,False,False,0-0,0-1,0,0,1,0,0,0,0,1,62’ Jude Bellingham (0 - 1) assist by Bukayo Saka 63’ Djed Spence Jarell Quansah 63’ Noni Madueke Bukayo Saka 67’ Harry Kane
4667829,panama-vs-england,https://www.fotmob.com/matches/panama-vs-england/1pukme#4667829,Panama,England,2026-06-27T21:00:00.000Z,0-2,2,71,71,0,71.0,Harry Kane,England,Panama,England,False,False,0-1,0-2,1,0,2,0,0,1,0,2,"67’ Harry Kane (0 - 2) Header, assist by Jude Bellingham 71’ Eberechi Eze Jude Bellingham Ismael Díaz Yoel Bárcenas 71’ Azarías Londoño José Luis Rodriguez 71’ An"
4653706,morocco-vs-netherlands,https://www.fotmob.com/matches/morocco-vs-netherlands/1e327v#4653706,Netherlands,Morocco,2026-06-30T01:00:00.000Z,1-1,1,72,72,0,72.0,Cody Gakpo,Netherlands,Morocco,Netherlands,False,False,0-0,1-0,0,0,1,0,0,0,1,0,71’ Cody Gakpo (1 - 0) assist by Crysencio Summerville 72’ 75’ Anass Salah-Eddine Chadi Riad 79’ Gessime Yassine Brahim Díaz 79’ Samir El Mourabet Ayyoub Bouaddi
4653706,morocco-vs-netherlands,https://www.fotmob.com/matches/morocco-vs-netherlands/1e327v#4653706,Netherlands,Morocco,2026-06-30T01:00:00.000Z,1-1,2,90+1,90,1,91.0,Issa Diop,Morocco,Netherlands,Morocco,False,False,1-0,1-1,0,1,1,1,1,0,1,1,"90’ +1 Issa Diop (1 - 1) Header, assist by Chemsdine Talbi"
4653705,canada-vs-south-africa,https://www.fotmob.com/matches/canada-vs-south-africa/17s1wd#4653705,South Africa,Canada,2026-06-28T19:00:00.000Z,0-1,1,90+2,90,2,92.0,Stephen Eustaquio,Canada,South Africa,Canada,False,False,0-0,0-1,0,0,1,0,0,0,0,1,90’ +2 Stephen Eustaquio (0 - 1)
4667755,mexico-vs-czechia,https://www.fotmob.com/matches/mexico-vs-czechia/1wualx#4667755,Czechia,Mexico,2026-06-25T01:00:00.000Z,0-3,1,55,55,0,55.0,Mateo Chávez,Mexico,Czechia,Mexico,False,False,0-0,0-1,0,0,1,0,0,0,0,1,55’ Mateo Chávez (0 - 1) assist by Luis Romo Lukás Provod Denis Visinsky 56’ 61’ Julián Quiñones
4667755,mexico-vs-czechia,https://www.fotmob.com/matches/mexico-vs-czechia/1wualx#4667755,Czechia,Mexico,2026-06-25T01:00:00.000Z,0-3,2,63,63,0,63.0,Julián Quiñones,Mexico,Czechia,Mexico,False,False,0-1,0-2,1,0,2,0,0,1,0,2,61’ Julián Quiñones (0 - 2) assist by Jorge Sánchez 63’ Santiago Giménez Guillermo Martínez 63’ Obed Vargas Luis Romo 63’ Edson Álvarez Patrik Schick Adam Hlozek 64’ T
4667755,mexico-vs-czechia,https://www.fotmob.com/matches/mexico-vs-czechia/1wualx#4667755,Czechia,Mexico,2026-06-25T01:00:00.000Z,0-3,3,90+4,90,4,94.0,Álvaro Fidalgo,Mexico,Czechia,Mexico,False,False,0-2,0-3,2,0,3,0,0,2,0,3,90’ +4 Álvaro Fidalgo (0 - 3) assist by Roberto Alvarado
4653712,ivory-coast-vs-norway,https://www.fotmob.com/matches/ivory-coast-vs-norway/1wsny5#4653712,Ivory Coast,Norway,2026-06-30T17:00:00.000Z,1-2,1,39,39,0,39.0,Antonio Nusa,Norway,Ivory Coast,Norway,False,False,0-0,0-1,0,0,1,0,0,0,0,1,39’ Antonio Nusa (0 - 1) assist by Martin Ødegaard +4 minutes added 45’ +1 Antonio Nusa HT 0 - 1 Elye Wahi Ange-Yoan Bonny 60’ Amad Diallo Christ Inao Oulaï 60’ 71’
4653712,ivory-coast-vs-norway,https://www.fotmob.com/matches/ivory-coast-vs-norway/1wsny5#4653712,Ivory Coast,Norway,2026-06-30T17:00:00.000Z,1-2,2,74,74,0,74.0,Amad Diallo,Ivory Coast,Norway,Ivory Coast,False,False,0-1,1-1,0,1,1,1,0,1,1,1,71’ Andreas Schjelderup Antonio Nusa Amad Diallo (1 - 1) assist by Nicolas Pépé 74’ 83’ Fredrik Aursnes Marcus Holmgren Pedersen 86’ Erling Haaland
4653712,ivory-coast-vs-norway,https://www.fotmob.com/matches/ivory-coast-vs-norway/1wsny5#4653712,Ivory Coast,Norway,2026-06-30T17:00:00.000Z,1-2,3,86,86,0,86.0,Erling Haaland,Norway,Ivory Coast,Norway,False,False,1-1,1-2,1,1,2,1,1,1,1,2,86’ Erling Haaland (1 - 2) assist by Patrick Berg Oumar Diakité Nicolas Pépé 87’ +7 minutes added Evann Guessand Yan Diomande 90’ +3 Bazoumana Touré Ghislain Konan 90
4653704,france-vs-sweden,https://www.fotmob.com/matches/france-vs-sweden/1x6dai#4653704,France,Sweden,2026-06-30T21:00:00.000Z,3-0,1,45,45,0,45.0,Kylian Mbappé,France,Sweden,France,False,False,0-0,1-0,0,0,1,0,0,0,1,0,Kylian Mbappé (1 - 0) assist by Ousmane Dembélé 45’ +3 minutes added HT 1 - 0 Bradley Barcola
4653704,france-vs-sweden,https://www.fotmob.com/matches/france-vs-sweden/1x6dai#4653704,France,Sweden,2026-06-30T21:00:00.000Z,3-0,2,53,53,0,53.0,Bradley Barcola,France,Sweden,France,False,False,1-0,2-0,1,0,2,0,1,0,2,0,45’ +3 minutes added HT 1 - 0 Bradley Barcola (2 - 0) assist by Michael Olise 53’ 65’ Besfort Zeneli Lucas Bergvall 65’ Taha Abdi Ali Elliot Stroud Kylian Mbappé
4653704,france-vs-sweden,https://www.fotmob.com/matches/france-vs-sweden/1x6dai#4653704,France,Sweden,2026-06-30T21:00:00.000Z,3-0,3,74,74,0,74.0,Kylian Mbappé,France,Sweden,France,False,False,2-0,3-0,2,0,3,0,2,0,3,0,65’ Taha Abdi Ali Elliot Stroud Kylian Mbappé (3 - 0) assist by Michael Olise 74’ Malo Gusto Jules Koundé 75’ Désiré Doué Ousmane Dembélé 75’ Theo Hernández Lucas Digne 78’ 82’ Benjamin Nygren
4653710,senegal-vs-belgium,https://www.fotmob.com/matches/senegal-vs-belgium/1rywdm#4653710,Belgium,Senegal,2026-07-01T20:00:00.000Z,3-2,1,24,24,0,24.0,Habib Diarra,Senegal,Belgium,4-3-3,False,False,0-0,0-1,0,0,1,0,0,0,0,1,24’ Habib Diarra (0 - 1) +5 minutes added HT 0 - 1 Romelu Lukaku Charles De Ketelaere 46’ 51’ Ismaïla Sarr
4653710,senegal-vs-belgium,https://www.fotmob.com/matches/senegal-vs-belgium/1rywdm#4653710,Belgium,Senegal,2026-07-01T20:00:00.000Z,3-2,2,51,51,0,51.0,Ismaïla Sarr,Senegal,Belgium,4-3-3,False,False,0-1,0-2,1,0,2,0,0,1,0,2,51’ Ismaïla Sarr (0 - 2) assist by Moussa Niakhaté Nicolas Raskin Kevin De Bruyne 56’ Dodi Lukébakio Jérémy Doku 56’ Diego Moreira Hans Vanaken 63’ Brandon Mechele
4653710,senegal-vs-belgium,https://www.fotmob.com/matches/senegal-vs-belgium/1rywdm#4653710,Belgium,Senegal,2026-07-01T20:00:00.000Z,3-2,3,86,86,0,86.0,Romelu Lukaku,Belgium,Senegal,Belgium,False,False,0-2,1-2,0,2,1,2,0,2,1,2,78’ Romelu Lukaku (1 - 2) assist by Thomas Meunier 86’ Youri Tielemans
4653710,senegal-vs-belgium,https://www.fotmob.com/matches/senegal-vs-belgium/1rywdm#4653710,Belgium,Senegal,2026-07-01T20:00:00.000Z,3-2,4,89,89,0,89.0,Youri Tielemans,Belgium,Senegal,4-2-3-1,False,False,1-2,2-2,1,2,2,2,1,2,2,2,"86’ Youri Tielemans (2 - 2) Header, assist by Leandro Trossard 89’ Rudi Garcia Coach 90’ +7 minutes added FT 2 - 2 93’ Nicolas Jackson Sadio Mané 93’ Malick Diouf Isma"
4653710,senegal-vs-belgium,https://www.fotmob.com/matches/senegal-vs-belgium/1rywdm#4653710,Belgium,Senegal,2026-07-01T20:00:00.000Z,3-2,5,120+5,120,5,125.0,Youri Tielemans,Belgium,Senegal,4-2-3-1,False,True,2-2,3-2,2,2,3,2,2,2,3,2,109’ +4 minutes added Youri Tielemans (3 - 2) Penalty 120’ +5 AET 3 - 2 7.1 Belgium 4-2-3-1 6.7 Senegal 4-3-3 Season stats Transfer value Age Club 6.8 1Courtois 7.4 21Castagne 7.4 4Mech
4653708,spain-vs-austria,https://www.fotmob.com/matches/spain-vs-austria/1urklb#4653708,Spain,Austria,2026-07-02T19:00:00.000Z,3-0,1,36,36,0,36.0,Mikel Oyarzabal,Spain,Austria,4-2-3-1,False,False,0-0,1-0,0,0,1,0,0,0,1,0,Mikel Oyarzabal (1 - 0) assist by Marc Cucurella 36’ +4 minutes added HT 1 - 0 46’ Florian Grillitsch Xaver Schlager 46’ Carney Chukwuemeka Nicolas Seiwald 60’ Sas
4653708,spain-vs-austria,https://www.fotmob.com/matches/spain-vs-austria/1urklb#4653708,Spain,Austria,2026-07-02T19:00:00.000Z,3-0,2,66,66,0,66.0,Pedro Porro,Spain,Austria,4-2-3-1,False,False,1-0,2-0,1,0,2,0,1,0,2,0,"60’ Marko Arnautovic Michael Gregoritsch Pedro Porro (2 - 0) Header, assist by Álex Baena 66’ Mikel Merino Dani Olmo 71’ Ferran Torres Álex Baena 71’ 83’ Stefan Posch Gavi Lamine Yamal 85’ 85’ Alexand"
4653708,spain-vs-austria,https://www.fotmob.com/matches/spain-vs-austria/1urklb#4653708,Spain,Austria,2026-07-02T19:00:00.000Z,3-0,3,89,89,0,89.0,Mikel Oyarzabal,Spain,Austria,4-2-3-1,False,False,2-0,3-0,2,0,3,0,2,0,3,0,85’ Alexander Prass Stefan Posch Mikel Oyarzabal (3 - 0) assist by Marc Cucurella 89’ +6 minutes added Fabián Ruiz Pedri 90’ +3 Marc Pubill Aymeric Laporte 90’ +3
4653707,portugal-vs-croatia,https://www.fotmob.com/matches/portugal-vs-croatia/2u2izf#4653707,Portugal,Croatia,2026-07-02T23:00:00.000Z,2-1,1,59,59,0,59.0,Ivan Perisic,Croatia,Portugal,4-2-3-1,False,False,0-0,0-1,0,0,1,0,0,0,0,1,53’ Ivan Perisic (0 - 1) 59’ Luka Modric Francisco Conceição Pedro Neto 62’ Bernardo Silva Vitinha 62’ Nélson Semedo Bruno Fernandes 62’ Gonçalo Ramos João Cancelo
4653707,portugal-vs-croatia,https://www.fotmob.com/matches/portugal-vs-croatia/2u2izf#4653707,Portugal,Croatia,2026-07-02T23:00:00.000Z,2-1,2,68,68,0,68.0,Cristiano Ronaldo,Portugal,Croatia,4-2-3-1,False,True,0-1,1-1,0,1,1,1,0,1,1,1,68’ Mario Pasalic Martin Baturina Cristiano Ronaldo (1 - 1) Penalty 68’ Rúben Neves Cristiano Ronaldo 81’ +10 minutes added 90’ +2 Josko Gvardiol Nikola Vlasic Gonçalo Ramos
4653707,portugal-vs-croatia,https://www.fotmob.com/matches/portugal-vs-croatia/2u2izf#4653707,Portugal,Croatia,2026-07-02T23:00:00.000Z,2-1,3,90+4,90,4,94.0,Gonçalo Ramos,Portugal,Croatia,Portugal,False,False,1-1,2-1,1,1,2,1,1,1,2,1,"90’ +2 Josko Gvardiol Nikola Vlasic Gonçalo Ramos (2 - 1) Header, assist by Rafael Leão 90’ +4 90’ +6 Andrej Kramaric Mateo Kovacic 90’ +8 Ivan Perisic 90’ +13 Goal ruled out - offside Josko Gvardi"
4653714,dr-congo-vs-england,https://www.fotmob.com/matches/dr-congo-vs-england/1tbjj5#4653714,England,DR Congo,2026-07-01T16:00:00.000Z,2-1,1,7,7,0,7.0,Brian Cipenga,DR Congo,England,4-3-3,False,False,0-0,0-1,0,0,1,0,0,0,0,1,7’ Brian Cipenga (0 - 1) assist by Chancel Mbemba Jude Bellingham 19’ 27’ Noah Sadiki +6 minutes added HT 0 - 1 Anthony Gordon Marcus Rashford 60’ Bukayo Saka Noni
4653714,dr-congo-vs-england,https://www.fotmob.com/matches/dr-congo-vs-england/1tbjj5#4653714,England,DR Congo,2026-07-01T16:00:00.000Z,2-1,2,75,75,0,75.0,Harry Kane,England,DR Congo,4-2-3-1,False,False,0-1,1-1,0,1,1,1,0,1,1,1,"70’ Harry Kane (1 - 1) Header, assist by Anthony Gordon 75’ 76’ Edo Kayembe Ngal Ayel Mukau 76’ Théo Bongonda Brian Cipenga Harry Kane"
4653714,dr-congo-vs-england,https://www.fotmob.com/matches/dr-congo-vs-england/1tbjj5#4653714,England,DR Congo,2026-07-01T16:00:00.000Z,2-1,3,86,86,0,86.0,Harry Kane,England,DR Congo,4-2-3-1,False,False,1-1,2-1,1,1,2,1,1,1,2,1,76’ Théo Bongonda Brian Cipenga Harry Kane (2 - 1) assist by Anthony Gordon 86’ 89’ Joris Kayembe Ditu Arthur Masuaku 89’ Fiston Mayele Samuel Moutoussamy +6 minutes added John Stones Declan
4653713,ecuador-vs-mexico,https://www.fotmob.com/matches/ecuador-vs-mexico/1hlgxf#4653713,Mexico,Ecuador,2026-07-01T02:00:00.000Z,2-0,1,22,22,0,22.0,Julián Quiñones,Mexico,Ecuador,Mexico,False,False,0-0,1-0,0,0,1,0,0,0,1,0,Julián Quiñones (1 - 0) assist by Roberto Alvarado 22’ Raul Jiménez
4653713,ecuador-vs-mexico,https://www.fotmob.com/matches/ecuador-vs-mexico/1hlgxf#4653713,Mexico,Ecuador,2026-07-01T02:00:00.000Z,2-0,2,31,31,0,31.0,Raul Jiménez,Mexico,Ecuador,Mexico,False,False,1-0,2-0,1,0,2,0,1,0,2,0,22’ Raul Jiménez (2 - 0) assist by Julián Quiñones 31’ +5 minutes added 45’ +1 Alan Franco HT 2 - 0 46’ Ángelo Preciado Joel Ordóñez 46’ Yaimar Medina Alan Franco B
4653709,usa-vs-bosnia-herzegovina,https://www.fotmob.com/matches/usa-vs-bosnia-herzegovina/2c7uzr#4653709,USA,Bosnia and Herzegovina,2026-07-02T00:00:00.000Z,2-0,1,45,45,0,45.0,Folarin Balogun,USA,Bosnia and Herzegovina,USA,False,False,0-0,1-0,0,0,1,0,0,0,1,0,Folarin Balogun (1 - 0) 45’ +5 minutes added HT 1 - 0 51’ Esmir Bajraktarevic Armin Gigovic 51’ Benjamin Tahirovic Ivan Sunjic 51’ Ermin Mahmic Edin Dzeko Folarin
4653709,usa-vs-bosnia-herzegovina,https://www.fotmob.com/matches/usa-vs-bosnia-herzegovina/2c7uzr#4653709,USA,Bosnia and Herzegovina,2026-07-02T00:00:00.000Z,2-0,2,80,80,0,80.0,Malik Tillman,USA,Bosnia and Herzegovina,USA,False,False,1-0,2-0,1,0,2,0,1,0,2,0,80’ Stjepan Radeljic Malik Tillman (2 - 0) Direct free kick 82’ Sebastian Berhalter Sergiño Dest 87’ Ricardo Pepi Christian Pulisic 87’ +10 minutes added Giovanni Reyna Weston McKenn
4653717,algeria-vs-switzerland,https://www.fotmob.com/matches/algeria-vs-switzerland/1ekwbo#4653717,Switzerland,Algeria,2026-07-03T03:00:00.000Z,2-0,1,10,10,0,10.0,Breel Embolo,Switzerland,Algeria,4-2-3-1,False,False,0-0,1-0,0,0,1,0,0,0,1,0,Breel Embolo (1 - 0) assist by Johan Manzambi 10’ 36’ Farès Chaïbi +4 minutes added HT 1 - 0 Dan Ndoye
4653717,algeria-vs-switzerland,https://www.fotmob.com/matches/algeria-vs-switzerland/1ekwbo#4653717,Switzerland,Algeria,2026-07-03T03:00:00.000Z,2-0,2,46,46,0,46.0,Dan Ndoye,Switzerland,Algeria,4-2-3-1,False,False,1-0,2-0,1,0,2,0,1,0,2,0,36’ Farès Chaïbi +4 minutes added HT 1 - 0 Dan Ndoye (2 - 0) 46’ 58’ Jaouen Hadjam Houssem Aouar 58’ Amine Gouiri Ramiz Zerrouki Fabian Rieder Rubén Vargas 70’ Noah Okafor Johan Manzambi 70’ 71’ Anis
