team,fifa_version,gk,def,mid,att,top11_overall,squad_overall,star_power,depth,value_log,avg_age_top11,n_players
Argentina,23,84.0,81.75,81.66666666666667,87.0,83.36363636363636,83.36363636363636,87.33333333333333,83.36363636363636,19.853381480273047,28.727272727272727,11
France,23,87.0,82.25,86.66666666666667,88.33333333333333,85.54545454545455,85.54545454545455,90.33333333333333,85.54545454545455,20.28785685401077,28.454545454545453,11
Poland,23,86.0,74.75,77.25,91.0,77.81818181818181,77.81818181818181,86.66666666666667,77.81818181818181,19.19816907754165,28.454545454545453,11
Belgium,23,90.0,79.5,84.75,85.0,83.36363636363636,83.36363636363636,89.0,83.36363636363636,19.932505829724537,29.818181818181817,11
Portugal,23,82.0,84.75,84.25,87.5,84.81818181818181,84.81818181818181,88.66666666666667,84.81818181818181,20.180433418766206,29.363636363636363,11
Germany,23,90.0,82.25,86.25,82.0,84.27272727272727,84.27272727272727,88.66666666666667,84.27272727272727,20.05967746056976,28.272727272727273,11
Netherlands,23,79.0,84.25,82.66666666666667,82.5,82.45454545454545,82.45454545454545,87.33333333333333,82.45454545454545,20.0390783997401,27.0,11
England,23,82.0,82.75,83.0,86.66666666666667,83.81818181818181,83.81818181818181,86.66666666666667,83.81818181818181,20.192237507563583,26.454545454545453,11
Croatia,23,80.0,78.25,85.5,82.0,81.63636363636364,81.63636363636364,86.0,81.63636363636364,19.40088480532252,29.272727272727273,11
Italy,23,88.0,83.0,86.0,84.66666666666667,84.72727272727273,84.72727272727273,87.0,84.72727272727273,20.21991222967338,28.09090909090909,11
Norway,23,69.0,74.5,77.25,82.0,76.36363636363636,76.36363636363636,82.66666666666667,76.36363636363636,19.43952806776172,24.818181818181817,11
Spain,23,83.0,82.75,84.33333333333333,82.0,83.0,83.0,85.33333333333333,83.0,19.989296663949546,26.818181818181817,11
Scotland,23,74.0,77.0,77.0,73.0,76.0,76.0,82.66666666666667,76.0,19.016628466645578,26.818181818181817,11
Austria,23,72.0,78.5,80.25,82.0,78.54545454545455,78.54545454545455,83.66666666666667,78.54545454545455,19.15688741876203,27.272727272727273,11
Hungary,23,85.0,74.25,74.25,70.0,74.27272727272727,74.27272727272727,82.0,74.27272727272727,18.588522987936358,27.727272727272727,11
Czech Republic,23,80.0,74.0,77.75,79.0,76.81818181818181,76.81818181818181,80.66666666666667,76.81818181818181,18.699069777062576,26.181818181818183,11
Morocco,23,84.0,78.75,73.66666666666667,78.66666666666667,77.81818181818181,77.81818181818181,82.66666666666667,77.81818181818181,19.067783991246507,26.636363636363637,11
Ghana,23,70.0,74.25,80.0,75.0,74.72727272727273,74.72727272727273,79.0,74.72727272727273,18.378295037888897,27.454545454545453,11
Canada,23,77.0,74.0,72.5,79.0,73.72727272727273,73.72727272727273,80.0,73.72727272727273,18.531551061734337,28.181818181818183,11
Denmark,23,83.0,78.75,81.25,77.0,79.63636363636364,79.63636363636364,82.66666666666667,79.63636363636364,19.124767869496242,28.454545454545453,11
Finland,23,83.0,68.75,73.0,74.0,71.9090909090909,71.9090909090909,77.66666666666667,71.9090909090909,17.61771871970664,28.272727272727273,11
Brazil,23,82.0,81.25,81.0,81.0,81.0909090909091,81.0909090909091,82.33333333333333,81.0909090909091,19.43952806776172,26.727272727272727,11
Sweden,23,75.0,76.25,76.0,80.5,76.81818181818181,76.81818181818181,80.66666666666667,76.81818181818181,18.828143861376564,27.727272727272727,11
Mexico,23,80.0,76.0,79.0,81.33333333333333,78.63636363636364,78.63636363636364,81.33333333333333,78.63636363636364,18.65179247285226,29.363636363636363,11
United States,23,77.0,73.25,75.75,75.5,74.9090909090909,74.9090909090909,79.66666666666667,74.9090909090909,18.757867018444994,23.545454545454547,11
Ukraine,23,75.0,75.0,76.5,79.0,76.27272727272727,76.27272727272727,80.33333333333333,76.27272727272727,18.696796187619935,27.09090909090909,11
Wales,23,75.0,74.25,75.5,81.0,75.0909090909091,75.0909090909091,79.0,75.0909090909091,18.35774095482812,26.727272727272727,11
Northern Ireland,23,67.0,74.0,72.66666666666667,66.0,70.81818181818181,70.81818181818181,75.66666666666667,70.81818181818181,17.05712590890265,29.454545454545453,11
Australia,23,78.0,70.75,72.25,73.0,72.36363636363636,72.36363636363636,76.33333333333333,72.36363636363636,17.365127973480334,28.90909090909091,11
Republic of Ireland,23,70.0,74.75,71.0,68.0,71.54545454545455,71.54545454545455,75.33333333333333,71.54545454545455,17.55970647640356,25.363636363636363,11
New Zealand,23,69.0,69.5,66.0,76.0,68.27272727272727,68.27272727272727,73.33333333333333,68.27272727272727,17.016222452938,24.727272727272727,11
Qatar,23,68.0,69.5,71.5,73.33333333333333,70.45454545454545,70.45454545454545,73.33333333333333,70.45454545454545,0.0,28.454545454545453,11
Romania,23,76.0,68.0,72.75,70.0,70.81818181818181,70.81818181818181,74.66666666666667,70.81818181818181,17.049275034735093,28.454545454545453,11
Iceland,23,70.0,67.75,66.33333333333333,66.66666666666667,67.27272727272727,67.27272727272727,71.0,67.27272727272727,16.773021670646116,25.181818181818183,11
China PR,23,73.0,67.75,68.75,68.0,68.63636363636364,68.63636363636364,71.33333333333333,68.63636363636364,16.176364653421913,30.818181818181817,11
Argentina,22,84.0,80.75,81.33333333333333,88.33333333333333,83.27272727272727,83.27272727272727,88.33333333333333,83.27272727272727,19.91246061516795,27.727272727272727,11
Poland,22,87.0,72.5,76.25,86.5,77.72727272727273,77.72727272727273,86.66666666666667,77.72727272727273,19.318400094316065,28.181818181818183,11
Portugal,22,82.0,84.75,83.75,86.5,84.45454545454545,84.45454545454545,88.66666666666667,84.45454545454545,20.17074978786383,28.454545454545453,11
Belgium,22,89.0,80.25,85.66666666666667,85.66666666666667,84.0,84.0,89.33333333333333,84.0,20.044021563527846,29.454545454545453,11
France,22,87.0,82.75,86.0,88.33333333333333,85.54545454545455,85.54545454545455,90.0,85.54545454545455,20.38919072632157,27.818181818181817,11
Germany,22,90.0,84.33333333333333,87.0,84.0,85.63636363636364,85.63636363636364,88.66666666666667,85.63636363636364,20.282432586554457,28.0,11
England,22,83.0,84.0,82.5,89.0,84.27272727272727,84.27272727272727,87.66666666666667,84.27272727272727,20.322041724589152,25.545454545454547,11
Netherlands,22,81.0,85.25,84.33333333333333,84.0,84.0909090909091,84.0909090909091,87.0,84.0909090909091,20.150564811235384,27.818181818181817,11
Italy,22,89.0,83.5,85.33333333333333,85.33333333333333,85.0,85.0,87.66666666666667,85.0,20.19308748636384,28.363636363636363,11
Spain,22,82.0,83.0,84.75,84.0,83.54545454545455,83.54545454545455,86.0,83.54545454545455,20.215768004934226,25.545454545454547,11
Norway,22,76.0,74.75,77.25,82.0,77.0909090909091,77.0909090909091,82.66666666666667,77.0909090909091,19.32216236423249,25.818181818181817,11
Scotland,22,70.0,77.75,77.66666666666667,72.5,75.0909090909091,75.0909090909091,82.33333333333333,75.0909090909091,19.03629872740614,27.09090909090909,11
Denmark,22,85.0,80.0,80.75,78.0,80.36363636363636,80.36363636363636,83.66666666666667,80.36363636363636,19.31880750927217,27.545454545454547,11
Hungary,22,85.0,74.5,73.0,71.0,74.0,74.0,80.66666666666667,74.0,18.202524746587006,27.363636363636363,11
Sweden,22,76.0,75.5,77.0,81.5,77.18181818181819,77.18181818181819,81.33333333333333,77.18181818181819,19.018417745208204,27.181818181818183,11
Austria,22,74.0,79.25,80.0,76.5,78.54545454545455,78.54545454545455,83.0,78.54545454545455,19.135589421186193,28.454545454545453,11
Finland,22,83.0,68.75,71.66666666666667,74.5,71.63636363636364,71.63636363636364,78.0,71.63636363636364,17.651192351722315,29.545454545454547,11
Mexico,22,80.0,76.5,79.25,82.0,78.81818181818181,78.81818181818181,82.0,78.81818181818181,18.976288516227484,29.181818181818183,11
Brazil,22,82.0,81.25,81.0,79.0,80.72727272727273,80.72727272727273,82.33333333333333,80.72727272727273,19.3309534075251,26.454545454545453,11
Wales,22,74.0,74.5,77.25,74.0,74.63636363636364,74.63636363636364,80.33333333333333,74.63636363636364,18.457012682842958,26.727272727272727,11
Russia,22,76.0,76.75,76.25,78.0,76.0909090909091,76.0909090909091,79.66666666666667,76.0909090909091,18.04525977174862,30.09090909090909,11
United States,22,77.0,75.25,75.5,77.5,75.9090909090909,75.9090909090909,79.0,75.9090909090909,18.93110629369942,24.181818181818183,11
Canada,22,76.0,72.75,73.66666666666667,75.5,73.0909090909091,73.0909090909091,78.66666666666667,73.0909090909091,18.431620693881896,27.818181818181817,11
Czech Republic,22,81.0,76.0,77.25,78.5,77.36363636363636,77.36363636363636,81.0,77.36363636363636,18.811370573244275,28.0,11
Ukraine,22,75.0,75.25,75.0,79.0,75.81818181818181,75.81818181818181,79.33333333333333,75.81818181818181,18.69299534688917,25.545454545454547,11
Greece,22,81.0,73.25,75.0,73.0,74.27272727272727,74.27272727272727,78.0,74.27272727272727,18.13032845631369,26.454545454545453,11
Northern Ireland,22,72.0,74.25,70.5,69.0,71.45454545454545,71.45454545454545,77.0,71.45454545454545,17.43114707721029,28.454545454545453,11
Iceland,22,64.0,70.0,73.25,68.0,70.18181818181819,70.18181818181819,76.33333333333333,70.18181818181819,17.356469910987094,30.545454545454547,11
New Zealand,22,65.0,68.5,68.66666666666667,70.66666666666667,68.81818181818181,68.81818181818181,75.0,68.81818181818181,17.357918137121512,24.90909090909091,11
China PR,22,73.0,68.75,67.33333333333333,77.0,71.0,71.0,77.0,71.0,17.444507329019633,31.09090909090909,11
Republic of Ireland,22,75.0,74.75,72.0,67.0,72.54545454545455,72.54545454545455,76.0,72.54545454545455,17.464218873413657,28.272727272727273,11
Romania,22,68.0,71.0,73.0,71.66666666666667,71.45454545454545,71.45454545454545,74.0,71.45454545454545,17.370858648025116,26.0,11
Australia,22,77.0,71.75,71.5,73.5,72.45454545454545,72.45454545454545,76.66666666666667,72.45454545454545,17.468762860341794,28.727272727272727,11
Argentina,21,81.0,81.0,80.5,90.0,83.0909090909091,83.0909090909091,90.0,83.0909090909091,20.055786405084362,28.09090909090909,11
Portugal,21,84.0,82.33333333333333,83.25,86.66666666666667,84.0,84.0,88.66666666666667,84.0,20.115562140040144,27.727272727272727,11
Poland,21,87.0,76.0,76.5,91.0,77.27272727272727,77.27272727272727,86.0,77.27272727272727,19.303207849811074,27.636363636363637,11
Belgium,21,89.0,82.0,86.0,86.0,84.81818181818181,84.81818181818181,89.33333333333333,84.81818181818181,20.154104637934243,29.181818181818183,11
Slovenia,21,91.0,71.0,74.66666666666667,75.66666666666667,75.0909090909091,75.0909090909091,84.33333333333333,75.0909090909091,19.063586713333187,28.272727272727273,11
Germany,21,89.0,81.25,86.5,85.0,84.0,84.0,88.33333333333333,84.0,20.16726849627738,26.363636363636363,11
Netherlands,21,81.0,83.75,83.75,85.0,83.36363636363636,83.36363636363636,86.66666666666667,83.36363636363636,20.085553365166714,27.09090909090909,11
Egypt,21,73.0,70.0,74.0,82.5,74.0,74.0,80.66666666666667,74.0,18.740587970961048,29.454545454545453,11
France,21,87.0,83.5,85.66666666666667,85.33333333333333,84.9090909090909,84.9090909090909,88.33333333333333,84.9090909090909,20.360141570765585,27.727272727272727,11
Spain,21,82.0,85.25,84.33333333333333,83.0,84.0909090909091,84.0909090909091,87.33333333333333,84.0909090909091,20.038086828019768,27.454545454545453,11
England,21,81.0,82.5,82.5,88.0,83.36363636363636,83.36363636363636,87.66666666666667,83.36363636363636,20.351477256647957,24.636363636363637,11
Italy,21,85.0,82.0,82.25,86.0,83.0909090909091,83.0909090909091,86.0,83.0909090909091,20.030118658386467,27.545454545454547,11
Scotland,21,72.0,73.25,77.75,68.0,74.54545454545455,74.54545454545455,81.66666666666667,74.54545454545455,18.842347237958066,26.727272727272727,11
Switzerland,21,86.0,78.25,81.33333333333333,73.5,78.9090909090909,78.9090909090909,83.33333333333333,78.9090909090909,19.26224793394093,26.09090909090909,11
Hungary,21,85.0,72.75,73.75,71.0,73.81818181818181,73.81818181818181,80.0,73.81818181818181,18.151493267225753,27.727272727272727,11
Denmark,21,84.0,77.33333333333333,80.25,77.66666666666667,79.0909090909091,79.0909090909091,83.33333333333333,79.0909090909091,19.188935401637334,27.636363636363637,11
Mexico,21,79.0,76.66666666666667,79.75,82.0,78.9090909090909,78.9090909090909,83.0,78.9090909090909,19.08078807560207,28.454545454545453,11
Austria,21,74.0,79.75,80.25,82.0,79.18181818181819,79.18181818181819,83.0,79.18181818181819,19.2652606325699,28.0,11
Cameroon,21,84.0,72.0,74.0,74.0,74.18181818181819,74.18181818181819,79.0,74.18181818181819,18.439502508006495,26.818181818181817,11
Norway,21,77.0,73.75,77.75,84.0,76.27272727272727,76.27272727272727,82.0,76.27272727272727,19.157844814713773,25.727272727272727,11
Wales,21,75.0,73.25,76.75,76.0,75.18181818181819,75.18181818181819,81.66666666666667,75.18181818181819,18.721525810332352,26.454545454545453,11
Chile,21,77.0,74.66666666666667,79.75,76.5,76.63636363636364,76.63636363636364,82.0,76.63636363636364,18.379858759848776,30.272727272727273,11
Finland,21,83.0,68.75,69.0,76.0,70.72727272727273,70.72727272727273,77.66666666666667,70.72727272727273,17.653887044752647,28.545454545454547,11
Côte d'Ivoire,21,69.0,73.75,79.5,77.0,75.81818181818181,75.81818181818181,81.66666666666667,75.81818181818181,18.793622667242023,27.363636363636363,11
Colombia,21,79.0,80.5,79.25,80.0,79.63636363636364,79.63636363636364,81.33333333333333,79.63636363636364,19.108815387713893,28.09090909090909,11
Brazil,21,82.0,81.0,80.75,81.0,80.72727272727273,80.72727272727273,82.33333333333333,80.72727272727273,19.26654901582182,25.09090909090909,11
Russia,21,78.0,77.25,76.0,79.0,76.54545454545455,76.54545454545455,80.0,76.54545454545455,18.191267592203175,29.545454545454547,11
Czech Republic,21,82.0,75.0,76.75,78.0,76.45454545454545,76.45454545454545,80.33333333333333,76.45454545454545,18.74348862562065,26.90909090909091,11
Republic of Ireland,21,75.0,78.0,74.33333333333333,72.33333333333333,75.18181818181819,75.18181818181819,78.33333333333333,75.18181818181819,18.059710890077955,28.90909090909091,11
Greece,21,73.0,72.5,73.25,70.0,72.54545454545455,72.54545454545455,74.66666666666667,72.54545454545455,17.484187330270895,26.181818181818183,11
United States,21,76.0,74.5,73.75,77.5,74.9090909090909,74.9090909090909,77.66666666666667,74.9090909090909,18.622804936212436,24.09090909090909,11
Canada,21,75.0,70.25,72.25,75.0,72.27272727272727,72.27272727272727,78.0,72.27272727272727,18.33947069937281,26.181818181818183,11
Northern Ireland,21,69.0,75.25,70.5,66.0,71.27272727272727,71.27272727272727,76.0,71.27272727272727,17.508133023263646,27.727272727272727,11
Australia,21,80.0,70.75,71.25,71.0,71.81818181818181,71.81818181818181,76.33333333333333,71.81818181818181,17.356469910987094,27.363636363636363,11
Turkey,21,77.0,75.5,74.33333333333333,77.33333333333333,75.81818181818181,75.81818181818181,79.0,75.81818181818181,18.5827996019322,26.727272727272727,11
Uruguay,21,80.0,79.75,79.75,79.0,79.63636363636364,79.63636363636364,80.0,79.63636363636364,0.0,30.90909090909091,11
Ecuador,21,74.0,75.25,72.0,77.5,74.36363636363636,74.36363636363636,77.66666666666667,74.36363636363636,0.0,33.54545454545455,11
Iceland,21,66.0,69.33333333333333,74.75,72.5,71.45454545454545,71.45454545454545,77.33333333333333,71.45454545454545,17.545412010596333,31.636363636363637,11
China PR,21,73.0,67.0,69.33333333333333,73.66666666666667,70.0,70.0,76.66666666666667,70.0,17.56324839265557,29.363636363636363,11
Peru,21,73.0,73.25,73.5,76.0,73.27272727272727,73.27272727272727,76.33333333333333,73.27272727272727,17.725531580761828,27.727272727272727,11
Sweden,21,78.0,73.5,74.25,76.0,74.63636363636364,74.63636363636364,76.66666666666667,74.63636363636364,17.536978225869788,29.09090909090909,11
New Zealand,21,71.0,70.25,69.5,74.0,70.72727272727273,70.72727272727273,76.0,70.72727272727273,17.565602719761777,26.181818181818183,11
Romania,21,78.0,68.75,73.75,71.5,71.9090909090909,71.9090909090909,76.33333333333333,71.9090909090909,17.60423536967236,25.181818181818183,11
Venezuela,21,75.0,70.5,74.5,75.0,73.18181818181819,73.18181818181819,77.33333333333333,73.18181818181819,18.12092610376159,26.272727272727273,11
Paraguay,21,71.0,73.25,75.25,74.0,73.9090909090909,73.9090909090909,77.33333333333333,73.9090909090909,18.119575664681957,27.181818181818183,11
South Africa,21,69.0,70.75,69.66666666666667,72.33333333333333,70.72727272727273,70.72727272727273,73.66666666666667,70.72727272727273,16.249124001084017,29.454545454545453,11
Bolivia,21,69.0,67.0,65.5,68.0,66.81818181818181,66.81818181818181,70.0,66.81818181818181,15.743402346971443,27.454545454545453,11
Bulgaria,21,69.0,65.75,68.75,69.66666666666667,67.18181818181819,67.18181818181819,69.66666666666667,67.18181818181819,15.429936210914368,28.545454545454547,11
India,21,64.0,61.25,60.75,62.0,61.0,61.0,63.333333333333336,61.0,0.0,32.36363636363637,11
Portugal,20,83.0,82.0,82.75,86.66666666666667,83.63636363636364,83.63636363636364,88.33333333333333,83.63636363636364,19.659054977894186,26.272727272727273,11
Brazil,20,82.0,81.0,81.0,86.0,82.45454545454545,82.45454545454545,86.0,82.45454545454545,19.357949886128672,30.636363636363637,11
Belgium,20,88.0,84.75,86.0,87.66666666666667,86.18181818181819,86.18181818181819,90.0,86.18181818181819,19.98302705094905,29.0,11
Slovenia,20,91.0,73.0,71.5,73.0,74.0909090909091,74.0909090909091,83.33333333333333,74.0909090909091,18.692042875160453,26.181818181818183,11
Germany,20,88.0,83.5,85.0,86.0,84.27272727272727,84.27272727272727,87.33333333333333,84.27272727272727,19.836533909740986,25.545454545454547,11
Netherlands,20,83.0,84.33333333333333,82.5,83.0,82.72727272727273,82.72727272727273,86.66666666666667,82.72727272727273,19.683394046129756,25.818181818181817,11
Egypt,20,66.0,71.5,71.66666666666667,77.66666666666667,72.72727272727273,72.72727272727273,81.33333333333333,72.72727272727273,18.505021901577294,28.636363636363637,11
Italy,20,85.0,83.25,83.0,86.5,83.9090909090909,83.9090909090909,87.33333333333333,83.9090909090909,19.681978617730433,26.818181818181817,11
Argentina,20,80.0,79.0,82.75,87.5,82.0,82.0,87.66666666666667,82.0,19.550468653319943,27.545454545454547,11
Spain,20,89.0,85.25,86.75,83.0,85.72727272727273,85.72727272727273,89.0,85.72727272727273,19.928085933036154,27.636363636363637,11
Poland,20,86.0,76.25,76.5,84.5,78.72727272727273,78.72727272727273,85.33333333333333,78.72727272727273,19.09566395897629,27.454545454545453,11
France,20,88.0,83.5,87.33333333333333,86.66666666666667,85.81818181818181,85.81818181818181,89.0,85.81818181818181,20.08365942521023,26.818181818181817,11
England,20,83.0,82.25,82.5,88.5,83.54545454545455,83.54545454545455,87.0,83.54545454545455,19.79059162836303,25.272727272727273,11
Denmark,20,83.0,76.75,82.33333333333333,77.33333333333333,79.0,79.0,84.33333333333333,79.0,19.074567215759217,28.181818181818183,11
Wales,20,75.0,71.25,75.0,80.0,74.54545454545455,74.54545454545455,82.33333333333333,74.54545454545455,18.46684843434619,27.181818181818183,11
Hungary,20,85.0,74.25,74.0,76.0,74.81818181818181,74.81818181818181,80.66666666666667,74.81818181818181,18.26985786584569,27.363636363636363,11
Greece,20,80.0,78.25,75.5,75.0,76.63636363636364,76.63636363636364,83.0,76.63636363636364,18.61542482897533,27.636363636363637,11
Austria,20,74.0,79.75,77.0,82.0,77.72727272727273,77.72727272727273,82.66666666666667,77.72727272727273,18.764979423910216,27.0,11
Colombia,20,80.0,78.0,81.25,81.5,80.0,80.0,83.66666666666667,80.0,18.997855753874713,27.363636363636363,11
Scotland,20,71.0,74.5,77.25,69.0,74.45454545454545,74.45454545454545,81.0,74.45454545454545,18.473273203559202,26.545454545454547,11
Switzerland,20,84.0,80.0,79.0,80.5,79.9090909090909,79.9090909090909,83.0,79.9090909090909,19.067783991246507,25.545454545454547,11
Chile,20,78.0,76.33333333333333,80.75,78.5,78.54545454545455,78.54545454545455,83.0,78.54545454545455,18.684582295419233,29.818181818181817,11
Czech Republic,20,81.0,74.75,75.75,76.0,75.63636363636364,75.63636363636364,79.0,75.63636363636364,18.35240191390571,26.454545454545453,11
Norway,20,83.0,73.75,74.5,75.0,75.0909090909091,75.0909090909091,79.66666666666667,75.0909090909091,18.176058173732425,26.727272727272727,11
Iceland,20,68.0,71.25,76.25,69.0,72.36363636363636,72.36363636363636,78.0,72.36363636363636,17.60423536967236,30.363636363636363,11
Finland,20,83.0,69.0,70.0,72.0,71.18181818181819,71.18181818181819,77.66666666666667,71.18181818181819,17.587696641206346,27.545454545454547,11
Côte d'Ivoire,20,67.0,68.25,76.0,78.33333333333333,73.0,73.0,80.33333333333333,73.0,18.24632736871235,27.818181818181817,11
Mexico,20,78.0,76.5,79.5,81.0,78.54545454545455,78.54545454545455,81.66666666666667,78.54545454545455,18.753575166394153,27.272727272727273,11
Russia,20,78.0,77.25,77.0,78.0,76.81818181818181,76.81818181818181,80.0,76.81818181818181,18.144927255541088,28.454545454545453,11
Cameroon,20,82.0,74.25,72.0,74.66666666666667,74.63636363636364,74.63636363636364,78.66666666666667,74.63636363636364,18.083458239950957,26.363636363636363,11
Uruguay,20,80.0,80.25,80.5,81.0,80.18181818181819,80.18181818181819,81.66666666666667,80.18181818181819,0.0,31.363636363636363,11
Venezuela,20,73.0,70.5,72.5,75.5,72.36363636363636,72.36363636363636,77.33333333333333,72.36363636363636,17.906516235643267,25.272727272727273,11
Ecuador,20,74.0,75.25,73.66666666666667,76.33333333333333,75.0,75.0,78.0,75.0,0.0,33.63636363636363,11
Australia,20,80.0,72.5,73.5,71.0,73.0,73.0,77.0,73.0,17.71596694725363,26.90909090909091,11
Turkey,20,75.0,76.0,74.5,78.66666666666667,76.18181818181819,76.18181818181819,78.66666666666667,76.18181818181819,18.356675424637434,26.545454545454547,11
Paraguay,20,72.0,74.75,72.33333333333333,77.5,73.81818181818181,73.81818181818181,78.33333333333333,73.81818181818181,17.763865511926213,28.09090909090909,11
Northern Ireland,20,69.0,73.75,72.0,68.0,71.72727272727273,71.72727272727273,76.33333333333333,71.72727272727273,17.43517392818122,27.181818181818183,11
Republic of Ireland,20,75.0,75.5,73.5,72.5,74.18181818181819,74.18181818181819,77.66666666666667,74.18181818181819,17.890077509577274,29.818181818181817,11
Romania,20,79.0,71.33333333333333,71.25,70.33333333333333,71.72727272727273,71.72727272727273,75.66666666666667,71.72727272727273,16.929025911619092,28.818181818181817,11
United States,20,76.0,75.33333333333333,75.75,77.5,75.72727272727273,75.72727272727273,78.0,75.72727272727273,18.443420240697026,25.0,11
Sweden,20,78.0,75.5,75.0,76.0,75.63636363636364,75.63636363636364,77.66666666666667,75.63636363636364,17.75709238505144,28.09090909090909,11
Peru,20,72.0,71.25,75.75,76.0,73.18181818181819,73.18181818181819,77.0,73.18181818181819,17.639794670918473,27.454545454545453,11
New Zealand,20,67.0,69.25,69.0,74.0,69.81818181818181,69.81818181818181,75.66666666666667,69.81818181818181,17.3180604640072,25.363636363636363,11
Canada,20,74.0,65.25,73.5,74.0,70.63636363636364,70.63636363636364,74.66666666666667,70.63636363636364,17.445170678943438,25.272727272727273,11
Bulgaria,20,66.0,66.75,68.25,62.0,66.36363636363636,66.36363636363636,71.33333333333333,66.36363636363636,14.53335083891935,28.272727272727273,11
China PR,20,75.0,67.75,69.0,67.0,68.54545454545455,68.54545454545455,72.66666666666667,68.54545454545455,16.664770985505125,27.818181818181817,11
South Africa,20,67.0,69.75,70.66666666666667,72.66666666666667,70.54545454545455,70.54545454545455,74.33333333333333,70.54545454545455,17.133326366919263,27.454545454545453,11
Bolivia,20,69.0,66.25,67.25,64.5,66.54545454545455,66.54545454545455,70.33333333333333,66.54545454545455,15.679590843810702,27.0,11
India,20,64.0,61.25,61.0,63.0,61.27272727272727,61.27272727272727,63.333333333333336,61.27272727272727,0.0,31.363636363636363,11
Portugal,19,83.0,80.75,82.0,89.0,82.9090909090909,82.9090909090909,87.66666666666667,82.9090909090909,19.470102791931104,27.636363636363637,11
Argentina,19,77.0,81.0,80.66666666666667,85.66666666666667,81.81818181818181,81.81818181818181,88.0,81.81818181818181,19.447438932434153,28.818181818181817,11
Spain,19,91.0,87.0,87.75,85.0,87.27272727272727,87.27272727272727,90.33333333333333,87.27272727272727,20.107079699374445,28.272727272727273,11
Uruguay,19,81.0,84.0,78.0,90.0,81.81818181818181,81.81818181818181,90.0,81.81818181818181,19.520958315267322,26.90909090909091,11
Belgium,19,90.0,84.75,85.33333333333333,88.33333333333333,86.36363636363636,86.36363636363636,90.66666666666667,86.36363636363636,20.094031984006293,27.90909090909091,11
Germany,19,90.0,84.75,85.5,84.5,85.45454545454545,85.45454545454545,89.66666666666667,85.45454545454545,19.888555094368826,27.545454545454547,11
Poland,19,83.0,73.0,76.75,85.0,77.45454545454545,77.45454545454545,84.33333333333333,77.45454545454545,18.970534760456175,28.181818181818183,11
Slovenia,19,72.0,73.75,76.75,78.0,75.45454545454545,75.45454545454545,80.33333333333333,75.45454545454545,18.191267592203175,28.09090909090909,11
Italy,19,82.0,82.75,81.0,83.66666666666667,82.27272727272727,82.27272727272727,86.0,82.27272727272727,19.48711413769858,25.727272727272727,11
France,19,88.0,83.75,87.33333333333333,86.0,85.72727272727273,85.72727272727273,88.66666666666667,85.72727272727273,20.06548580215426,25.818181818181817,11
England,19,83.0,82.5,82.66666666666667,87.0,83.18181818181819,83.18181818181819,86.0,83.18181818181819,19.661949335912173,25.636363636363637,11
Wales,19,74.0,76.0,77.33333333333333,82.0,76.45454545454545,76.45454545454545,83.66666666666667,76.45454545454545,18.73986149073096,28.818181818181817,11
Denmark,19,84.0,76.25,81.0,77.33333333333333,78.54545454545455,78.54545454545455,84.66666666666667,78.54545454545455,19.071963725627377,26.818181818181817,11
Colombia,19,78.0,79.5,81.75,85.0,80.18181818181819,80.18181818181819,85.66666666666667,80.18181818181819,19.222682333908697,27.545454545454547,11
Egypt,19,66.0,70.25,73.0,76.5,72.0,72.0,81.0,72.0,18.43753787085163,28.636363636363637,11
Chile,19,79.0,74.5,82.33333333333333,80.0,78.54545454545455,78.54545454545455,84.33333333333333,78.54545454545455,18.80594315154573,29.09090909090909,11
Greece,19,79.0,79.25,75.5,75.5,77.18181818181819,77.18181818181819,82.66666666666667,77.18181818181819,18.623621596112322,27.818181818181817,11
Austria,19,74.0,78.5,76.5,82.0,77.27272727272727,77.27272727272727,81.66666666666667,77.27272727272727,18.653378515995318,26.90909090909091,11
Netherlands,19,81.0,81.75,78.75,83.0,80.27272727272727,80.27272727272727,84.0,80.27272727272727,19.213673264006914,24.818181818181817,11
Finland,19,67.0,69.5,69.25,71.0,68.0,68.0,72.33333333333333,68.0,16.840801682303496,24.545454545454547,11
Côte d'Ivoire,19,67.0,75.5,78.0,73.0,75.27272727272727,75.27272727272727,80.33333333333333,75.27272727272727,18.445373366298835,25.727272727272727,11
Norway,19,82.0,73.5,75.33333333333333,74.33333333333333,75.0,75.0,79.66666666666667,75.0,18.234351177809064,25.727272727272727,11
Ecuador,19,73.0,72.75,71.5,66.0,71.0909090909091,71.0909090909091,78.33333333333333,71.0909090909091,16.78335767944261,27.818181818181817,11
Mexico,19,77.0,75.75,78.66666666666667,80.0,77.81818181818181,77.81818181818181,81.33333333333333,77.81818181818181,18.635792131633828,27.181818181818183,11
Switzerland,19,82.0,78.5,78.0,77.5,78.18181818181819,78.18181818181819,81.33333333333333,78.18181818181819,18.64622142784714,27.636363636363637,11
Iceland,19,69.0,69.5,76.5,78.0,72.81818181818181,72.81818181818181,79.66666666666667,72.81818181818181,17.793321322657015,30.545454545454547,11
Sweden,19,75.0,76.25,77.0,78.0,76.18181818181819,76.18181818181819,80.0,76.18181818181819,18.01870954004614,28.90909090909091,11
Brazil,19,80.0,80.25,80.5,81.0,80.0909090909091,80.0909090909091,81.66666666666667,80.0909090909091,18.674547475667367,30.0,11
Czech Republic,19,78.0,74.75,73.5,75.5,74.72727272727273,74.72727272727273,78.33333333333333,74.72727272727273,18.163204526494262,26.09090909090909,11
Republic of Ireland,19,70.0,77.66666666666667,75.75,74.0,74.72727272727273,74.72727272727273,78.66666666666667,74.72727272727273,18.058275139672464,28.545454545454547,11
Russia,19,80.0,76.25,78.0,77.0,77.0,77.0,80.0,77.0,18.04525977174862,28.363636363636363,11
Scotland,19,74.0,75.25,76.5,75.0,75.18181818181819,75.18181818181819,78.66666666666667,75.18181818181819,18.259337605294483,27.181818181818183,11
Cameroon,19,65.0,71.25,69.66666666666667,77.0,71.81818181818181,71.81818181818181,77.0,71.81818181818181,17.607623289267778,26.09090909090909,11
Turkey,19,74.0,75.25,76.75,78.5,76.27272727272727,76.27272727272727,78.0,76.27272727272727,18.418678751301734,25.727272727272727,11
United States,19,75.0,74.5,75.25,77.0,74.81818181818181,74.81818181818181,78.66666666666667,74.81818181818181,18.28055624736237,24.363636363636363,11
Paraguay,19,66.0,73.0,75.75,73.0,73.0909090909091,73.0909090909091,77.33333333333333,73.0909090909091,17.6592547440524,28.727272727272727,11
Canada,19,71.0,65.5,73.75,75.0,70.72727272727273,70.72727272727273,76.33333333333333,70.72727272727273,17.25832964629167,25.90909090909091,11
Peru,19,73.0,72.25,76.0,77.33333333333333,72.45454545454545,72.45454545454545,77.33333333333333,72.45454545454545,17.425076232422082,27.454545454545453,11
Hungary,19,79.0,71.5,72.0,73.5,72.72727272727273,72.72727272727273,77.33333333333333,72.72727272727273,17.182806422433504,27.818181818181817,11
Australia,19,78.0,72.33333333333333,75.25,68.0,73.54545454545455,73.54545454545455,77.33333333333333,73.54545454545455,17.846205110871907,27.454545454545453,11
Venezuela,19,73.0,68.5,71.66666666666667,77.0,72.0909090909091,72.0909090909091,77.66666666666667,72.0909090909091,17.751250109540987,24.818181818181817,11
South Africa,19,78.0,69.75,72.25,72.5,71.9090909090909,71.9090909090909,76.0,71.9090909090909,17.265498135541893,26.363636363636363,11
Northern Ireland,19,68.0,71.5,72.0,70.0,71.0909090909091,71.0909090909091,75.0,71.0909090909091,17.15305794807395,29.181818181818183,11
Romania,19,78.0,70.75,72.5,73.0,72.45454545454545,72.45454545454545,76.0,72.45454545454545,17.051243539230263,28.727272727272727,11
New Zealand,19,68.0,62.75,67.33333333333333,72.33333333333333,67.0909090909091,67.0909090909091,74.0,67.0909090909091,17.10111005229353,25.272727272727273,11
Bulgaria,19,68.0,69.25,71.5,72.66666666666667,67.9090909090909,67.9090909090909,72.66666666666667,67.9090909090909,16.204273438942487,28.272727272727273,11
Bolivia,19,68.0,68.0,68.75,75.0,68.63636363636364,68.63636363636364,72.66666666666667,68.63636363636364,15.214227685996272,30.818181818181817,11
India,19,63.0,61.5,60.0,65.0,61.72727272727273,61.72727272727273,65.0,61.72727272727273,0.0,25.272727272727273,11
Portugal,18,83.0,82.33333333333333,83.25,86.0,83.27272727272727,83.27272727272727,88.0,83.27272727272727,19.5341816483983,27.545454545454547,11
Argentina,18,80.0,78.0,84.66666666666667,89.33333333333333,83.0909090909091,83.0909090909091,90.33333333333333,83.0909090909091,19.78549607594941,28.545454545454547,11
Germany,18,92.0,85.66666666666667,85.5,84.0,85.72727272727273,85.72727272727273,90.0,85.72727272727273,19.960768580395296,27.454545454545453,11
Uruguay,18,82.0,81.5,75.25,89.5,80.72727272727273,80.72727272727273,89.0,80.72727272727273,19.368663926434227,30.0,11
Brazil,18,80.0,85.0,82.0,87.0,84.27272727272727,84.27272727272727,88.33333333333333,84.27272727272727,19.78037442584247,27.181818181818183,11
Poland,18,82.0,75.75,76.75,91.0,77.9090909090909,77.9090909090909,85.33333333333333,77.9090909090909,19.03478472258311,28.272727272727273,11
Spain,18,90.0,86.5,86.0,86.0,86.27272727272727,86.27272727272727,89.0,86.27272727272727,19.898870372057015,28.363636363636363,11
Belgium,18,89.0,84.25,85.33333333333333,87.33333333333333,85.81818181818181,85.81818181818181,89.33333333333333,85.81818181818181,20.030118658386467,26.90909090909091,11
Italy,18,89.0,85.66666666666667,81.5,83.33333333333333,83.81818181818181,83.81818181818181,88.66666666666667,83.81818181818181,19.54398564846288,28.636363636363637,11
Wales,18,74.0,77.25,77.66666666666667,82.5,77.45454545454545,77.45454545454545,84.33333333333333,77.45454545454545,18.849211131506184,27.818181818181817,11
Netherlands,18,81.0,79.25,84.25,78.5,81.0909090909091,81.0909090909091,85.0,81.0909090909091,19.218187944341057,26.636363636363637,11
France,18,88.0,81.25,85.0,82.5,83.45454545454545,83.45454545454545,87.33333333333333,83.45454545454545,19.800705494574384,23.818181818181817,11
Slovenia,18,88.0,73.25,77.0,80.0,76.27272727272727,76.27272727272727,83.0,76.27272727272727,18.68745833994507,28.181818181818183,11
Denmark,18,83.0,78.5,78.0,73.0,77.72727272727273,77.72727272727273,83.66666666666667,77.72727272727273,18.969380025923446,26.272727272727273,11
Greece,18,77.0,79.5,76.5,81.0,77.45454545454545,77.45454545454545,83.66666666666667,77.45454545454545,18.761429544453215,26.727272727272727,11
Austria,18,71.0,79.75,79.25,74.0,77.45454545454545,77.45454545454545,82.33333333333333,77.45454545454545,18.740587970961048,26.818181818181817,11
Colombia,18,79.0,76.0,80.0,82.0,78.0909090909091,78.0909090909091,83.33333333333333,78.0909090909091,18.818113687083695,28.727272727272727,11
England,18,82.0,82.75,83.0,84.0,82.63636363636364,82.63636363636364,84.66666666666667,82.63636363636364,19.509242700133978,25.636363636363637,11
Switzerland,18,83.0,75.25,79.75,75.0,77.54545454545455,77.54545454545455,82.33333333333333,77.54545454545455,18.637403735515182,27.454545454545453,11
Côte d'Ivoire,18,67.0,76.75,77.66666666666667,75.66666666666667,75.81818181818181,75.81818181818181,82.33333333333333,75.81818181818181,18.669102110251156,24.363636363636363,11
Ecuador,18,73.0,74.5,76.0,75.0,74.27272727272727,74.27272727272727,79.66666666666667,74.27272727272727,17.77441716837524,30.09090909090909,11
Turkey,18,79.0,78.0,80.25,78.0,78.36363636363636,78.36363636363636,81.66666666666667,78.36363636363636,18.72669378045264,27.363636363636363,11
Sweden,18,74.0,76.25,77.25,80.0,76.54545454545455,76.54545454545455,81.0,76.54545454545455,18.36411040304598,27.363636363636363,11
Egypt,18,70.0,68.5,71.75,83.0,70.9090909090909,70.9090909090909,77.33333333333333,70.9090909090909,17.773366998839613,28.545454545454547,11
Norway,18,82.0,74.0,74.0,72.0,74.18181818181819,74.18181818181819,79.0,74.18181818181819,18.01870954004614,26.363636363636363,11
Mexico,18,79.0,77.25,79.66666666666667,80.66666666666667,79.0,79.0,81.33333333333333,79.0,18.788790072437177,27.727272727272727,11
Iceland,18,67.0,69.0,75.75,76.0,72.0,72.0,77.66666666666667,72.0,17.763383235581824,30.09090909090909,11
Republic of Ireland,18,74.0,77.0,77.0,75.5,76.18181818181819,76.18181818181819,79.33333333333333,76.18181818181819,18.234351177809064,28.818181818181817,11
Finland,18,81.0,72.0,72.0,71.5,72.72727272727273,72.72727272727273,78.0,72.72727272727273,17.721515511187583,27.181818181818183,11
Russia,18,79.0,74.5,76.75,78.0,76.36363636363636,76.36363636363636,79.33333333333333,76.36363636363636,18.30414693893237,27.90909090909091,11
Venezuela,18,70.0,71.66666666666667,71.5,76.0,72.63636363636364,72.63636363636364,77.66666666666667,72.63636363636364,17.96851704855205,24.0,11
United States,18,78.0,74.33333333333333,77.75,75.5,76.18181818181819,76.18181818181819,79.0,76.18181818181819,18.320860419719878,26.90909090909091,11
Northern Ireland,18,68.0,73.75,73.25,68.5,72.0909090909091,72.0909090909091,77.66666666666667,72.0909090909091,17.257849914947368,30.09090909090909,11
New Zealand,18,63.0,69.0,64.0,71.33333333333333,66.9090909090909,66.9090909090909,75.66666666666667,66.9090909090909,17.282027436972676,24.545454545454547,11
Paraguay,18,72.0,73.25,73.5,74.0,73.18181818181819,73.18181818181819,76.66666666666667,73.18181818181819,17.806344762301,26.636363636363637,11
Czech Republic,18,77.0,73.75,75.5,75.0,74.9090909090909,74.9090909090909,77.66666666666667,74.9090909090909,17.891351665599743,26.09090909090909,11
Romania,18,76.0,71.5,72.75,79.0,72.9090909090909,72.9090909090909,77.33333333333333,72.9090909090909,17.72753358339242,26.454545454545453,11
Peru,18,74.0,67.0,73.75,75.66666666666667,69.9090909090909,69.9090909090909,75.66666666666667,69.9090909090909,17.282807772532202,25.181818181818183,11
Hungary,18,76.0,71.0,74.0,75.0,72.72727272727273,72.72727272727273,76.33333333333333,72.72727272727273,16.942271137784317,28.09090909090909,11
Cameroon,18,66.0,67.75,71.0,73.33333333333333,70.0,70.0,76.0,70.0,17.0353859231256,25.454545454545453,11
Chile,18,76.0,76.33333333333333,76.5,76.0,76.18181818181819,76.18181818181819,77.0,76.18181818181819,18.100475493569128,27.545454545454547,11
South Africa,18,77.0,72.0,72.25,68.5,71.9090909090909,71.9090909090909,75.66666666666667,71.9090909090909,17.062001588775953,27.181818181818183,11
Bulgaria,18,74.0,69.0,71.5,70.0,70.18181818181819,70.18181818181819,74.33333333333333,70.18181818181819,16.54336345172214,30.272727272727273,11
Australia,18,77.0,72.0,72.75,70.0,72.18181818181819,72.18181818181819,75.0,72.18181818181819,17.302120848078996,27.272727272727273,11
Scotland,18,74.0,73.25,75.75,75.0,74.36363636363636,74.36363636363636,76.0,74.36363636363636,17.87422795981438,28.818181818181817,11
Bolivia,18,68.0,66.25,65.25,71.5,67.0,67.0,71.66666666666667,67.0,0.0,29.272727272727273,11
Saudi Arabia,18,71.0,71.5,73.0,73.0,72.0,72.0,74.0,72.0,17.32031695229804,28.727272727272727,11
China PR,18,73.0,65.5,69.33333333333333,72.0,69.0,69.0,73.33333333333333,69.0,0.0,28.0,11
Canada,18,68.0,67.0,70.25,66.0,67.9090909090909,67.9090909090909,71.0,67.9090909090909,16.210674923409112,26.545454545454547,11
India,18,60.0,58.25,56.5,62.666666666666664,59.36363636363637,59.36363636363637,63.0,59.36363636363637,0.0,25.727272727272727,11
Portugal,17,84.0,81.25,81.75,88.5,83.0,83.0,88.66666666666667,83.0,19.480205647378632,26.454545454545453,11
Argentina,17,79.0,81.25,83.0,89.66666666666667,83.18181818181819,83.18181818181819,89.66666666666667,83.18181818181819,19.558193184784187,28.363636363636363,11
Germany,17,92.0,85.66666666666667,86.0,84.5,85.45454545454545,85.45454545454545,90.33333333333333,85.45454545454545,19.925868637232423,26.454545454545453,11
Uruguay,17,83.0,81.5,76.25,88.5,81.0,81.0,88.33333333333333,81.0,19.26869263935588,28.818181818181817,11
Brazil,17,80.0,83.75,83.5,88.0,84.0909090909091,84.0909090909091,87.66666666666667,84.0909090909091,19.590062106614273,28.363636363636363,11
Wales,17,75.0,77.25,75.75,90.0,77.18181818181819,77.18181818181819,85.66666666666667,77.18181818181819,18.85764452557985,26.90909090909091,11
Poland,17,80.0,78.75,78.66666666666667,82.0,79.72727272727273,79.72727272727273,85.66666666666667,79.72727272727273,19.01400759475496,28.0,11
Spain,17,90.0,86.0,87.0,82.5,86.0909090909091,86.0909090909091,89.0,86.0909090909091,19.805724325673733,28.363636363636363,11
Belgium,17,89.0,82.75,85.5,84.0,84.36363636363636,84.36363636363636,88.33333333333333,84.36363636363636,19.798186601561245,25.818181818181817,11
Italy,17,88.0,85.75,82.0,80.33333333333333,83.0909090909091,83.0909090909091,87.66666666666667,83.0909090909091,18.94244631369141,30.90909090909091,11
France,17,88.0,82.75,85.0,85.5,84.54545454545455,84.54545454545455,88.0,84.54545454545455,19.663393379480233,28.181818181818183,11
Netherlands,17,81.0,80.0,83.0,78.0,81.0,81.0,83.66666666666667,81.0,19.11632480969843,25.636363636363637,11
Chile,17,85.0,75.5,82.25,79.33333333333333,79.9090909090909,79.9090909090909,86.33333333333333,79.9090909090909,18.98257964360361,29.09090909090909,11
Austria,17,73.0,78.5,78.75,76.0,77.27272727272727,77.27272727272727,82.66666666666667,77.27272727272727,18.57340183955372,27.90909090909091,11
Colombia,17,79.0,76.5,81.0,84.0,79.0,79.0,84.33333333333333,79.0,18.906803761228044,26.636363636363637,11
Slovenia,17,73.0,70.75,73.66666666666667,74.33333333333333,72.72727272727273,72.72727272727273,78.66666666666667,72.72727272727273,17.733515654950683,26.272727272727273,11
Côte d'Ivoire,17,64.0,70.25,77.66666666666667,77.33333333333333,73.63636363636364,73.63636363636364,81.0,73.63636363636364,17.61492464139365,28.454545454545453,11
England,17,84.0,82.0,81.0,84.0,82.18181818181819,82.18181818181819,84.0,82.18181818181819,19.389563929740756,25.181818181818183,11
Turkey,17,79.0,77.33333333333333,81.25,78.0,79.0909090909091,79.0909090909091,81.66666666666667,79.0909090909091,18.700582636643762,27.181818181818183,11
Greece,17,82.0,80.5,75.25,81.0,78.0,78.0,83.33333333333333,78.0,18.602168628338028,27.09090909090909,11
Switzerland,17,84.0,80.0,79.75,76.0,79.54545454545455,79.54545454545455,83.66666666666667,79.54545454545455,18.92448175882369,25.545454545454547,11
Denmark,17,81.0,77.75,79.66666666666667,76.0,77.45454545454545,77.45454545454545,82.33333333333333,77.45454545454545,18.687649782463573,24.545454545454547,11
Mexico,17,80.0,78.75,78.33333333333333,79.66666666666667,79.0,79.0,82.0,79.0,18.72963495902183,27.454545454545453,11
Republic of Ireland,17,74.0,78.0,77.75,76.0,76.63636363636364,76.63636363636364,80.0,76.63636363636364,18.08520802165025,28.818181818181817,11
Czech Republic,17,73.0,74.25,78.5,74.0,75.18181818181819,75.18181818181819,79.33333333333333,75.18181818181819,17.550796408758714,27.09090909090909,11
United States,17,75.0,76.0,78.25,74.0,76.0,76.0,79.33333333333333,76.0,17.98062420660253,27.818181818181817,11
Finland,17,78.0,70.5,75.0,69.0,72.54545454545455,72.54545454545455,78.33333333333333,72.54545454545455,17.51742965026214,27.363636363636363,11
Peru,17,74.0,66.75,67.25,73.0,67.81818181818181,67.81818181818181,73.0,67.81818181818181,16.30249845711618,24.181818181818183,11
Russia,17,80.0,78.25,76.0,79.0,78.0909090909091,78.0909090909091,80.0,78.0909090909091,18.22222981742365,28.727272727272727,11
Cameroon,17,63.0,72.75,72.0,74.66666666666667,71.9090909090909,71.9090909090909,78.33333333333333,71.9090909090909,17.50439003707821,26.09090909090909,11
Egypt,17,72.0,68.25,69.25,73.0,69.81818181818181,69.81818181818181,75.66666666666667,69.81818181818181,17.21336907180573,28.09090909090909,11
Canada,17,65.0,67.0,70.25,68.5,68.27272727272727,68.27272727272727,72.33333333333333,68.27272727272727,16.048209630732753,27.727272727272727,11
Sweden,17,71.0,77.5,75.0,78.0,76.0909090909091,76.0909090909091,79.66666666666667,76.0909090909091,18.11415559728606,26.454545454545453,11
Ecuador,17,74.0,73.75,77.0,77.0,75.0,75.0,79.66666666666667,75.0,17.8879503018341,28.181818181818183,11
Venezuela,17,72.0,72.25,73.25,72.0,71.72727272727273,71.72727272727273,76.33333333333333,71.72727272727273,17.394854152903907,25.90909090909091,11
Northern Ireland,17,67.0,74.75,71.5,71.0,72.18181818181819,72.18181818181819,77.33333333333333,72.18181818181819,17.047302647585692,29.272727272727273,11
Hungary,17,72.0,71.0,74.5,74.0,72.63636363636364,72.63636363636364,76.0,72.63636363636364,16.29204904211537,27.454545454545453,11
Norway,17,74.0,72.75,74.75,72.0,73.45454545454545,73.45454545454545,76.0,73.45454545454545,17.499377495380294,25.181818181818183,11
Bulgaria,17,74.0,69.5,72.25,70.0,69.81818181818181,69.81818181818181,74.66666666666667,69.81818181818181,16.636889503897294,28.90909090909091,11
Australia,17,79.0,70.5,74.0,73.0,73.0,73.0,77.0,73.0,17.37014410710767,25.454545454545453,11
Scotland,17,76.0,73.75,76.25,74.0,75.0,75.0,76.33333333333333,75.0,17.606495257588726,28.181818181818183,11
Romania,17,77.0,74.5,73.25,76.5,74.63636363636364,74.63636363636364,77.0,74.63636363636364,17.385043282614657,27.636363636363637,11
Paraguay,17,76.0,74.5,73.25,74.0,74.0909090909091,74.0909090909091,76.0,74.0909090909091,17.259128687459263,27.545454545454547,11
South Africa,17,76.0,69.75,73.0,65.0,71.27272727272727,71.27272727272727,74.0,71.27272727272727,16.70727029661379,26.363636363636363,11
China PR,17,73.0,69.66666666666667,70.5,72.66666666666667,71.0909090909091,71.0909090909091,73.33333333333333,71.0909090909091,0.0,27.363636363636363,11
Bolivia,17,66.0,68.0,67.66666666666667,64.5,66.0909090909091,66.0909090909091,69.66666666666667,66.0909090909091,13.887832149776026,28.181818181818183,11
India,17,60.0,58.0,56.5,62.0,59.0,59.0,62.666666666666664,59.0,12.206077645517674,24.727272727272727,11
Argentina,16,76.0,83.0,83.66666666666667,90.5,83.72727272727273,83.72727272727273,88.66666666666667,83.72727272727273,19.63885227063582,27.818181818181817,11
Portugal,16,81.0,78.25,82.0,93.0,81.36363636363636,81.36363636363636,86.0,81.36363636363636,19.14241538622331,30.454545454545453,11
Netherlands,16,82.0,80.0,83.5,82.33333333333333,82.0909090909091,82.0909090909091,86.0,82.0909090909091,19.34096350108012,26.636363636363637,11
Germany,16,90.0,83.33333333333333,86.5,86.0,84.81818181818181,84.81818181818181,88.0,84.81818181818181,19.88161865038821,26.0,11
Sweden,16,73.0,73.0,75.66666666666667,80.33333333333333,75.72727272727273,75.72727272727273,81.66666666666667,75.72727272727273,18.192524663377426,28.363636363636363,11
Belgium,16,86.0,82.0,84.75,82.0,83.0,83.0,87.0,83.0,19.580701663883914,26.09090909090909,11
Spain,16,84.0,84.25,86.5,86.0,85.0909090909091,85.0909090909091,87.66666666666667,85.0909090909091,19.741102363591775,27.727272727272727,11
Brazil,16,83.0,84.5,82.75,88.0,83.63636363636364,83.63636363636364,86.66666666666667,83.63636363636364,19.517624978858677,27.545454545454547,11
Italy,16,84.0,81.75,78.66666666666667,80.66666666666667,80.81818181818181,80.81818181818181,85.0,80.81818181818181,18.871119224076747,27.363636363636363,11
Wales,16,73.0,74.25,80.0,83.0,75.0,75.0,83.0,75.0,18.566727253522785,26.09090909090909,11
Poland,16,78.0,78.0,74.0,79.33333333333333,76.9090909090909,76.9090909090909,83.66666666666667,76.9090909090909,18.731285578366606,27.272727272727273,11
Colombia,16,78.0,77.0,80.0,81.0,78.9090909090909,78.9090909090909,84.0,78.9090909090909,18.874300900300817,26.636363636363637,11
England,16,83.0,81.5,79.75,86.0,80.81818181818181,80.81818181818181,84.0,80.81818181818181,19.103777593709314,25.545454545454547,11
France,16,84.0,81.25,83.66666666666667,84.33333333333333,83.0,83.0,85.33333333333333,83.0,19.493291233502617,27.181818181818183,11
Chile,16,83.0,73.66666666666667,81.0,86.0,78.72727272727273,78.72727272727273,85.0,78.72727272727273,18.830801670232425,28.181818181818183,11
Côte d'Ivoire,16,68.0,74.75,79.66666666666667,80.0,76.9090909090909,76.9090909090909,82.0,76.9090909090909,18.4675643393932,27.363636363636363,11
Czech Republic,16,85.0,73.25,75.5,72.0,74.9090909090909,74.9090909090909,80.0,74.9090909090909,17.590567731255042,29.0,11
Uruguay,16,82.0,79.75,74.75,81.0,78.36363636363636,78.36363636363636,84.0,78.36363636363636,18.62606758182064,28.181818181818183,11
Austria,16,66.0,75.25,77.5,72.0,74.36363636363636,74.36363636363636,78.33333333333333,74.36363636363636,17.6592547440524,27.272727272727273,11
Turkey,16,75.0,76.5,80.5,79.0,78.18181818181819,78.18181818181819,81.0,78.18181818181819,18.54995308844385,26.363636363636363,11
Slovenia,16,83.0,72.75,73.0,72.33333333333333,73.63636363636364,73.63636363636364,79.33333333333333,73.63636363636364,17.732521124803956,29.545454545454547,11
Greece,16,78.0,78.0,76.25,78.0,77.0,77.0,81.66666666666667,77.0,18.407595514535423,26.181818181818183,11
Denmark,16,75.0,76.25,75.5,72.5,75.18181818181819,75.18181818181819,81.33333333333333,75.18181818181819,18.23344715485648,27.363636363636363,11
Switzerland,16,82.0,79.75,79.25,77.0,79.27272727272727,79.27272727272727,82.33333333333333,79.27272727272727,18.791554414192223,25.545454545454547,11
Finland,16,70.0,69.66666666666667,75.5,70.0,71.54545454545455,71.54545454545455,77.66666666666667,71.54545454545455,17.50688691721445,27.727272727272727,11
Mexico,16,80.0,76.0,78.33333333333333,81.0,77.63636363636364,77.63636363636364,80.66666666666667,77.63636363636364,18.436554102951174,28.363636363636363,11
Russia,16,81.0,77.5,79.25,79.5,78.81818181818181,78.81818181818181,80.33333333333333,78.81818181818181,18.530431616872058,28.545454545454547,11
United States,16,79.0,70.33333333333333,76.25,75.66666666666667,74.72727272727273,74.72727272727273,80.0,74.72727272727273,17.99028238467769,27.09090909090909,11
Republic of Ireland,16,75.0,73.75,76.5,80.0,75.18181818181819,75.18181818181819,80.33333333333333,75.18181818181819,17.850193593819593,30.09090909090909,11
Cameroon,16,68.0,79.5,73.5,78.5,76.0909090909091,76.0909090909091,80.66666666666667,76.0909090909091,18.282854438522723,26.636363636363637,11
Peru,16,73.0,74.0,76.25,76.0,73.0909090909091,73.0909090909091,79.0,73.0909090909091,17.34627317326365,27.636363636363637,11
Hungary,16,69.0,70.0,74.75,71.0,71.81818181818181,71.81818181818181,76.0,71.81818181818181,16.941174045018087,29.454545454545453,11
Venezuela,16,70.0,74.5,72.75,80.0,73.45454545454545,73.45454545454545,77.0,73.45454545454545,17.379393550232137,28.454545454545453,11
Egypt,16,72.0,68.5,72.33333333333333,76.0,71.9090909090909,71.9090909090909,76.33333333333333,71.9090909090909,17.19309810811699,26.181818181818183,11
Ecuador,16,72.0,69.25,71.0,75.33333333333333,71.63636363636364,71.63636363636364,76.66666666666667,71.63636363636364,17.05927413735703,27.545454545454547,11
South Africa,16,78.0,73.25,73.75,66.0,73.0909090909091,73.0909090909091,76.33333333333333,73.0909090909091,17.418287340272755,25.363636363636363,11
Northern Ireland,16,69.0,71.75,71.5,70.5,71.18181818181819,71.18181818181819,76.33333333333333,71.18181818181819,16.92345486681793,29.0,11
New Zealand,16,66.0,69.0,68.66666666666667,70.5,68.0909090909091,68.0909090909091,73.66666666666667,68.0909090909091,16.760475767068503,24.272727272727273,11
Paraguay,16,71.0,73.25,73.33333333333333,74.33333333333333,73.36363636363636,73.36363636363636,75.0,73.36363636363636,16.920097281273396,27.727272727272727,11
Bulgaria,16,66.0,68.5,72.0,67.0,69.18181818181819,69.18181818181819,73.66666666666667,69.18181818181819,16.34523130322334,28.818181818181817,11
Australia,16,78.0,70.5,71.66666666666667,71.66666666666667,71.81818181818181,71.81818181818181,75.66666666666667,71.81818181818181,17.013162787238866,26.454545454545453,11
Romania,16,75.0,74.25,74.5,71.0,73.81818181818181,73.81818181818181,76.66666666666667,73.81818181818181,17.175885979828397,28.454545454545453,11
Scotland,16,75.0,72.0,74.75,76.0,73.0909090909091,73.0909090909091,76.0,73.0909090909091,17.294440319007183,28.90909090909091,11
Norway,16,73.0,72.5,73.75,70.0,72.45454545454545,72.45454545454545,75.33333333333333,72.45454545454545,17.293669011626754,24.90909090909091,11
Bolivia,16,63.0,65.75,67.5,75.0,66.45454545454545,66.45454545454545,71.66666666666667,66.45454545454545,14.557448378884015,28.181818181818183,11
China PR,16,75.0,66.5,68.5,72.0,69.0,69.0,73.0,69.0,0.0,26.818181818181817,11
Canada,16,63.0,66.5,60.666666666666664,64.66666666666667,64.0909090909091,64.0909090909091,67.66666666666667,64.0909090909091,15.554220981849422,26.181818181818183,11
India,16,65.0,55.5,55.666666666666664,61.0,57.90909090909091,57.90909090909091,63.666666666666664,57.90909090909091,0.0,26.181818181818183,11
Argentina,15,72.0,81.75,81.0,88.5,81.63636363636364,81.63636363636364,87.66666666666667,81.63636363636364,19.299477275551762,27.727272727272727,11
Portugal,15,80.0,80.25,80.25,84.0,80.9090909090909,80.9090909090909,86.0,80.9090909090909,18.919636201219515,28.363636363636363,11
Netherlands,15,79.0,77.33333333333333,83.5,82.0,80.63636363636364,80.63636363636364,87.33333333333333,80.63636363636364,18.919028852282576,27.0,11
Sweden,15,75.0,75.0,75.0,81.5,76.18181818181819,76.18181818181819,82.0,76.18181818181819,18.2628566704684,29.09090909090909,11
Germany,15,90.0,84.33333333333333,86.25,88.0,84.9090909090909,84.9090909090909,88.0,84.9090909090909,19.593162884282904,25.545454545454547,11
Spain,15,84.0,82.75,86.25,84.0,84.36363636363636,84.36363636363636,87.66666666666667,84.36363636363636,19.324898898640836,27.09090909090909,11
Colombia,15,77.0,74.0,79.5,81.5,77.63636363636364,77.63636363636364,85.66666666666667,77.63636363636364,18.636598258232855,27.454545454545453,11
Belgium,15,86.0,81.25,82.25,75.0,81.36363636363636,81.36363636363636,86.66666666666667,81.36363636363636,19.004013064085463,24.727272727272727,11
Brazil,15,82.0,83.5,82.0,84.5,83.0,83.0,85.66666666666667,83.0,19.07300593520039,27.09090909090909,11
Wales,15,72.0,72.5,77.5,68.0,73.45454545454545,73.45454545454545,83.0,73.45454545454545,18.075722617800164,25.727272727272727,11
Poland,15,76.0,73.75,72.5,81.5,74.9090909090909,74.9090909090909,82.66666666666667,74.9090909090909,18.300488569901095,27.09090909090909,11
Côte d'Ivoire,15,69.0,76.0,77.75,80.0,77.0909090909091,77.0909090909091,82.66666666666667,77.0909090909091,18.217952389628145,29.09090909090909,11
England,15,82.0,79.75,79.5,83.0,80.63636363636364,80.63636363636364,83.66666666666667,80.63636363636364,18.776255089454775,25.818181818181817,11
Uruguay,15,82.0,77.75,76.0,82.0,78.27272727272727,78.27272727272727,84.0,78.27272727272727,18.509606962295898,27.818181818181817,11
Czech Republic,15,85.0,73.0,75.5,72.0,74.81818181818181,74.81818181818181,80.66666666666667,74.81818181818181,17.458346099754813,27.363636363636363,11
France,15,85.0,80.5,82.0,83.5,82.0,82.0,84.33333333333333,82.0,18.798432020347022,26.09090909090909,11
Chile,15,83.0,69.0,77.75,80.5,76.0,76.0,84.0,76.0,18.31226000614311,26.818181818181817,11
Italy,15,82.0,80.5,80.25,81.0,80.63636363636364,80.63636363636364,83.66666666666667,80.63636363636364,18.488339401771974,27.363636363636363,11
Turkey,15,80.0,77.75,81.0,77.0,78.9090909090909,78.9090909090909,81.66666666666667,78.9090909090909,18.412648582335745,26.09090909090909,11
Russia,15,83.0,75.66666666666667,77.5,76.0,76.81818181818181,76.81818181818181,80.0,76.81818181818181,17.904842595113248,29.09090909090909,11
Peru,15,69.0,70.25,73.75,78.0,72.81818181818181,72.81818181818181,79.66666666666667,72.81818181818181,17.330780425626052,28.363636363636363,11
Slovenia,15,83.0,70.25,73.33333333333333,69.66666666666667,72.0909090909091,72.0909090909091,78.66666666666667,72.0909090909091,17.40180345100394,27.363636363636363,11
Denmark,15,71.0,75.0,77.0,72.0,74.81818181818181,74.81818181818181,81.33333333333333,74.81818181818181,17.736493324585496,29.0,11
Greece,15,74.0,76.0,73.33333333333333,74.0,74.54545454545455,74.54545454545455,78.66666666666667,74.54545454545455,17.665658180950928,28.181818181818183,11
Austria,15,69.0,74.25,73.5,73.0,72.63636363636364,72.63636363636364,78.0,72.63636363636364,17.22335251545768,24.90909090909091,11
Venezuela,15,67.0,71.0,71.75,77.0,70.81818181818181,70.81818181818181,78.66666666666667,70.81818181818181,0.0,29.272727272727273,11
United States,15,78.0,71.5,76.0,77.0,74.72727272727273,74.72727272727273,79.66666666666667,74.72727272727273,17.731525604582277,28.545454545454547,11
Mexico,15,80.0,76.25,75.0,78.5,76.0909090909091,76.0909090909091,79.66666666666667,76.0909090909091,17.896854324893884,27.90909090909091,11
Ecuador,15,72.0,67.5,73.75,73.66666666666667,71.54545454545455,71.54545454545455,76.66666666666667,71.54545454545455,17.109493892425032,28.545454545454547,11
Switzerland,15,79.0,75.0,79.25,74.0,77.0909090909091,77.0909090909091,79.66666666666667,77.0909090909091,17.926384438531027,25.727272727272727,11
Paraguay,15,72.0,69.75,74.75,75.0,72.27272727272727,72.27272727272727,75.66666666666667,72.27272727272727,0.0,31.727272727272727,11
Republic of Ireland,15,69.0,73.5,76.5,79.0,74.63636363636364,74.63636363636364,78.66666666666667,74.63636363636364,17.495601531265812,28.818181818181817,11
Finland,15,66.0,67.75,73.5,68.0,69.63636363636364,69.63636363636364,77.0,69.63636363636364,16.934566091749158,27.636363636363637,11
Cameroon,15,69.0,76.25,74.5,76.0,74.9090909090909,74.9090909090909,79.0,74.9090909090909,17.449141564267812,28.09090909090909,11
Northern Ireland,15,68.0,69.5,71.75,71.5,70.54545454545455,70.54545454545455,76.33333333333333,70.54545454545455,17.00824776628211,28.181818181818183,11
Hungary,15,70.0,68.75,73.0,76.0,70.9090909090909,70.9090909090909,76.0,70.9090909090909,16.755994410127943,27.272727272727273,11
South Africa,15,77.0,69.25,71.0,67.5,70.27272727272727,70.27272727272727,74.33333333333333,70.27272727272727,16.65605000050672,24.272727272727273,11
Bulgaria,15,71.0,64.0,71.0,66.0,67.72727272727273,67.72727272727273,73.0,67.72727272727273,16.142788361109663,26.454545454545453,11
Romania,15,74.0,72.5,73.75,73.0,72.63636363636364,72.63636363636364,75.66666666666667,72.63636363636364,17.075528364551364,27.545454545454547,11
Scotland,15,74.0,69.75,73.75,75.0,72.0909090909091,72.0909090909091,74.66666666666667,72.0909090909091,17.030378401595577,27.0,11
Australia,15,72.0,66.25,71.25,70.0,69.0909090909091,69.0909090909091,72.66666666666667,69.0909090909091,16.312839810055355,26.90909090909091,11
Korea Republic,15,67.0,69.5,71.25,72.0,70.36363636363636,70.36363636363636,75.33333333333333,70.36363636363636,16.91108821173685,25.454545454545453,11
Norway,15,71.0,70.25,73.25,74.33333333333333,71.18181818181819,71.18181818181819,74.33333333333333,71.18181818181819,16.835935492889124,24.818181818181817,11
Egypt,15,65.0,66.33333333333333,68.5,70.0,66.54545454545455,66.54545454545455,72.66666666666667,66.54545454545455,15.918424577929366,25.454545454545453,11
New Zealand,15,62.0,63.0,62.25,69.5,63.81818181818182,63.81818181818182,71.33333333333333,63.81818181818182,15.77137117931546,24.272727272727273,11
Bolivia,15,63.0,65.25,61.5,70.0,62.81818181818182,62.81818181818182,68.0,62.81818181818182,14.72175135802525,27.727272727272727,11
India,15,64.0,56.25,57.25,61.5,58.27272727272727,58.27272727272727,63.0,58.27272727272727,0.0,25.818181818181817,11
England,26,84.0,80.75,84.25,87.0,83.45454545454545,83.45454545454545,88.66666666666667,83.45454545454545,20.237945505213478,25.454545454545453,11
Germany,26,83.0,83.0,83.25,79.0,82.36363636363636,82.36363636363636,88.0,82.36363636363636,19.90114827736482,27.727272727272727,11
Morocco,26,82.0,80.0,77.5,80.0,79.27272727272727,79.27272727272727,84.33333333333333,79.27272727272727,19.315543532499536,28.636363636363637,11
Italy,26,89.0,83.25,85.66666666666667,82.33333333333333,84.18181818181819,84.18181818181819,87.66666666666667,84.18181818181819,20.201547773698916,27.09090909090909,11
Argentina,26,85.0,80.0,83.25,86.5,82.81818181818181,82.81818181818181,86.66666666666667,82.81818181818181,19.905688580273296,28.727272727272727,11
Spain,26,85.0,82.75,87.25,82.0,84.54545454545455,84.54545454545455,88.0,84.54545454545455,20.41945438391976,24.636363636363637,11
France,26,87.0,86.0,81.5,88.66666666666667,85.54545454545455,85.54545454545455,89.33333333333333,85.54545454545455,20.57476582978806,25.09090909090909,11
Portugal,26,84.0,83.0,85.0,85.0,83.63636363636364,83.63636363636364,87.33333333333333,83.63636363636364,20.148790187880163,27.0,11
Netherlands,26,78.0,84.75,85.5,81.0,83.63636363636364,83.63636363636364,87.66666666666667,83.63636363636364,20.01601973403536,26.454545454545453,11
Hungary,26,78.0,76.5,78.33333333333333,75.0,75.72727272727273,75.72727272727273,83.0,75.72727272727273,18.85116362153777,26.818181818181817,11
Norway,26,76.0,75.0,78.5,87.0,78.54545454545455,78.54545454545455,87.0,78.54545454545455,19.726036165277666,26.545454545454547,11
Scotland,26,72.0,74.75,79.5,77.0,76.0909090909091,76.0909090909091,82.66666666666667,76.0909090909091,18.84562163509927,27.09090909090909,11
Poland,26,79.0,75.25,76.75,83.0,77.54545454545455,77.54545454545455,82.33333333333333,77.54545454545455,18.637403735515182,28.454545454545453,11
Croatia,26,80.0,78.5,78.75,81.5,79.27272727272727,79.27272727272727,83.33333333333333,79.27272727272727,19.10831274885185,29.272727272727273,11
Sweden,26,73.0,76.75,79.33333333333333,85.33333333333333,79.45454545454545,79.45454545454545,86.0,79.45454545454545,19.77767502193504,25.454545454545453,11
United States,26,74.0,77.5,78.25,80.0,77.9090909090909,77.9090909090909,82.66666666666667,77.9090909090909,19.143993343695463,26.636363636363637,11
Denmark,26,79.0,77.25,79.25,76.0,77.81818181818181,77.81818181818181,81.33333333333333,77.81818181818181,18.84398577673765,28.454545454545453,11
Czechia,26,75.0,75.25,76.5,74.0,75.45454545454545,75.45454545454545,78.0,75.45454545454545,18.283714900347096,27.636363636363637,11
Romania,26,71.0,72.5,74.5,74.0,73.36363636363636,73.36363636363636,77.33333333333333,73.36363636363636,17.84620509310992,28.454545454545453,11
Ukraine,26,80.0,76.5,77.25,83.0,77.0909090909091,77.0909090909091,81.0,77.0909090909091,19.125756500318296,25.454545454545453,11
Ghana,26,71.0,75.66666666666667,78.75,75.5,75.81818181818181,75.81818181818181,82.0,75.81818181818181,18.533116182218706,28.363636363636363,11
Mexico,26,79.0,74.5,76.0,77.5,76.0,76.0,78.33333333333333,76.0,17.073607134447293,27.454545454545453,11
Qatar,26,70.0,68.75,75.33333333333333,72.33333333333333,71.63636363636364,71.63636363636364,77.0,71.63636363636364,0.0,29.545454545454547,11
Iceland,26,68.0,68.75,70.0,71.0,69.54545454545455,69.54545454545455,73.33333333333333,69.54545454545455,17.11872756803093,26.272727272727273,11
Republic of Ireland,26,79.0,75.75,74.25,73.0,74.72727272727273,74.72727272727273,78.0,74.72727272727273,18.298513121277594,25.545454545454547,11
Finland,26,81.0,67.0,74.25,74.0,72.0,72.0,77.0,72.0,17.175885945106174,29.272727272727273,11
Northern Ireland,26,68.0,73.25,70.5,66.0,70.54545454545455,70.54545454545455,75.0,70.54545454545455,17.718492838921904,24.545454545454547,11
Wales,26,70.0,76.25,70.66666666666667,75.5,73.72727272727273,73.72727272727273,77.66666666666667,73.72727272727273,18.186223445380108,26.545454545454547,11
Egypt,26,91.0,70.25,71.5,76.33333333333333,70.6,70.6,83.33333333333333,70.6,18.809813204216077,27.2,10
Uruguay,26,79.0,81.66666666666667,83.0,79.0,81.18181818181819,81.18181818181819,85.0,81.18181818181819,19.59594538722893,29.90909090909091,11
Belgium,26,89.0,86.25,84.0,83.33333333333333,83.72727272727273,83.72727272727273,87.0,83.72727272727273,19.69743922079335,30.0,11
Brazil,26,89.0,86.0,86.0,87.0,86.36363636363636,86.36363636363636,89.0,86.36363636363636,20.444213092514563,28.0,11
Slovenia,26,88.0,77.0,75.0,77.0,76.0909090909091,76.0909090909091,81.66666666666667,76.0909090909091,18.715958893025775,28.818181818181817,11
Nigeria,26,87.0,79.0,79.0,84.0,80.18181818181819,80.18181818181819,84.0,80.18181818181819,19.650321297950857,25.90909090909091,11
Switzerland,26,87.0,82.0,81.75,86.0,81.45454545454545,81.45454545454545,86.0,81.45454545454545,19.293228557057457,30.545454545454547,11
Georgia,26,84.0,73.0,74.25,79.33333333333333,76.18181818181819,76.18181818181819,82.66666666666667,76.18181818181819,19.156887413972758,25.90909090909091,11
Ecuador,26,74.0,80.75,78.33333333333333,72.0,77.18181818181819,77.18181818181819,85.33333333333333,77.18181818181819,19.447886539977734,26.0,11
Guinea,26,87.0,76.0,75.0,77.66666666666667,75.0,75.0,80.33333333333333,75.0,18.732567512421607,27.545454545454547,11
Türkiye,26,80.0,79.5,82.25,79.0,80.27272727272727,80.27272727272727,83.0,80.27272727272727,19.60547073191963,25.727272727272727,11
Korea Republic,26,75.0,82.0,76.33333333333333,79.66666666666667,77.0,77.0,82.0,77.0,18.7514223130485,29.636363636363637,11
Colombia,26,85.0,80.33333333333333,80.33333333333333,79.66666666666667,79.72727272727273,79.72727272727273,83.0,79.72727272727273,19.334969477163863,27.727272727272727,11
Cameroon,26,80.0,75.25,79.33333333333333,77.66666666666667,77.45454545454545,77.45454545454545,82.66666666666667,77.45454545454545,19.11931285971553,27.272727272727273,11
Algeria,26,84.0,80.0,79.75,78.66666666666667,79.0,79.0,81.66666666666667,79.0,19.160234302099735,27.363636363636363,11
Serbia,26,82.0,83.0,80.25,82.0,80.54545454545455,80.54545454545455,83.0,80.54545454545455,19.380030969118383,28.181818181818183,11
Canada,26,78.0,78.0,75.5,78.0,77.0909090909091,77.0909090909091,81.33333333333333,77.0909090909091,18.938879128003695,27.181818181818183,11
Slovakia,26,78.0,79.75,77.25,78.0,78.27272727272727,78.27272727272727,82.33333333333333,78.27272727272727,18.892557623818085,30.09090909090909,11
Kosovo,26,72.0,76.66666666666667,76.33333333333333,75.0,75.18181818181819,75.18181818181819,80.33333333333333,75.18181818181819,18.35240191390571,27.818181818181817,11
Armenia,26,83.0,61.0,74.0,67.66666666666667,69.22222222222223,69.22222222222223,76.66666666666667,69.22222222222223,17.217207847984756,28.77777777777778,9
Senegal,26,80.0,82.0,80.0,80.0,79.72727272727273,79.72727272727273,81.66666666666667,79.72727272727273,19.110823420507057,28.363636363636363,11
Saudi Arabia,26,72.0,72.5,76.0,77.33333333333333,73.36363636363636,73.36363636363636,77.33333333333333,73.36363636363636,17.886245271612086,28.363636363636363,11
Japan,26,82.0,77.5,81.25,79.0,79.27272727272727,79.27272727272727,82.0,79.27272727272727,19.24485619130468,27.636363636363637,11
New Zealand,26,71.0,70.0,72.5,72.66666666666667,71.0909090909091,71.0909090909091,76.0,71.0909090909091,17.6332229058992,26.545454545454547,11
Austria,26,82.0,80.5,78.75,81.33333333333333,79.0909090909091,79.0909090909091,81.33333333333333,79.0909090909091,19.123778260315973,27.181818181818183,11
Greece,26,79.0,76.75,79.0,79.5,78.0,78.0,80.66666666666667,78.0,19.20686279503531,25.636363636363637,11
Congo DR,26,82.0,76.0,74.0,80.0,76.36363636363636,76.36363636363636,81.0,76.36363636363636,18.634985346599372,27.363636363636363,11
Venezuela,26,73.0,74.0,75.66666666666667,73.0,73.72727272727273,73.72727272727273,77.33333333333333,73.72727272727273,18.097026024863467,29.363636363636363,11
Côte d'Ivoire,26,81.0,80.25,79.5,80.33333333333333,79.27272727272727,79.27272727272727,80.33333333333333,79.27272727272727,19.39900687050537,25.0,11
Burkina Faso,26,73.0,73.75,73.5,73.0,72.0909090909091,72.0909090909091,77.66666666666667,72.0909090909091,18.127651078578815,23.454545454545453,11
Gabon,26,81.0,66.0,69.25,80.0,70.1,70.1,79.66666666666667,70.1,17.68931237135144,27.6,10
Bosnia and Herzegovina,26,77.0,75.66666666666667,75.5,78.0,76.36363636363636,76.36363636363636,80.0,76.36363636363636,18.22709600701562,30.363636363636363,11
Tunisia,26,80.0,73.33333333333333,74.75,72.0,72.9090909090909,72.9090909090909,76.66666666666667,72.9090909090909,17.862064473832543,26.545454545454547,11
Mozambique,26,79.0,74.0,78.0,68.0,73.5,73.5,75.33333333333333,73.5,17.437181289122726,27.25,4
North Macedonia,26,79.0,68.0,72.0,70.0,70.81818181818181,70.81818181818181,76.66666666666667,70.81818181818181,17.380808950306857,28.818181818181817,11
Paraguay,26,79.0,77.0,76.0,75.66666666666667,75.63636363636364,75.63636363636364,77.66666666666667,75.63636363636364,18.0611445677326,30.636363636363637,11
Albania,26,74.0,76.5,74.0,75.0,74.9090909090909,74.9090909090909,77.33333333333333,74.9090909090909,18.003648999472734,27.90909090909091,11
Jamaica,26,75.0,72.0,73.25,70.0,72.0909090909091,72.0909090909091,77.0,72.0909090909091,17.47199597009032,30.181818181818183,11
Mali,26,79.0,77.5,77.0,74.0,75.72727272727273,75.72727272727273,78.0,75.72727272727273,18.308631251329423,27.09090909090909,11
Russia,26,78.0,71.0,76.25,73.0,73.72727272727273,73.72727272727273,78.33333333333333,73.72727272727273,18.081705391148123,28.636363636363637,11
Central African Republic,26,78.0,73.0,72.25,71.5,72.25,72.25,73.66666666666667,72.25,16.660419999923214,27.25,4
Montenegro,26,71.0,73.75,69.0,71.0,71.36363636363636,71.36363636363636,77.0,71.36363636363636,17.362970475402378,28.363636363636363,11
Indonesia,26,78.0,72.25,66.0,66.0,70.0909090909091,70.0909090909091,74.66666666666667,70.0909090909091,17.316553304762056,25.363636363636363,11
Iran,26,68.0,68.0,70.66666666666667,78.0,71.0,71.0,74.33333333333333,71.0,16.916728384358617,29.5,6
Libya,26,78.0,72.0,74.0,73.33333333333333,73.33333333333333,73.33333333333333,73.33333333333333,73.33333333333333,16.548253436697504,30.0,3
Liberia,26,78.0,75.0,63.25,69.0,66.16666666666667,66.16666666666667,74.0,66.16666666666667,17.099799558847923,23.333333333333332,6
Gambia,26,78.0,67.0,73.0,74.33333333333333,71.54545454545455,71.54545454545455,76.33333333333333,71.54545454545455,17.921042326058192,25.545454545454547,11
Australia,26,78.0,72.0,73.0,71.0,72.72727272727273,72.72727272727273,75.33333333333333,72.72727272727273,17.252718409303803,28.545454545454547,11
Uzbekistan,26,77.0,72.5,65.0,68.5,69.4,69.4,73.0,69.4,17.23323724157764,23.6,5
Cabo Verde,26,74.0,74.5,70.0,72.0,71.72727272727273,71.72727272727273,75.0,71.72727272727273,17.61771871970664,26.90909090909091,11
Togo,26,77.0,70.75,69.0,76.33333333333333,71.27272727272727,71.27272727272727,77.0,71.27272727272727,17.602537095880624,27.636363636363637,11
Chile,26,77.0,75.33333333333333,74.75,75.0,75.0,75.0,76.33333333333333,75.0,17.628817590453263,30.90909090909091,11
Bulgaria,26,70.0,68.66666666666667,71.0,77.0,70.45454545454545,70.45454545454545,74.0,70.45454545454545,17.338925601849205,25.09090909090909,11
Israel,26,73.0,75.5,75.5,72.0,72.81818181818181,72.81818181818181,76.0,72.81818181818181,17.944256563006768,24.818181818181817,11
Burundi,26,77.0,71.0,64.0,68.66666666666667,68.66666666666667,68.66666666666667,68.66666666666667,68.66666666666667,16.57076242414378,25.666666666666668,3
Angola,26,71.0,75.66666666666667,71.0,73.66666666666667,73.0,73.0,76.0,73.0,17.65946885388698,27.90909090909091,11
Comoros,26,77.0,69.0,71.5,64.0,68.81818181818181,68.81818181818181,74.66666666666667,68.81818181818181,17.370858648025116,24.90909090909091,11
Luxembourg,26,75.0,65.75,70.66666666666667,73.66666666666667,67.63636363636364,67.63636363636364,73.66666666666667,67.63636363636364,16.995645596096086,26.818181818181817,11
Equatorial Guinea,26,67.0,69.5,67.0,64.0,65.9090909090909,65.9090909090909,73.33333333333333,65.9090909090909,16.882400072400365,25.90909090909091,11
Guinea-Bissau,26,76.0,70.0,70.25,73.66666666666667,71.18181818181819,71.18181818181819,74.0,71.18181818181819,17.176753658811503,28.272727272727273,11
Zimbabwe,26,76.0,68.5,68.75,66.0,67.54545454545455,67.54545454545455,72.66666666666667,67.54545454545455,16.835935492889124,26.181818181818183,11
Panama,26,72.0,69.5,68.0,67.33333333333333,68.9090909090909,68.9090909090909,72.66666666666667,68.9090909090909,16.773021670646116,27.636363636363637,11
Jordan,26,75.0,75.0,75.0,61.0,70.33333333333333,70.33333333333333,70.33333333333333,70.33333333333333,16.211130608041678,25.333333333333332,3
Dominican Republic,26,54.0,62.75,73.0,67.5,65.11111111111111,65.11111111111111,73.66666666666667,65.11111111111111,16.73786541552032,24.333333333333332,9
Suriname,26,72.0,71.25,71.25,75.0,71.54545454545455,71.54545454545455,74.0,71.54545454545455,16.876562344477314,30.636363636363637,11
Syria,26,75.0,68.5,66.66666666666667,70.0,67.72727272727273,67.72727272727273,72.33333333333333,67.72727272727273,16.492414098845437,27.727272727272727,11
Peru,26,72.0,73.33333333333333,72.33333333333333,72.0,72.45454545454545,72.45454545454545,73.66666666666667,72.45454545454545,16.65458907995242,32.45454545454545,11
Mauritania,26,69.0,58.666666666666664,65.0,65.0,62.9,62.9,69.66666666666667,62.9,16.38314868206627,23.0,10
Zambia,26,75.0,69.0,66.33333333333333,72.0,68.375,68.375,72.66666666666667,68.375,16.592775890296352,26.5,8
Malta,26,75.0,63.0,67.33333333333333,64.33333333333333,63.75,63.75,70.0,63.75,16.213405921671733,23.5,8
Haiti,26,69.0,69.0,70.33333333333333,68.66666666666667,69.27272727272727,69.27272727272727,73.0,69.27272727272727,16.725140186960765,29.272727272727273,11
Kenya,26,73.0,68.75,63.666666666666664,63.333333333333336,65.18181818181819,65.18181818181819,70.66666666666667,65.18181818181819,16.34523130322334,25.09090909090909,11
Honduras,26,73.0,68.0,69.0,66.66666666666667,67.63636363636364,67.63636363636364,72.66666666666667,67.63636363636364,16.661872432919147,26.363636363636363,11
Estonia,26,73.0,66.66666666666667,65.5,69.66666666666667,66.57142857142857,66.57142857142857,69.66666666666667,66.57142857142857,16.318993675124798,26.0,7
South Africa,26,73.0,70.75,66.5,67.0,68.18181818181819,68.18181818181819,72.33333333333333,68.18181818181819,16.88356353960952,24.272727272727273,11
Chad,26,73.0,73.0,73.0,73.0,73.0,73.0,73.0,73.0,15.096444681204078,27.0,1
Benin,26,73.0,63.333333333333336,62.666666666666664,71.0,65.66666666666667,65.66666666666667,71.0,65.66666666666667,16.378535064087515,25.88888888888889,9
United Arab Emirates,26,70.0,72.5,65.25,58.666666666666664,64.72727272727273,64.72727272727273,72.0,64.72727272727273,16.65488143485628,24.09090909090909,11
Congo,26,73.0,68.33333333333333,67.5,66.33333333333333,66.9090909090909,66.9090909090909,71.33333333333333,66.9090909090909,16.535159960807693,26.454545454545453,11
Malaysia,26,73.0,73.0,70.0,71.5,71.5,71.5,71.5,71.5,15.623799493077952,25.0,2
Madagascar,26,72.0,66.5,71.33333333333333,65.0,68.66666666666667,68.66666666666667,71.33333333333333,68.66666666666667,16.012735246411598,27.833333333333332,6
Latvia,26,72.0,68.0,54.0,64.0,64.85714285714286,64.85714285714286,69.0,64.85714285714286,15.831080156294194,25.428571428571427,7
Bolivia,26,72.0,67.5,67.75,71.0,68.0,68.0,71.0,68.0,16.223806195348942,29.181818181818183,11
Cyprus,26,70.0,70.75,68.25,68.5,69.36363636363636,69.36363636363636,72.0,69.36363636363636,16.791040175221152,27.636363636363637,11
Philippines,26,72.0,67.75,69.33333333333333,63.0,67.75,67.75,69.33333333333333,67.75,15.702580358511794,26.25,4
Chinese Taipei,26,72.0,61.666666666666664,61.666666666666664,61.666666666666664,61.666666666666664,61.666666666666664,61.666666666666664,61.666666666666664,14.621986870259695,30.333333333333332,3
Tanzania,26,72.0,59.0,68.0,72.0,66.33333333333333,66.33333333333333,66.33333333333333,66.33333333333333,15.389321500009087,25.666666666666668,3
Sierra Leone,26,72.0,70.5,66.75,67.0,66.81818181818181,66.81818181818181,70.0,66.81818181818181,16.59897746017504,25.90909090909091,11
Bangladesh,26,72.0,72.0,72.0,72.0,72.0,72.0,72.0,72.0,14.731801689838349,27.0,1
Costa Rica,26,71.0,67.25,67.5,70.0,68.0909090909091,68.0909090909091,70.0,68.0909090909091,16.733281344102608,25.818181818181817,11
China PR,26,70.0,70.0,70.5,70.0,69.9090909090909,69.9090909090909,70.66666666666667,69.9090909090909,16.368075934107708,30.90909090909091,11
Guyana,26,71.0,64.5,63.75,58.0,63.142857142857146,63.142857142857146,66.66666666666667,63.142857142857146,15.511126350125648,24.857142857142858,7
Curacao,26,71.0,66.75,68.25,67.0,66.63636363636364,66.63636363636364,69.66666666666667,66.63636363636364,16.704492517204205,24.09090909090909,11
Guatemala,26,64.0,71.0,67.0,61.0,65.75,65.75,67.33333333333333,65.75,15.11023799953124,26.75,4
Lithuania,26,68.0,61.0,68.0,62.0,63.1,63.1,68.66666666666667,63.1,16.147168995578554,23.9,10
Bermuda,26,52.0,61.0,61.0,70.0,61.0,61.0,61.0,61.0,13.635188201437066,28.0,2
Azerbaijan,26,70.0,68.5,67.0,68.0,67.9090909090909,67.9090909090909,69.33333333333333,67.9090909090909,16.48793365050796,27.272727272727273,11
El Salvador,26,60.0,66.0,64.5,66.0,64.5,64.5,66.0,64.5,15.244625155788022,26.25,4
Palestine,26,69.0,66.5,65.66666666666667,69.0,66.5,66.5,68.66666666666667,66.5,15.65764639299599,26.0,4
Pakistan,26,69.0,69.0,69.0,69.0,69.0,69.0,69.0,69.0,14.77102238760702,22.0,1
Niger,26,69.0,69.0,69.0,69.0,69.0,69.0,69.0,69.0,14.557448378884015,23.0,1
Grenada,26,69.0,63.333333333333336,65.75,67.0,64.125,64.125,67.0,64.125,15.454507466814658,28.75,8
Uganda,26,69.0,66.75,64.0,62.0,64.85714285714286,64.85714285714286,67.33333333333333,64.85714285714286,15.59046307836746,26.0,7
India,26,67.0,67.0,66.0,67.0,66.45454545454545,66.45454545454545,67.66666666666667,66.45454545454545,15.810211007243431,29.545454545454547,11
Iraq,26,68.0,68.0,67.25,66.0,66.63636363636364,66.63636363636364,68.0,66.63636363636364,16.677711496036597,23.90909090909091,11
Vanuatu,26,68.0,68.0,68.0,68.0,68.0,68.0,68.0,68.0,13.623139877437296,31.0,1
Belarus,26,68.0,65.0,63.0,66.0,65.0,65.0,65.0,65.0,15.130577678252136,22.666666666666668,3
Andorra,26,67.0,67.0,67.0,67.0,67.0,67.0,67.0,67.0,13.997832948091215,23.0,1
Sri Lanka,26,67.0,67.0,67.0,67.0,67.0,67.0,67.0,67.0,14.077875591662238,25.0,1
Hong Kong,26,67.0,62.5,55.0,55.0,58.55555555555556,58.55555555555556,63.666666666666664,58.55555555555556,15.270631343386219,25.555555555555557,9
Namibia,26,67.0,67.0,67.0,67.0,67.0,67.0,67.0,67.0,13.790193775620484,27.0,1
Saint Lucia,26,66.0,63.5,66.0,64.33333333333333,64.33333333333333,64.33333333333333,64.33333333333333,64.33333333333333,14.70134249472477,24.666666666666668,3
Trinidad and Tobago,26,60.0,63.25,63.25,58.5,60.125,60.125,64.0,60.125,15.51020849800391,24.25,8
Cuba,26,66.0,65.5,65.0,65.5,65.5,65.5,65.5,65.5,14.360738188157574,26.5,2
Moldova,26,65.0,56.0,62.666666666666664,66.0,61.57142857142857,61.57142857142857,65.66666666666667,61.57142857142857,15.327335862038517,24.714285714285715,7
Montserrat,26,65.0,62.5,61.0,62.0,62.0,62.0,62.0,62.0,14.111905314512224,27.666666666666668,3
Antigua and Barbuda,26,65.0,65.0,60.0,56.0,60.25,60.25,61.666666666666664,60.25,14.31325155008416,26.0,4
Rwanda,26,64.0,63.5,63.5,63.5,63.5,63.5,63.5,63.5,14.375126917328105,22.5,2
Saint Kitts and Nevis,26,64.0,60.0,62.5,63.0,61.25,61.25,63.0,61.25,14.72175135802525,23.25,4
Faroe Islands,26,60.0,64.0,57.0,64.0,61.25,61.25,62.666666666666664,61.25,14.496079462646344,25.0,4
Lebanon,26,64.0,63.0,64.0,62.0,63.0,63.0,63.0,63.0,14.360738188157574,25.5,2
Barbados,26,63.0,63.0,63.0,63.0,63.0,63.0,63.0,63.0,13.910821646859095,23.0,1
Malawi,26,63.0,63.0,63.0,63.0,63.0,63.0,63.0,63.0,14.077875591662238,24.0,2
Somalia,26,63.0,63.0,63.0,63.0,63.0,63.0,63.0,63.0,13.122365377402328,27.0,1
Thailand,26,63.0,63.0,63.0,63.0,63.0,63.0,63.0,63.0,13.26212705890841,25.0,1
Tajikistan,26,62.0,62.0,62.0,62.0,62.0,62.0,62.0,62.0,13.76421831620775,20.0,1
New Caledonia,26,61.0,61.0,61.0,61.0,61.0,61.0,61.0,61.0,12.959846800844963,25.0,1
Puerto Rico,26,60.0,60.0,60.0,60.0,60.0,60.0,60.0,60.0,13.217675375388819,22.0,1
Afghanistan,26,60.0,60.0,60.0,60.0,60.0,60.0,60.0,60.0,12.429220196836383,27.0,1
Liechtenstein,26,58.0,58.0,58.0,58.0,58.0,58.0,58.0,58.0,13.017005083966255,19.0,1
Yemen,26,53.0,51.0,51.0,51.0,51.0,51.0,51.0,51.0,12.706850963741102,20.5,2
Gibraltar,26,52.0,52.0,52.0,52.0,52.0,52.0,52.0,52.0,12.154784614286667,19.0,1
